2026-07-08 16:58:55 - MayaTools.CNTManager3 - INFO - [CNTManager3] CNTManager3 initialized
2026-07-08 16:58:56 - MayaTools.CNTManager3 - INFO - [CNTManager3] UI Action: Add items to B list
2026-07-08 16:58:56 - MayaTools.CNTManager3 - INFO - [CNTManager3] Added 2 items to B list
2026-07-08 16:59:09 - MayaTools.CNTManager3 - INFO - [CNTManager3] UI Action: Add items to A list
2026-07-08 16:59:09 - MayaTools.CNTManager3 - INFO - [CNTManager3] Added 2 items to A list
2026-07-08 16:59:14 - MayaTools.CNTManager3 - INFO - [CNTManager3] Starting operation: Apply Constraints
2026-07-08 16:59:14 - MayaTools.CNTManager3 - INFO - [CNTManager3] Operation Apply Constraints completed
2026-07-08 16:59:17 - MayaTools.CNTManager3 - INFO - [CNTManager3] CNTManager3 cleanup completed
2026-07-08 17:07:04 - MayaTools.CNTManager3 - INFO - [CNTManager3] CNTManager3 initialized
2026-07-08 17:07:05 - MayaTools.CNTManager3 - INFO - [CNTManager3] UI Action: Add items to A list
2026-07-08 17:07:05 - MayaTools.CNTManager3 - INFO - [CNTManager3] Added 2596 items to A list
2026-07-08 17:07:28 - MayaTools.CNTManager3 - INFO - [CNTManager3] Starting operation: Batch Attr Set
2026-07-08 17:07:28 - MayaTools.CNTManager3 - INFO - [CNTManager3] Operation Batch Attr Set completed
2026-07-08 17:07:28 - MayaTools.CNTManager3 - INFO - [CNTManager3] 완료: 2596/2596 오브젝트 처리됨
2026-07-08 17:07:37 - MayaTools.CNTManager3 - INFO - [CNTManager3] CNTManager3 cleanup completed
2026-07-08 17:13:26 - MayaTools.CNTManager3 - INFO - [CNTManager3] CNTManager3 initialized
2026-07-08 17:13:26 - MayaTools.CNTManager3 - INFO - [CNTManager3] UI Action: Add items to A list
2026-07-08 17:13:26 - MayaTools.CNTManager3 - INFO - [CNTManager3] Added 9 items to A list
2026-07-08 17:13:42 - MayaTools.CNTManager3 - INFO - [CNTManager3] Starting operation: Batch Attr Set
2026-07-08 17:13:42 - MayaTools.CNTManager3 - INFO - [CNTManager3] Operation Batch Attr Set completed
2026-07-08 17:13:42 - MayaTools.CNTManager3 - INFO - [CNTManager3] 완료: 9/9 오브젝트 처리됨
2026-07-08 17:13:43 - MayaTools.CNTManager3 - INFO - [CNTManager3] CNTManager3 cleanup completed
2026-07-08 17:14:02 - MayaTools.CNTManager3 - INFO - [CNTManager3] CNTManager3 initialized
2026-07-08 17:14:03 - MayaTools.CNTManager3 - INFO - [CNTManager3] UI Action: Add items to A list
2026-07-08 17:14:03 - MayaTools.CNTManager3 - INFO - [CNTManager3] Added 3819 items to A list
2026-07-08 17:14:07 - MayaTools.CNTManager3 - INFO - [CNTManager3] Starting operation: Batch Attr Set
2026-07-08 17:14:07 - MayaTools.CNTManager3 - WARNING - [CNTManager3] 실패 - rig_ready:export:FACIAL_C_Hair1_parentConstraint1.drawStyle: setAttr: No object matches name: rig_ready:export:FACIAL_C_Hair1_parentConstraint1.drawStyle

2026-07-08 17:14:07 - MayaTools.CNTManager3 - WARNING - [CNTManager3] 실패 - rig_ready:export:FACIAL_C_Hair1_scaleConstraint1.drawStyle: setAttr: No object matches name: rig_ready:export:FACIAL_C_Hair1_scaleConstraint1.drawStyle

2026-07-08 17:14:07 - MayaTools.CNTManager3 - WARNING - [CNTManager3] 실패 - rig_ready:export:FACIAL_L_12IPV_Hair1_parentConstraint1.drawStyle: setAttr: No object matches name: rig_ready:export:FACIAL_L_12IPV_Hair1_parentConstraint1.drawStyle

2026-07-08 17:14:07 - MayaTools.CNTManager3 - WARNING - [CNTManager3] 실패 - rig_ready:export:FACIAL_L_12IPV_Hair1_scaleConstraint1.drawStyle: setAttr: No object matches name: rig_ready:export:FACIAL_L_12IPV_Hair1_scaleConstraint1.drawStyle

2026-07-08 17:14:07 - MayaTools.CNTManager3 - WARNING - [CNTManager3] 실패 - rig_ready:export:FACIAL_R_12IPV_Hair1_parentConstraint1.drawStyle: setAttr: No object matches name: rig_ready:export:FACIAL_R_12IPV_Hair1_parentConstraint1.drawStyle

2026-07-08 17:14:07 - MayaTools.CNTManager3 - WARNING - [CNTManager3] 실패 - rig_ready:export:FACIAL_R_12IPV_Hair1_scaleConstraint1.drawStyle: setAttr: No object matches name: rig_ready:export:FACIAL_R_12IPV_Hair1_scaleConstraint1.drawStyle

2026-07-08 17:14:07 - MayaTools.CNTManager3 - WARNING - [CNTManager3] 실패 - rig_ready:export:FACIAL_C_Hair2_parentConstraint1.drawStyle: setAttr: No object matches name: rig_ready:export:FACIAL_C_Hair2_parentConstraint1.drawStyle

2026-07-08 17:14:07 - MayaTools.CNTManager3 - WARNING - [CNTManager3] 실패 - rig_ready:export:FACIAL_C_Hair2_scaleConstraint1.drawStyle: setAttr: No object matches name: rig_ready:export:FACIAL_C_Hair2_scaleConstraint1.drawStyle

2026-07-08 17:14:07 - MayaTools.CNTManager3 - WARNING - [CNTManager3] 실패 - rig_ready:export:FACIAL_C_Hair3_parentConstraint1.drawStyle: setAttr: No object matches name: rig_ready:export:FACIAL_C_Hair3_parentConstraint1.drawStyle

2026-07-08 17:14:07 - MayaTools.CNTManager3 - WARNING - [CNTManager3] 실패 - rig_ready:export:FACIAL_C_Hair3_scaleConstraint1.drawStyle: setAttr: No object matches name: rig_ready:export:FACIAL_C_Hair3_scaleConstraint1.drawStyle

2026-07-08 17:14:07 - MayaTools.CNTManager3 - WARNING - [CNTManager3] 실패 - rig_ready:export:FACIAL_C_Hair4_parentConstraint1.drawStyle: setAttr: No object matches name: rig_ready:export:FACIAL_C_Hair4_parentConstraint1.drawStyle

2026-07-08 17:14:07 - MayaTools.CNTManager3 - WARNING - [CNTManager3] 실패 - rig_ready:export:FACIAL_C_Hair4_scaleConstraint1.drawStyle: setAttr: No object matches name: rig_ready:export:FACIAL_C_Hair4_scaleConstraint1.drawStyle

2026-07-08 17:14:07 - MayaTools.CNTManager3 - WARNING - [CNTManager3] 실패 - rig_ready:export:FACIAL_C_Hair5_parentConstraint1.drawStyle: setAttr: No object matches name: rig_ready:export:FACIAL_C_Hair5_parentConstraint1.drawStyle

2026-07-08 17:14:07 - MayaTools.CNTManager3 - WARNING - [CNTManager3] 실패 - rig_ready:export:FACIAL_C_Hair5_scaleConstraint1.drawStyle: setAttr: No object matches name: rig_ready:export:FACIAL_C_Hair5_scaleConstraint1.drawStyle

2026-07-08 17:14:07 - MayaTools.CNTManager3 - WARNING - [CNTManager3] 실패 - rig_ready:export:FACIAL_C_Hair6_parentConstraint1.drawStyle: setAttr: No object matches name: rig_ready:export:FACIAL_C_Hair6_parentConstraint1.drawStyle

2026-07-08 17:14:07 - MayaTools.CNTManager3 - WARNING - [CNTManager3] 실패 - rig_ready:export:FACIAL_C_Hair6_scaleConstraint1.drawStyle: setAttr: No object matches name: rig_ready:export:FACIAL_C_Hair6_scaleConstraint1.drawStyle

2026-07-08 17:14:07 - MayaTools.CNTManager3 - WARNING - [CNTManager3] 실패 - rig_ready:export:FACIAL_L_HairA1_parentConstraint1.drawStyle: setAttr: No object matches name: rig_ready:export:FACIAL_L_HairA1_parentConstraint1.drawStyle

2026-07-08 17:14:07 - MayaTools.CNTManager3 - WARNING - [CNTManager3] 실패 - rig_ready:export:FACIAL_L_HairA1_scaleConstraint1.drawStyle: setAttr: No object matches name: rig_ready:export:FACIAL_L_HairA1_scaleConstraint1.drawStyle

2026-07-08 17:14:07 - MayaTools.CNTManager3 - WARNING - [CNTManager3] 실패 - rig_ready:export:FACIAL_R_HairA1_parentConstraint1.drawStyle: setAttr: No object matches name: rig_ready:export:FACIAL_R_HairA1_parentConstraint1.drawStyle

2026-07-08 17:14:07 - MayaTools.CNTManager3 - WARNING - [CNTManager3] 실패 - rig_ready:export:FACIAL_R_HairA1_scaleConstraint1.drawStyle: setAttr: No object matches name: rig_ready:export:FACIAL_R_HairA1_scaleConstraint1.drawStyle

2026-07-08 17:14:07 - MayaTools.CNTManager3 - WARNING - [CNTManager3] 실패 - rig_ready:export:FACIAL_L_HairA2_parentConstraint1.drawStyle: setAttr: No object matches name: rig_ready:export:FACIAL_L_HairA2_parentConstraint1.drawStyle

2026-07-08 17:14:07 - MayaTools.CNTManager3 - WARNING - [CNTManager3] 실패 - rig_ready:export:FACIAL_L_HairA2_scaleConstraint1.drawStyle: setAttr: No object matches name: rig_ready:export:FACIAL_L_HairA2_scaleConstraint1.drawStyle

2026-07-08 17:14:07 - MayaTools.CNTManager3 - WARNING - [CNTManager3] 실패 - rig_ready:export:FACIAL_R_HairA2_parentConstraint1.drawStyle: setAttr: No object matches name: rig_ready:export:FACIAL_R_HairA2_parentConstraint1.drawStyle

2026-07-08 17:14:07 - MayaTools.CNTManager3 - WARNING - [CNTManager3] 실패 - rig_ready:export:FACIAL_R_HairA2_scaleConstraint1.drawStyle: setAttr: No object matches name: rig_ready:export:FACIAL_R_HairA2_scaleConstraint1.drawStyle

2026-07-08 17:14:07 - MayaTools.CNTManager3 - WARNING - [CNTManager3] 실패 - rig_ready:export:FACIAL_L_HairA3_parentConstraint1.drawStyle: setAttr: No object matches name: rig_ready:export:FACIAL_L_HairA3_parentConstraint1.drawStyle

2026-07-08 17:14:07 - MayaTools.CNTManager3 - WARNING - [CNTManager3] 실패 - rig_ready:export:FACIAL_L_HairA3_scaleConstraint1.drawStyle: setAttr: No object matches name: rig_ready:export:FACIAL_L_HairA3_scaleConstraint1.drawStyle

2026-07-08 17:14:07 - MayaTools.CNTManager3 - WARNING - [CNTManager3] 실패 - rig_ready:export:FACIAL_R_HairA3_parentConstraint1.drawStyle: setAttr: No object matches name: rig_ready:export:FACIAL_R_HairA3_parentConstraint1.drawStyle

2026-07-08 17:14:07 - MayaTools.CNTManager3 - WARNING - [CNTManager3] 실패 - rig_ready:export:FACIAL_R_HairA3_scaleConstraint1.drawStyle: setAttr: No object matches name: rig_ready:export:FACIAL_R_HairA3_scaleConstraint1.drawStyle

2026-07-08 17:14:07 - MayaTools.CNTManager3 - WARNING - [CNTManager3] 실패 - rig_ready:export:FACIAL_L_HairA4_parentConstraint1.drawStyle: setAttr: No object matches name: rig_ready:export:FACIAL_L_HairA4_parentConstraint1.drawStyle

2026-07-08 17:14:07 - MayaTools.CNTManager3 - WARNING - [CNTManager3] 실패 - rig_ready:export:FACIAL_L_HairA4_scaleConstraint1.drawStyle: setAttr: No object matches name: rig_ready:export:FACIAL_L_HairA4_scaleConstraint1.drawStyle

2026-07-08 17:14:07 - MayaTools.CNTManager3 - WARNING - [CNTManager3] 실패 - rig_ready:export:FACIAL_R_HairA4_parentConstraint1.drawStyle: setAttr: No object matches name: rig_ready:export:FACIAL_R_HairA4_parentConstraint1.drawStyle

2026-07-08 17:14:07 - MayaTools.CNTManager3 - WARNING - [CNTManager3] 실패 - rig_ready:export:FACIAL_R_HairA4_scaleConstraint1.drawStyle: setAttr: No object matches name: rig_ready:export:FACIAL_R_HairA4_scaleConstraint1.drawStyle

2026-07-08 17:14:07 - MayaTools.CNTManager3 - WARNING - [CNTManager3] 실패 - rig_ready:export:FACIAL_L_HairA5_parentConstraint1.drawStyle: setAttr: No object matches name: rig_ready:export:FACIAL_L_HairA5_parentConstraint1.drawStyle

2026-07-08 17:14:07 - MayaTools.CNTManager3 - WARNING - [CNTManager3] 실패 - rig_ready:export:FACIAL_L_HairA5_scaleConstraint1.drawStyle: setAttr: No object matches name: rig_ready:export:FACIAL_L_HairA5_scaleConstraint1.drawStyle

2026-07-08 17:14:07 - MayaTools.CNTManager3 - WARNING - [CNTManager3] 실패 - rig_ready:export:FACIAL_R_HairA5_parentConstraint1.drawStyle: setAttr: No object matches name: rig_ready:export:FACIAL_R_HairA5_parentConstraint1.drawStyle

2026-07-08 17:14:07 - MayaTools.CNTManager3 - WARNING - [CNTManager3] 실패 - rig_ready:export:FACIAL_R_HairA5_scaleConstraint1.drawStyle: setAttr: No object matches name: rig_ready:export:FACIAL_R_HairA5_scaleConstraint1.drawStyle

2026-07-08 17:14:07 - MayaTools.CNTManager3 - WARNING - [CNTManager3] 실패 - rig_ready:export:FACIAL_L_HairA6_parentConstraint1.drawStyle: setAttr: No object matches name: rig_ready:export:FACIAL_L_HairA6_parentConstraint1.drawStyle

2026-07-08 17:14:07 - MayaTools.CNTManager3 - WARNING - [CNTManager3] 실패 - rig_ready:export:FACIAL_L_HairA6_scaleConstraint1.drawStyle: setAttr: No object matches name: rig_ready:export:FACIAL_L_HairA6_scaleConstraint1.drawStyle

2026-07-08 17:14:07 - MayaTools.CNTManager3 - WARNING - [CNTManager3] 실패 - rig_ready:export:FACIAL_R_HairA6_parentConstraint1.drawStyle: setAttr: No object matches name: rig_ready:export:FACIAL_R_HairA6_parentConstraint1.drawStyle

2026-07-08 17:14:07 - MayaTools.CNTManager3 - WARNING - [CNTManager3] 실패 - rig_ready:export:FACIAL_R_HairA6_scaleConstraint1.drawStyle: setAttr: No object matches name: rig_ready:export:FACIAL_R_HairA6_scaleConstraint1.drawStyle

2026-07-08 17:14:07 - MayaTools.CNTManager3 - WARNING - [CNTManager3] 실패 - rig_ready:export:FACIAL_L_HairB1_parentConstraint1.drawStyle: setAttr: No object matches name: rig_ready:export:FACIAL_L_HairB1_parentConstraint1.drawStyle

2026-07-08 17:14:07 - MayaTools.CNTManager3 - WARNING - [CNTManager3] 실패 - rig_ready:export:FACIAL_L_HairB1_scaleConstraint1.drawStyle: setAttr: No object matches name: rig_ready:export:FACIAL_L_HairB1_scaleConstraint1.drawStyle

2026-07-08 17:14:07 - MayaTools.CNTManager3 - WARNING - [CNTManager3] 실패 - rig_ready:export:FACIAL_R_HairB1_parentConstraint1.drawStyle: setAttr: No object matches name: rig_ready:export:FACIAL_R_HairB1_parentConstraint1.drawStyle

2026-07-08 17:14:07 - MayaTools.CNTManager3 - WARNING - [CNTManager3] 실패 - rig_ready:export:FACIAL_R_HairB1_scaleConstraint1.drawStyle: setAttr: No object matches name: rig_ready:export:FACIAL_R_HairB1_scaleConstraint1.drawStyle

2026-07-08 17:14:07 - MayaTools.CNTManager3 - WARNING - [CNTManager3] 실패 - rig_ready:export:FACIAL_L_HairB2_parentConstraint1.drawStyle: setAttr: No object matches name: rig_ready:export:FACIAL_L_HairB2_parentConstraint1.drawStyle

2026-07-08 17:14:07 - MayaTools.CNTManager3 - WARNING - [CNTManager3] 실패 - rig_ready:export:FACIAL_L_HairB2_scaleConstraint1.drawStyle: setAttr: No object matches name: rig_ready:export:FACIAL_L_HairB2_scaleConstraint1.drawStyle

2026-07-08 17:14:07 - MayaTools.CNTManager3 - WARNING - [CNTManager3] 실패 - rig_ready:export:FACIAL_R_HairB2_parentConstraint1.drawStyle: setAttr: No object matches name: rig_ready:export:FACIAL_R_HairB2_parentConstraint1.drawStyle

2026-07-08 17:14:07 - MayaTools.CNTManager3 - WARNING - [CNTManager3] 실패 - rig_ready:export:FACIAL_R_HairB2_scaleConstraint1.drawStyle: setAttr: No object matches name: rig_ready:export:FACIAL_R_HairB2_scaleConstraint1.drawStyle

2026-07-08 17:14:07 - MayaTools.CNTManager3 - WARNING - [CNTManager3] 실패 - rig_ready:export:FACIAL_L_HairB3_parentConstraint1.drawStyle: setAttr: No object matches name: rig_ready:export:FACIAL_L_HairB3_parentConstraint1.drawStyle

2026-07-08 17:14:07 - MayaTools.CNTManager3 - WARNING - [CNTManager3] 실패 - rig_ready:export:FACIAL_L_HairB3_scaleConstraint1.drawStyle: setAttr: No object matches name: rig_ready:export:FACIAL_L_HairB3_scaleConstraint1.drawStyle

2026-07-08 17:14:07 - MayaTools.CNTManager3 - WARNING - [CNTManager3] 실패 - rig_ready:export:FACIAL_R_HairB3_parentConstraint1.drawStyle: setAttr: No object matches name: rig_ready:export:FACIAL_R_HairB3_parentConstraint1.drawStyle

2026-07-08 17:14:07 - MayaTools.CNTManager3 - WARNING - [CNTManager3] 실패 - rig_ready:export:FACIAL_R_HairB3_scaleConstraint1.drawStyle: setAttr: No object matches name: rig_ready:export:FACIAL_R_HairB3_scaleConstraint1.drawStyle

2026-07-08 17:14:07 - MayaTools.CNTManager3 - WARNING - [CNTManager3] 실패 - rig_ready:export:FACIAL_L_HairB4_parentConstraint1.drawStyle: setAttr: No object matches name: rig_ready:export:FACIAL_L_HairB4_parentConstraint1.drawStyle

2026-07-08 17:14:07 - MayaTools.CNTManager3 - WARNING - [CNTManager3] 실패 - rig_ready:export:FACIAL_L_HairB4_scaleConstraint1.drawStyle: setAttr: No object matches name: rig_ready:export:FACIAL_L_HairB4_scaleConstraint1.drawStyle

2026-07-08 17:14:07 - MayaTools.CNTManager3 - WARNING - [CNTManager3] 실패 - rig_ready:export:FACIAL_R_HairB4_parentConstraint1.drawStyle: setAttr: No object matches name: rig_ready:export:FACIAL_R_HairB4_parentConstraint1.drawStyle

2026-07-08 17:14:07 - MayaTools.CNTManager3 - WARNING - [CNTManager3] 실패 - rig_ready:export:FACIAL_R_HairB4_scaleConstraint1.drawStyle: setAttr: No object matches name: rig_ready:export:FACIAL_R_HairB4_scaleConstraint1.drawStyle

2026-07-08 17:14:07 - MayaTools.CNTManager3 - WARNING - [CNTManager3] 실패 - rig_ready:export:FACIAL_L_HairB5_parentConstraint1.drawStyle: setAttr: No object matches name: rig_ready:export:FACIAL_L_HairB5_parentConstraint1.drawStyle

2026-07-08 17:14:07 - MayaTools.CNTManager3 - WARNING - [CNTManager3] 실패 - rig_ready:export:FACIAL_L_HairB5_scaleConstraint1.drawStyle: setAttr: No object matches name: rig_ready:export:FACIAL_L_HairB5_scaleConstraint1.drawStyle

2026-07-08 17:14:07 - MayaTools.CNTManager3 - WARNING - [CNTManager3] 실패 - rig_ready:export:FACIAL_R_HairB5_parentConstraint1.drawStyle: setAttr: No object matches name: rig_ready:export:FACIAL_R_HairB5_parentConstraint1.drawStyle

2026-07-08 17:14:07 - MayaTools.CNTManager3 - WARNING - [CNTManager3] 실패 - rig_ready:export:FACIAL_R_HairB5_scaleConstraint1.drawStyle: setAttr: No object matches name: rig_ready:export:FACIAL_R_HairB5_scaleConstraint1.drawStyle

2026-07-08 17:14:07 - MayaTools.CNTManager3 - WARNING - [CNTManager3] 실패 - rig_ready:export:FACIAL_L_Temple_parentConstraint1.drawStyle: setAttr: No object matches name: rig_ready:export:FACIAL_L_Temple_parentConstraint1.drawStyle

2026-07-08 17:14:07 - MayaTools.CNTManager3 - WARNING - [CNTManager3] 실패 - rig_ready:export:FACIAL_L_Temple_scaleConstraint1.drawStyle: setAttr: No object matches name: rig_ready:export:FACIAL_L_Temple_scaleConstraint1.drawStyle

2026-07-08 17:14:07 - MayaTools.CNTManager3 - WARNING - [CNTManager3] 실패 - rig_ready:export:FACIAL_R_Temple_parentConstraint1.drawStyle: setAttr: No object matches name: rig_ready:export:FACIAL_R_Temple_parentConstraint1.drawStyle

2026-07-08 17:14:07 - MayaTools.CNTManager3 - WARNING - [CNTManager3] 실패 - rig_ready:export:FACIAL_R_Temple_scaleConstraint1.drawStyle: setAttr: No object matches name: rig_ready:export:FACIAL_R_Temple_scaleConstraint1.drawStyle

2026-07-08 17:14:07 - MayaTools.CNTManager3 - WARNING - [CNTManager3] 실패 - rig_ready:export:FACIAL_L_12IPV_Temple1_parentConstraint1.drawStyle: setAttr: No object matches name: rig_ready:export:FACIAL_L_12IPV_Temple1_parentConstraint1.drawStyle

2026-07-08 17:14:07 - MayaTools.CNTManager3 - WARNING - [CNTManager3] 실패 - rig_ready:export:FACIAL_L_12IPV_Temple1_scaleConstraint1.drawStyle: setAttr: No object matches name: rig_ready:export:FACIAL_L_12IPV_Temple1_scaleConstraint1.drawStyle

2026-07-08 17:14:07 - MayaTools.CNTManager3 - WARNING - [CNTManager3] 실패 - rig_ready:export:FACIAL_R_12IPV_Temple1_parentConstraint1.drawStyle: setAttr: No object matches name: rig_ready:export:FACIAL_R_12IPV_Temple1_parentConstraint1.drawStyle

2026-07-08 17:14:07 - MayaTools.CNTManager3 - WARNING - [CNTManager3] 실패 - rig_ready:export:FACIAL_R_12IPV_Temple1_scaleConstraint1.drawStyle: setAttr: No object matches name: rig_ready:export:FACIAL_R_12IPV_Temple1_scaleConstraint1.drawStyle

2026-07-08 17:14:07 - MayaTools.CNTManager3 - WARNING - [CNTManager3] 실패 - rig_ready:export:FACIAL_L_12IPV_Temple2_parentConstraint1.drawStyle: setAttr: No object matches name: rig_ready:export:FACIAL_L_12IPV_Temple2_parentConstraint1.drawStyle

2026-07-08 17:14:07 - MayaTools.CNTManager3 - WARNING - [CNTManager3] 실패 - rig_ready:export:FACIAL_L_12IPV_Temple2_scaleConstraint1.drawStyle: setAttr: No object matches name: rig_ready:export:FACIAL_L_12IPV_Temple2_scaleConstraint1.drawStyle

2026-07-08 17:14:07 - MayaTools.CNTManager3 - WARNING - [CNTManager3] 실패 - rig_ready:export:FACIAL_R_12IPV_Temple2_parentConstraint1.drawStyle: setAttr: No object matches name: rig_ready:export:FACIAL_R_12IPV_Temple2_parentConstraint1.drawStyle

2026-07-08 17:14:07 - MayaTools.CNTManager3 - WARNING - [CNTManager3] 실패 - rig_ready:export:FACIAL_R_12IPV_Temple2_scaleConstraint1.drawStyle: setAttr: No object matches name: rig_ready:export:FACIAL_R_12IPV_Temple2_scaleConstraint1.drawStyle

2026-07-08 17:14:07 - MayaTools.CNTManager3 - WARNING - [CNTManager3] 실패 - rig_ready:export:FACIAL_L_12IPV_Temple3_parentConstraint1.drawStyle: setAttr: No object matches name: rig_ready:export:FACIAL_L_12IPV_Temple3_parentConstraint1.drawStyle

2026-07-08 17:14:07 - MayaTools.CNTManager3 - WARNING - [CNTManager3] 실패 - rig_ready:export:FACIAL_L_12IPV_Temple3_scaleConstraint1.drawStyle: setAttr: No object matches name: rig_ready:export:FACIAL_L_12IPV_Temple3_scaleConstraint1.drawStyle

2026-07-08 17:14:07 - MayaTools.CNTManager3 - WARNING - [CNTManager3] 실패 - rig_ready:export:FACIAL_R_12IPV_Temple3_parentConstraint1.drawStyle: setAttr: No object matches name: rig_ready:export:FACIAL_R_12IPV_Temple3_parentConstraint1.drawStyle

2026-07-08 17:14:07 - MayaTools.CNTManager3 - WARNING - [CNTManager3] 실패 - rig_ready:export:FACIAL_R_12IPV_Temple3_scaleConstraint1.drawStyle: setAttr: No object matches name: rig_ready:export:FACIAL_R_12IPV_Temple3_scaleConstraint1.drawStyle

2026-07-08 17:14:07 - MayaTools.CNTManager3 - WARNING - [CNTManager3] 실패 - rig_ready:export:FACIAL_L_12IPV_Temple4_parentConstraint1.drawStyle: setAttr: No object matches name: rig_ready:export:FACIAL_L_12IPV_Temple4_parentConstraint1.drawStyle

2026-07-08 17:14:07 - MayaTools.CNTManager3 - WARNING - [CNTManager3] 실패 - rig_ready:export:FACIAL_L_12IPV_Temple4_scaleConstraint1.drawStyle: setAttr: No object matches name: rig_ready:export:FACIAL_L_12IPV_Temple4_scaleConstraint1.drawStyle

2026-07-08 17:14:07 - MayaTools.CNTManager3 - WARNING - [CNTManager3] 실패 - rig_ready:export:FACIAL_R_12IPV_Temple4_parentConstraint1.drawStyle: setAttr: No object matches name: rig_ready:export:FACIAL_R_12IPV_Temple4_parentConstraint1.drawStyle

2026-07-08 17:14:07 - MayaTools.CNTManager3 - WARNING - [CNTManager3] 실패 - rig_ready:export:FACIAL_R_12IPV_Temple4_scaleConstraint1.drawStyle: setAttr: No object matches name: rig_ready:export:FACIAL_R_12IPV_Temple4_scaleConstraint1.drawStyle

2026-07-08 17:14:07 - MayaTools.CNTManager3 - WARNING - [CNTManager3] 실패 - rig_ready:export:FACIAL_L_HairC1_parentConstraint1.drawStyle: setAttr: No object matches name: rig_ready:export:FACIAL_L_HairC1_parentConstraint1.drawStyle

2026-07-08 17:14:07 - MayaTools.CNTManager3 - WARNING - [CNTManager3] 실패 - rig_ready:export:FACIAL_L_HairC1_scaleConstraint1.drawStyle: setAttr: No object matches name: rig_ready:export:FACIAL_L_HairC1_scaleConstraint1.drawStyle

2026-07-08 17:14:07 - MayaTools.CNTManager3 - WARNING - [CNTManager3] 실패 - rig_ready:export:FACIAL_R_HairC1_parentConstraint1.drawStyle: setAttr: No object matches name: rig_ready:export:FACIAL_R_HairC1_parentConstraint1.drawStyle

2026-07-08 17:14:07 - MayaTools.CNTManager3 - WARNING - [CNTManager3] 실패 - rig_ready:export:FACIAL_R_HairC1_scaleConstraint1.drawStyle: setAttr: No object matches name: rig_ready:export:FACIAL_R_HairC1_scaleConstraint1.drawStyle

2026-07-08 17:14:07 - MayaTools.CNTManager3 - WARNING - [CNTManager3] 실패 - rig_ready:export:FACIAL_L_HairC2_parentConstraint1.drawStyle: setAttr: No object matches name: rig_ready:export:FACIAL_L_HairC2_parentConstraint1.drawStyle

2026-07-08 17:14:07 - MayaTools.CNTManager3 - WARNING - [CNTManager3] 실패 - rig_ready:export:FACIAL_L_HairC2_scaleConstraint1.drawStyle: setAttr: No object matches name: rig_ready:export:FACIAL_L_HairC2_scaleConstraint1.drawStyle

2026-07-08 17:14:07 - MayaTools.CNTManager3 - WARNING - [CNTManager3] 실패 - rig_ready:export:FACIAL_R_HairC2_parentConstraint1.drawStyle: setAttr: No object matches name: rig_ready:export:FACIAL_R_HairC2_parentConstraint1.drawStyle

2026-07-08 17:14:07 - MayaTools.CNTManager3 - WARNING - [CNTManager3] 실패 - rig_ready:export:FACIAL_R_HairC2_scaleConstraint1.drawStyle: setAttr: No object matches name: rig_ready:export:FACIAL_R_HairC2_scaleConstraint1.drawStyle

2026-07-08 17:14:07 - MayaTools.CNTManager3 - WARNING - [CNTManager3] 실패 - rig_ready:export:FACIAL_L_HairC3_parentConstraint1.drawStyle: setAttr: No object matches name: rig_ready:export:FACIAL_L_HairC3_parentConstraint1.drawStyle

2026-07-08 17:14:07 - MayaTools.CNTManager3 - WARNING - [CNTManager3] 실패 - rig_ready:export:FACIAL_L_HairC3_scaleConstraint1.drawStyle: setAttr: No object matches name: rig_ready:export:FACIAL_L_HairC3_scaleConstraint1.drawStyle

2026-07-08 17:14:07 - MayaTools.CNTManager3 - WARNING - [CNTManager3] 실패 - rig_ready:export:FACIAL_R_HairC3_parentConstraint1.drawStyle: setAttr: No object matches name: rig_ready:export:FACIAL_R_HairC3_parentConstraint1.drawStyle

2026-07-08 17:14:07 - MayaTools.CNTManager3 - WARNING - [CNTManager3] 실패 - rig_ready:export:FACIAL_R_HairC3_scaleConstraint1.drawStyle: setAttr: No object matches name: rig_ready:export:FACIAL_R_HairC3_scaleConstraint1.drawStyle

2026-07-08 17:14:07 - MayaTools.CNTManager3 - WARNING - [CNTManager3] 실패 - rig_ready:export:FACIAL_L_HairC4_parentConstraint1.drawStyle: setAttr: No object matches name: rig_ready:export:FACIAL_L_HairC4_parentConstraint1.drawStyle

2026-07-08 17:14:07 - MayaTools.CNTManager3 - WARNING - [CNTManager3] 실패 - rig_ready:export:FACIAL_L_HairC4_scaleConstraint1.drawStyle: setAttr: No object matches name: rig_ready:export:FACIAL_L_HairC4_scaleConstraint1.drawStyle

2026-07-08 17:14:07 - MayaTools.CNTManager3 - WARNING - [CNTManager3] 실패 - rig_ready:export:FACIAL_R_HairC4_parentConstraint1.drawStyle: setAttr: No object matches name: rig_ready:export:FACIAL_R_HairC4_parentConstraint1.drawStyle

2026-07-08 17:14:07 - MayaTools.CNTManager3 - WARNING - [CNTManager3] 실패 - rig_ready:export:FACIAL_R_HairC4_scaleConstraint1.drawStyle: setAttr: No object matches name: rig_ready:export:FACIAL_R_HairC4_scaleConstraint1.drawStyle

2026-07-08 17:14:07 - MayaTools.CNTManager3 - WARNING - [CNTManager3] 실패 - rig_ready:export:FACIAL_L_Sideburn1_parentConstraint1.drawStyle: setAttr: No object matches name: rig_ready:export:FACIAL_L_Sideburn1_parentConstraint1.drawStyle

2026-07-08 17:14:07 - MayaTools.CNTManager3 - WARNING - [CNTManager3] 실패 - rig_ready:export:FACIAL_L_Sideburn1_scaleConstraint1.drawStyle: setAttr: No object matches name: rig_ready:export:FACIAL_L_Sideburn1_scaleConstraint1.drawStyle

2026-07-08 17:14:07 - MayaTools.CNTManager3 - WARNING - [CNTManager3] 실패 - rig_ready:export:FACIAL_R_Sideburn1_parentConstraint1.drawStyle: setAttr: No object matches name: rig_ready:export:FACIAL_R_Sideburn1_parentConstraint1.drawStyle

2026-07-08 17:14:07 - MayaTools.CNTManager3 - WARNING - [CNTManager3] 실패 - rig_ready:export:FACIAL_R_Sideburn1_scaleConstraint1.drawStyle: setAttr: No object matches name: rig_ready:export:FACIAL_R_Sideburn1_scaleConstraint1.drawStyle

2026-07-08 17:14:07 - MayaTools.CNTManager3 - WARNING - [CNTManager3] 실패 - rig_ready:export:FACIAL_L_Sideburn2_parentConstraint1.drawStyle: setAttr: No object matches name: rig_ready:export:FACIAL_L_Sideburn2_parentConstraint1.drawStyle

2026-07-08 17:14:07 - MayaTools.CNTManager3 - WARNING - [CNTManager3] 실패 - rig_ready:export:FACIAL_L_Sideburn2_scaleConstraint1.drawStyle: setAttr: No object matches name: rig_ready:export:FACIAL_L_Sideburn2_scaleConstraint1.drawStyle

2026-07-08 17:14:07 - MayaTools.CNTManager3 - WARNING - [CNTManager3] 실패 - rig_ready:export:FACIAL_R_Sideburn2_parentConstraint1.drawStyle: setAttr: No object matches name: rig_ready:export:FACIAL_R_Sideburn2_parentConstraint1.drawStyle

2026-07-08 17:14:07 - MayaTools.CNTManager3 - WARNING - [CNTManager3] 실패 - rig_ready:export:FACIAL_R_Sideburn2_scaleConstraint1.drawStyle: setAttr: No object matches name: rig_ready:export:FACIAL_R_Sideburn2_scaleConstraint1.drawStyle

2026-07-08 17:14:07 - MayaTools.CNTManager3 - WARNING - [CNTManager3] 실패 - rig_ready:export:FACIAL_L_Sideburn3_parentConstraint1.drawStyle: setAttr: No object matches name: rig_ready:export:FACIAL_L_Sideburn3_parentConstraint1.drawStyle

2026-07-08 17:14:07 - MayaTools.CNTManager3 - WARNING - [CNTManager3] 실패 - rig_ready:export:FACIAL_L_Sideburn3_scaleConstraint1.drawStyle: setAttr: No object matches name: rig_ready:export:FACIAL_L_Sideburn3_scaleConstraint1.drawStyle

2026-07-08 17:14:07 - MayaTools.CNTManager3 - WARNING - [CNTManager3] 실패 - rig_ready:export:FACIAL_R_Sideburn3_parentConstraint1.drawStyle: setAttr: No object matches name: rig_ready:export:FACIAL_R_Sideburn3_parentConstraint1.drawStyle

2026-07-08 17:14:07 - MayaTools.CNTManager3 - WARNING - [CNTManager3] 실패 - rig_ready:export:FACIAL_R_Sideburn3_scaleConstraint1.drawStyle: setAttr: No object matches name: rig_ready:export:FACIAL_R_Sideburn3_scaleConstraint1.drawStyle

2026-07-08 17:14:07 - MayaTools.CNTManager3 - WARNING - [CNTManager3] 실패 - rig_ready:export:FACIAL_L_Sideburn4_parentConstraint1.drawStyle: setAttr: No object matches name: rig_ready:export:FACIAL_L_Sideburn4_parentConstraint1.drawStyle

2026-07-08 17:14:07 - MayaTools.CNTManager3 - WARNING - [CNTManager3] 실패 - rig_ready:export:FACIAL_L_Sideburn4_scaleConstraint1.drawStyle: setAttr: No object matches name: rig_ready:export:FACIAL_L_Sideburn4_scaleConstraint1.drawStyle

2026-07-08 17:14:07 - MayaTools.CNTManager3 - WARNING - [CNTManager3] 실패 - rig_ready:export:FACIAL_R_Sideburn4_parentConstraint1.drawStyle: setAttr: No object matches name: rig_ready:export:FACIAL_R_Sideburn4_parentConstraint1.drawStyle

2026-07-08 17:14:07 - MayaTools.CNTManager3 - WARNING - [CNTManager3] 실패 - rig_ready:export:FACIAL_R_Sideburn4_scaleConstraint1.drawStyle: setAttr: No object matches name: rig_ready:export:FACIAL_R_Sideburn4_scaleConstraint1.drawStyle

2026-07-08 17:14:07 - MayaTools.CNTManager3 - WARNING - [CNTManager3] 실패 - rig_ready:export:FACIAL_L_Sideburn5_parentConstraint1.drawStyle: setAttr: No object matches name: rig_ready:export:FACIAL_L_Sideburn5_parentConstraint1.drawStyle

2026-07-08 17:14:07 - MayaTools.CNTManager3 - WARNING - [CNTManager3] 실패 - rig_ready:export:FACIAL_L_Sideburn5_scaleConstraint1.drawStyle: setAttr: No object matches name: rig_ready:export:FACIAL_L_Sideburn5_scaleConstraint1.drawStyle

2026-07-08 17:14:07 - MayaTools.CNTManager3 - WARNING - [CNTManager3] 실패 - rig_ready:export:FACIAL_R_Sideburn5_parentConstraint1.drawStyle: setAttr: No object matches name: rig_ready:export:FACIAL_R_Sideburn5_parentConstraint1.drawStyle

2026-07-08 17:14:07 - MayaTools.CNTManager3 - WARNING - [CNTManager3] 실패 - rig_ready:export:FACIAL_R_Sideburn5_scaleConstraint1.drawStyle: setAttr: No object matches name: rig_ready:export:FACIAL_R_Sideburn5_scaleConstraint1.drawStyle

2026-07-08 17:14:07 - MayaTools.CNTManager3 - WARNING - [CNTManager3] 실패 - rig_ready:export:FACIAL_L_Sideburn6_parentConstraint1.drawStyle: setAttr: No object matches name: rig_ready:export:FACIAL_L_Sideburn6_parentConstraint1.drawStyle

2026-07-08 17:14:07 - MayaTools.CNTManager3 - WARNING - [CNTManager3] 실패 - rig_ready:export:FACIAL_L_Sideburn6_scaleConstraint1.drawStyle: setAttr: No object matches name: rig_ready:export:FACIAL_L_Sideburn6_scaleConstraint1.drawStyle

2026-07-08 17:14:07 - MayaTools.CNTManager3 - WARNING - [CNTManager3] 실패 - rig_ready:export:FACIAL_R_Sideburn6_parentConstraint1.drawStyle: setAttr: No object matches name: rig_ready:export:FACIAL_R_Sideburn6_parentConstraint1.drawStyle

2026-07-08 17:14:07 - MayaTools.CNTManager3 - WARNING - [CNTManager3] 실패 - rig_ready:export:FACIAL_R_Sideburn6_scaleConstraint1.drawStyle: setAttr: No object matches name: rig_ready:export:FACIAL_R_Sideburn6_scaleConstraint1.drawStyle

2026-07-08 17:14:07 - MayaTools.CNTManager3 - WARNING - [CNTManager3] 실패 - rig_ready:export:FACIAL_C_ForeheadSkin_parentConstraint1.drawStyle: setAttr: No object matches name: rig_ready:export:FACIAL_C_ForeheadSkin_parentConstraint1.drawStyle

2026-07-08 17:14:07 - MayaTools.CNTManager3 - WARNING - [CNTManager3] 실패 - rig_ready:export:FACIAL_C_ForeheadSkin_scaleConstraint1.drawStyle: setAttr: No object matches name: rig_ready:export:FACIAL_C_ForeheadSkin_scaleConstraint1.drawStyle

2026-07-08 17:14:07 - MayaTools.CNTManager3 - WARNING - [CNTManager3] 실패 - rig_ready:export:FACIAL_L_ForeheadInSkin_parentConstraint1.drawStyle: setAttr: No object matches name: rig_ready:export:FACIAL_L_ForeheadInSkin_parentConstraint1.drawStyle

2026-07-08 17:14:07 - MayaTools.CNTManager3 - WARNING - [CNTManager3] 실패 - rig_ready:export:FACIAL_L_ForeheadInSkin_scaleConstraint1.drawStyle: setAttr: No object matches name: rig_ready:export:FACIAL_L_ForeheadInSkin_scaleConstraint1.drawStyle

2026-07-08 17:14:07 - MayaTools.CNTManager3 - WARNING - [CNTManager3] 실패 - rig_ready:export:FACIAL_R_ForeheadInSkin_parentConstraint1.drawStyle: setAttr: No object matches name: rig_ready:export:FACIAL_R_ForeheadInSkin_parentConstraint1.drawStyle

2026-07-08 17:14:07 - MayaTools.CNTManager3 - WARNING - [CNTManager3] 실패 - rig_ready:export:FACIAL_R_ForeheadInSkin_scaleConstraint1.drawStyle: setAttr: No object matches name: rig_ready:export:FACIAL_R_ForeheadInSkin_scaleConstraint1.drawStyle

2026-07-08 17:14:07 - MayaTools.CNTManager3 - WARNING - [CNTManager3] 실패 - rig_ready:export:FACIAL_L_12IPV_ForeheadSkin1_parentConstraint1.drawStyle: setAttr: No object matches name: rig_ready:export:FACIAL_L_12IPV_ForeheadSkin1_parentConstraint1.drawStyle

2026-07-08 17:14:07 - MayaTools.CNTManager3 - WARNING - [CNTManager3] 실패 - rig_ready:export:FACIAL_L_12IPV_ForeheadSkin1_scaleConstraint1.drawStyle: setAttr: No object matches name: rig_ready:export:FACIAL_L_12IPV_ForeheadSkin1_scaleConstraint1.drawStyle

2026-07-08 17:14:07 - MayaTools.CNTManager3 - WARNING - [CNTManager3] 실패 - rig_ready:export:FACIAL_R_12IPV_ForeheadSkin1_parentConstraint1.drawStyle: setAttr: No object matches name: rig_ready:export:FACIAL_R_12IPV_ForeheadSkin1_parentConstraint1.drawStyle

2026-07-08 17:14:07 - MayaTools.CNTManager3 - WARNING - [CNTManager3] 실패 - rig_ready:export:FACIAL_R_12IPV_ForeheadSkin1_scaleConstraint1.drawStyle: setAttr: No object matches name: rig_ready:export:FACIAL_R_12IPV_ForeheadSkin1_scaleConstraint1.drawStyle

2026-07-08 17:14:07 - MayaTools.CNTManager3 - WARNING - [CNTManager3] 실패 - rig_ready:export:FACIAL_L_12IPV_ForeheadSkin2_parentConstraint1.drawStyle: setAttr: No object matches name: rig_ready:export:FACIAL_L_12IPV_ForeheadSkin2_parentConstraint1.drawStyle

2026-07-08 17:14:07 - MayaTools.CNTManager3 - WARNING - [CNTManager3] 실패 - rig_ready:export:FACIAL_L_12IPV_ForeheadSkin2_scaleConstraint1.drawStyle: setAttr: No object matches name: rig_ready:export:FACIAL_L_12IPV_ForeheadSkin2_scaleConstraint1.drawStyle

2026-07-08 17:14:07 - MayaTools.CNTManager3 - WARNING - [CNTManager3] 실패 - rig_ready:export:FACIAL_R_12IPV_ForeheadSkin2_parentConstraint1.drawStyle: setAttr: No object matches name: rig_ready:export:FACIAL_R_12IPV_ForeheadSkin2_parentConstraint1.drawStyle

2026-07-08 17:14:07 - MayaTools.CNTManager3 - WARNING - [CNTManager3] 실패 - rig_ready:export:FACIAL_R_12IPV_ForeheadSkin2_scaleConstraint1.drawStyle: setAttr: No object matches name: rig_ready:export:FACIAL_R_12IPV_ForeheadSkin2_scaleConstraint1.drawStyle

2026-07-08 17:14:07 - MayaTools.CNTManager3 - WARNING - [CNTManager3] 실패 - rig_ready:export:FACIAL_L_12IPV_ForeheadSkin3_parentConstraint1.drawStyle: setAttr: No object matches name: rig_ready:export:FACIAL_L_12IPV_ForeheadSkin3_parentConstraint1.drawStyle

2026-07-08 17:14:07 - MayaTools.CNTManager3 - WARNING - [CNTManager3] 실패 - rig_ready:export:FACIAL_L_12IPV_ForeheadSkin3_scaleConstraint1.drawStyle: setAttr: No object matches name: rig_ready:export:FACIAL_L_12IPV_ForeheadSkin3_scaleConstraint1.drawStyle

2026-07-08 17:14:07 - MayaTools.CNTManager3 - WARNING - [CNTManager3] 실패 - rig_ready:export:FACIAL_R_12IPV_ForeheadSkin3_parentConstraint1.drawStyle: setAttr: No object matches name: rig_ready:export:FACIAL_R_12IPV_ForeheadSkin3_parentConstraint1.drawStyle

2026-07-08 17:14:07 - MayaTools.CNTManager3 - WARNING - [CNTManager3] 실패 - rig_ready:export:FACIAL_R_12IPV_ForeheadSkin3_scaleConstraint1.drawStyle: setAttr: No object matches name: rig_ready:export:FACIAL_R_12IPV_ForeheadSkin3_scaleConstraint1.drawStyle

2026-07-08 17:14:07 - MayaTools.CNTManager3 - WARNING - [CNTManager3] 실패 - rig_ready:export:FACIAL_L_12IPV_ForeheadSkin4_parentConstraint1.drawStyle: setAttr: No object matches name: rig_ready:export:FACIAL_L_12IPV_ForeheadSkin4_parentConstraint1.drawStyle

2026-07-08 17:14:07 - MayaTools.CNTManager3 - WARNING - [CNTManager3] 실패 - rig_ready:export:FACIAL_L_12IPV_ForeheadSkin4_scaleConstraint1.drawStyle: setAttr: No object matches name: rig_ready:export:FACIAL_L_12IPV_ForeheadSkin4_scaleConstraint1.drawStyle

2026-07-08 17:14:07 - MayaTools.CNTManager3 - WARNING - [CNTManager3] 실패 - rig_ready:export:FACIAL_R_12IPV_ForeheadSkin4_parentConstraint1.drawStyle: setAttr: No object matches name: rig_ready:export:FACIAL_R_12IPV_ForeheadSkin4_parentConstraint1.drawStyle

2026-07-08 17:14:07 - MayaTools.CNTManager3 - WARNING - [CNTManager3] 실패 - rig_ready:export:FACIAL_R_12IPV_ForeheadSkin4_scaleConstraint1.drawStyle: setAttr: No object matches name: rig_ready:export:FACIAL_R_12IPV_ForeheadSkin4_scaleConstraint1.drawStyle

2026-07-08 17:14:07 - MayaTools.CNTManager3 - WARNING - [CNTManager3] 실패 - rig_ready:export:FACIAL_L_12IPV_ForeheadSkin5_parentConstraint1.drawStyle: setAttr: No object matches name: rig_ready:export:FACIAL_L_12IPV_ForeheadSkin5_parentConstraint1.drawStyle

2026-07-08 17:14:07 - MayaTools.CNTManager3 - WARNING - [CNTManager3] 실패 - rig_ready:export:FACIAL_L_12IPV_ForeheadSkin5_scaleConstraint1.drawStyle: setAttr: No object matches name: rig_ready:export:FACIAL_L_12IPV_ForeheadSkin5_scaleConstraint1.drawStyle

2026-07-08 17:14:07 - MayaTools.CNTManager3 - WARNING - [CNTManager3] 실패 - rig_ready:export:FACIAL_R_12IPV_ForeheadSkin5_parentConstraint1.drawStyle: setAttr: No object matches name: rig_ready:export:FACIAL_R_12IPV_ForeheadSkin5_parentConstraint1.drawStyle

2026-07-08 17:14:07 - MayaTools.CNTManager3 - WARNING - [CNTManager3] 실패 - rig_ready:export:FACIAL_R_12IPV_ForeheadSkin5_scaleConstraint1.drawStyle: setAttr: No object matches name: rig_ready:export:FACIAL_R_12IPV_ForeheadSkin5_scaleConstraint1.drawStyle

2026-07-08 17:14:07 - MayaTools.CNTManager3 - WARNING - [CNTManager3] 실패 - rig_ready:export:FACIAL_L_12IPV_ForeheadSkin6_parentConstraint1.drawStyle: setAttr: No object matches name: rig_ready:export:FACIAL_L_12IPV_ForeheadSkin6_parentConstraint1.drawStyle

2026-07-08 17:14:07 - MayaTools.CNTManager3 - WARNING - [CNTManager3] 실패 - rig_ready:export:FACIAL_L_12IPV_ForeheadSkin6_scaleConstraint1.drawStyle: setAttr: No object matches name: rig_ready:export:FACIAL_L_12IPV_ForeheadSkin6_scaleConstraint1.drawStyle

2026-07-08 17:14:07 - MayaTools.CNTManager3 - WARNING - [CNTManager3] 실패 - rig_ready:export:FACIAL_R_12IPV_ForeheadSkin6_parentConstraint1.drawStyle: setAttr: No object matches name: rig_ready:export:FACIAL_R_12IPV_ForeheadSkin6_parentConstraint1.drawStyle

2026-07-08 17:14:07 - MayaTools.CNTManager3 - WARNING - [CNTManager3] 실패 - rig_ready:export:FACIAL_R_12IPV_ForeheadSkin6_scaleConstraint1.drawStyle: setAttr: No object matches name: rig_ready:export:FACIAL_R_12IPV_ForeheadSkin6_scaleConstraint1.drawStyle

2026-07-08 17:14:07 - MayaTools.CNTManager3 - WARNING - [CNTManager3] 실패 - rig_ready:export:FACIAL_L_ForeheadMidSkin_parentConstraint1.drawStyle: setAttr: No object matches name: rig_ready:export:FACIAL_L_ForeheadMidSkin_parentConstraint1.drawStyle

2026-07-08 17:14:07 - MayaTools.CNTManager3 - WARNING - [CNTManager3] 실패 - rig_ready:export:FACIAL_L_ForeheadMidSkin_scaleConstraint1.drawStyle: setAttr: No object matches name: rig_ready:export:FACIAL_L_ForeheadMidSkin_scaleConstraint1.drawStyle

2026-07-08 17:14:07 - MayaTools.CNTManager3 - WARNING - [CNTManager3] 실패 - rig_ready:export:FACIAL_R_ForeheadMidSkin_parentConstraint1.drawStyle: setAttr: No object matches name: rig_ready:export:FACIAL_R_ForeheadMidSkin_parentConstraint1.drawStyle

2026-07-08 17:14:07 - MayaTools.CNTManager3 - WARNING - [CNTManager3] 실패 - rig_ready:export:FACIAL_R_ForeheadMidSkin_scaleConstraint1.drawStyle: setAttr: No object matches name: rig_ready:export:FACIAL_R_ForeheadMidSkin_scaleConstraint1.drawStyle

2026-07-08 17:14:07 - MayaTools.CNTManager3 - WARNING - [CNTManager3] 실패 - rig_ready:export:FACIAL_L_ForeheadOutSkin_parentConstraint1.drawStyle: setAttr: No object matches name: rig_ready:export:FACIAL_L_ForeheadOutSkin_parentConstraint1.drawStyle

2026-07-08 17:14:07 - MayaTools.CNTManager3 - WARNING - [CNTManager3] 실패 - rig_ready:export:FACIAL_L_ForeheadOutSkin_scaleConstraint1.drawStyle: setAttr: No object matches name: rig_ready:export:FACIAL_L_ForeheadOutSkin_scaleConstraint1.drawStyle

2026-07-08 17:14:07 - MayaTools.CNTManager3 - WARNING - [CNTManager3] 실패 - rig_ready:export:FACIAL_R_ForeheadOutSkin_parentConstraint1.drawStyle: setAttr: No object matches name: rig_ready:export:FACIAL_R_ForeheadOutSkin_parentConstraint1.drawStyle

2026-07-08 17:14:07 - MayaTools.CNTManager3 - WARNING - [CNTManager3] 실패 - rig_ready:export:FACIAL_R_ForeheadOutSkin_scaleConstraint1.drawStyle: setAttr: No object matches name: rig_ready:export:FACIAL_R_ForeheadOutSkin_scaleConstraint1.drawStyle

2026-07-08 17:14:07 - MayaTools.CNTManager3 - WARNING - [CNTManager3] 실패 - rig_ready:export:FACIAL_C_Skull_parentConstraint1.drawStyle: setAttr: No object matches name: rig_ready:export:FACIAL_C_Skull_parentConstraint1.drawStyle

2026-07-08 17:14:07 - MayaTools.CNTManager3 - WARNING - [CNTManager3] 실패 - rig_ready:export:FACIAL_C_Skull_scaleConstraint1.drawStyle: setAttr: No object matches name: rig_ready:export:FACIAL_C_Skull_scaleConstraint1.drawStyle

2026-07-08 17:14:07 - MayaTools.CNTManager3 - WARNING - [CNTManager3] 실패 - rig_ready:export:FACIAL_C_Forehead1_parentConstraint1.drawStyle: setAttr: No object matches name: rig_ready:export:FACIAL_C_Forehead1_parentConstraint1.drawStyle

2026-07-08 17:14:07 - MayaTools.CNTManager3 - WARNING - [CNTManager3] 실패 - rig_ready:export:FACIAL_C_Forehead1_scaleConstraint1.drawStyle: setAttr: No object matches name: rig_ready:export:FACIAL_C_Forehead1_scaleConstraint1.drawStyle

2026-07-08 17:14:07 - MayaTools.CNTManager3 - WARNING - [CNTManager3] 실패 - rig_ready:export:FACIAL_L_Forehead1_parentConstraint1.drawStyle: setAttr: No object matches name: rig_ready:export:FACIAL_L_Forehead1_parentConstraint1.drawStyle

2026-07-08 17:14:07 - MayaTools.CNTManager3 - WARNING - [CNTManager3] 실패 - rig_ready:export:FACIAL_L_Forehead1_scaleConstraint1.drawStyle: setAttr: No object matches name: rig_ready:export:FACIAL_L_Forehead1_scaleConstraint1.drawStyle

2026-07-08 17:14:07 - MayaTools.CNTManager3 - WARNING - [CNTManager3] 실패 - rig_ready:export:FACIAL_R_Forehead1_parentConstraint1.drawStyle: setAttr: No object matches name: rig_ready:export:FACIAL_R_Forehead1_parentConstraint1.drawStyle

2026-07-08 17:14:07 - MayaTools.CNTManager3 - WARNING - [CNTManager3] 실패 - rig_ready:export:FACIAL_R_Forehead1_scaleConstraint1.drawStyle: setAttr: No object matches name: rig_ready:export:FACIAL_R_Forehead1_scaleConstraint1.drawStyle

2026-07-08 17:14:07 - MayaTools.CNTManager3 - WARNING - [CNTManager3] 실패 - rig_ready:export:FACIAL_C_Forehead2_parentConstraint1.drawStyle: setAttr: No object matches name: rig_ready:export:FACIAL_C_Forehead2_parentConstraint1.drawStyle

2026-07-08 17:14:07 - MayaTools.CNTManager3 - WARNING - [CNTManager3] 실패 - rig_ready:export:FACIAL_C_Forehead2_scaleConstraint1.drawStyle: setAttr: No object matches name: rig_ready:export:FACIAL_C_Forehead2_scaleConstraint1.drawStyle

2026-07-08 17:14:07 - MayaTools.CNTManager3 - WARNING - [CNTManager3] 실패 - rig_ready:export:FACIAL_L_Forehead2_parentConstraint1.drawStyle: setAttr: No object matches name: rig_ready:export:FACIAL_L_Forehead2_parentConstraint1.drawStyle

2026-07-08 17:14:07 - MayaTools.CNTManager3 - WARNING - [CNTManager3] 실패 - rig_ready:export:FACIAL_L_Forehead2_scaleConstraint1.drawStyle: setAttr: No object matches name: rig_ready:export:FACIAL_L_Forehead2_scaleConstraint1.drawStyle

2026-07-08 17:14:07 - MayaTools.CNTManager3 - WARNING - [CNTManager3] 실패 - rig_ready:export:FACIAL_R_Forehead2_parentConstraint1.drawStyle: setAttr: No object matches name: rig_ready:export:FACIAL_R_Forehead2_parentConstraint1.drawStyle

2026-07-08 17:14:07 - MayaTools.CNTManager3 - WARNING - [CNTManager3] 실패 - rig_ready:export:FACIAL_R_Forehead2_scaleConstraint1.drawStyle: setAttr: No object matches name: rig_ready:export:FACIAL_R_Forehead2_scaleConstraint1.drawStyle

2026-07-08 17:14:07 - MayaTools.CNTManager3 - WARNING - [CNTManager3] 실패 - rig_ready:export:FACIAL_C_Forehead3_parentConstraint1.drawStyle: setAttr: No object matches name: rig_ready:export:FACIAL_C_Forehead3_parentConstraint1.drawStyle

2026-07-08 17:14:07 - MayaTools.CNTManager3 - WARNING - [CNTManager3] 실패 - rig_ready:export:FACIAL_C_Forehead3_scaleConstraint1.drawStyle: setAttr: No object matches name: rig_ready:export:FACIAL_C_Forehead3_scaleConstraint1.drawStyle

2026-07-08 17:14:07 - MayaTools.CNTManager3 - WARNING - [CNTManager3] 실패 - rig_ready:export:FACIAL_L_Forehead3_parentConstraint1.drawStyle: setAttr: No object matches name: rig_ready:export:FACIAL_L_Forehead3_parentConstraint1.drawStyle

2026-07-08 17:14:07 - MayaTools.CNTManager3 - WARNING - [CNTManager3] 실패 - rig_ready:export:FACIAL_L_Forehead3_scaleConstraint1.drawStyle: setAttr: No object matches name: rig_ready:export:FACIAL_L_Forehead3_scaleConstraint1.drawStyle

2026-07-08 17:14:07 - MayaTools.CNTManager3 - WARNING - [CNTManager3] 실패 - rig_ready:export:FACIAL_R_Forehead3_parentConstraint1.drawStyle: setAttr: No object matches name: rig_ready:export:FACIAL_R_Forehead3_parentConstraint1.drawStyle

2026-07-08 17:14:07 - MayaTools.CNTManager3 - WARNING - [CNTManager3] 실패 - rig_ready:export:FACIAL_R_Forehead3_scaleConstraint1.drawStyle: setAttr: No object matches name: rig_ready:export:FACIAL_R_Forehead3_scaleConstraint1.drawStyle

2026-07-08 17:14:07 - MayaTools.CNTManager3 - WARNING - [CNTManager3] 실패 - rig_ready:export:FACIAL_C_12IPV_Forehead1_parentConstraint1.drawStyle: setAttr: No object matches name: rig_ready:export:FACIAL_C_12IPV_Forehead1_parentConstraint1.drawStyle

2026-07-08 17:14:07 - MayaTools.CNTManager3 - WARNING - [CNTManager3] 실패 - rig_ready:export:FACIAL_C_12IPV_Forehead1_scaleConstraint1.drawStyle: setAttr: No object matches name: rig_ready:export:FACIAL_C_12IPV_Forehead1_scaleConstraint1.drawStyle

2026-07-08 17:14:07 - MayaTools.CNTManager3 - WARNING - [CNTManager3] 실패 - rig_ready:export:FACIAL_L_12IPV_Forehead1_parentConstraint1.drawStyle: setAttr: No object matches name: rig_ready:export:FACIAL_L_12IPV_Forehead1_parentConstraint1.drawStyle

2026-07-08 17:14:07 - MayaTools.CNTManager3 - WARNING - [CNTManager3] 실패 - rig_ready:export:FACIAL_L_12IPV_Forehead1_scaleConstraint1.drawStyle: setAttr: No object matches name: rig_ready:export:FACIAL_L_12IPV_Forehead1_scaleConstraint1.drawStyle

2026-07-08 17:14:07 - MayaTools.CNTManager3 - WARNING - [CNTManager3] 실패 - rig_ready:export:FACIAL_R_12IPV_Forehead1_parentConstraint1.drawStyle: setAttr: No object matches name: rig_ready:export:FACIAL_R_12IPV_Forehead1_parentConstraint1.drawStyle

2026-07-08 17:14:07 - MayaTools.CNTManager3 - WARNING - [CNTManager3] 실패 - rig_ready:export:FACIAL_R_12IPV_Forehead1_scaleConstraint1.drawStyle: setAttr: No object matches name: rig_ready:export:FACIAL_R_12IPV_Forehead1_scaleConstraint1.drawStyle

2026-07-08 17:14:07 - MayaTools.CNTManager3 - WARNING - [CNTManager3] 실패 - rig_ready:export:FACIAL_C_12IPV_Forehead2_parentConstraint1.drawStyle: setAttr: No object matches name: rig_ready:export:FACIAL_C_12IPV_Forehead2_parentConstraint1.drawStyle

2026-07-08 17:14:07 - MayaTools.CNTManager3 - WARNING - [CNTManager3] 실패 - rig_ready:export:FACIAL_C_12IPV_Forehead2_scaleConstraint1.drawStyle: setAttr: No object matches name: rig_ready:export:FACIAL_C_12IPV_Forehead2_scaleConstraint1.drawStyle

2026-07-08 17:14:07 - MayaTools.CNTManager3 - WARNING - [CNTManager3] 실패 - rig_ready:export:FACIAL_L_12IPV_Forehead2_parentConstraint1.drawStyle: setAttr: No object matches name: rig_ready:export:FACIAL_L_12IPV_Forehead2_parentConstraint1.drawStyle

2026-07-08 17:14:07 - MayaTools.CNTManager3 - WARNING - [CNTManager3] 실패 - rig_ready:export:FACIAL_L_12IPV_Forehead2_scaleConstraint1.drawStyle: setAttr: No object matches name: rig_ready:export:FACIAL_L_12IPV_Forehead2_scaleConstraint1.drawStyle

2026-07-08 17:14:07 - MayaTools.CNTManager3 - WARNING - [CNTManager3] 실패 - rig_ready:export:FACIAL_R_12IPV_Forehead2_parentConstraint1.drawStyle: setAttr: No object matches name: rig_ready:export:FACIAL_R_12IPV_Forehead2_parentConstraint1.drawStyle

2026-07-08 17:14:07 - MayaTools.CNTManager3 - WARNING - [CNTManager3] 실패 - rig_ready:export:FACIAL_R_12IPV_Forehead2_scaleConstraint1.drawStyle: setAttr: No object matches name: rig_ready:export:FACIAL_R_12IPV_Forehead2_scaleConstraint1.drawStyle

2026-07-08 17:14:07 - MayaTools.CNTManager3 - WARNING - [CNTManager3] 실패 - rig_ready:export:FACIAL_C_12IPV_Forehead3_parentConstraint1.drawStyle: setAttr: No object matches name: rig_ready:export:FACIAL_C_12IPV_Forehead3_parentConstraint1.drawStyle

2026-07-08 17:14:07 - MayaTools.CNTManager3 - WARNING - [CNTManager3] 실패 - rig_ready:export:FACIAL_C_12IPV_Forehead3_scaleConstraint1.drawStyle: setAttr: No object matches name: rig_ready:export:FACIAL_C_12IPV_Forehead3_scaleConstraint1.drawStyle

2026-07-08 17:14:07 - MayaTools.CNTManager3 - WARNING - [CNTManager3] 실패 - rig_ready:export:FACIAL_L_12IPV_Forehead3_parentConstraint1.drawStyle: setAttr: No object matches name: rig_ready:export:FACIAL_L_12IPV_Forehead3_parentConstraint1.drawStyle

2026-07-08 17:14:07 - MayaTools.CNTManager3 - WARNING - [CNTManager3] 실패 - rig_ready:export:FACIAL_L_12IPV_Forehead3_scaleConstraint1.drawStyle: setAttr: No object matches name: rig_ready:export:FACIAL_L_12IPV_Forehead3_scaleConstraint1.drawStyle

2026-07-08 17:14:07 - MayaTools.CNTManager3 - WARNING - [CNTManager3] 실패 - rig_ready:export:FACIAL_R_12IPV_Forehead3_parentConstraint1.drawStyle: setAttr: No object matches name: rig_ready:export:FACIAL_R_12IPV_Forehead3_parentConstraint1.drawStyle

2026-07-08 17:14:07 - MayaTools.CNTManager3 - WARNING - [CNTManager3] 실패 - rig_ready:export:FACIAL_R_12IPV_Forehead3_scaleConstraint1.drawStyle: setAttr: No object matches name: rig_ready:export:FACIAL_R_12IPV_Forehead3_scaleConstraint1.drawStyle

2026-07-08 17:14:07 - MayaTools.CNTManager3 - WARNING - [CNTManager3] 실패 - rig_ready:export:FACIAL_C_12IPV_Forehead4_parentConstraint1.drawStyle: setAttr: No object matches name: rig_ready:export:FACIAL_C_12IPV_Forehead4_parentConstraint1.drawStyle

2026-07-08 17:14:07 - MayaTools.CNTManager3 - WARNING - [CNTManager3] 실패 - rig_ready:export:FACIAL_C_12IPV_Forehead4_scaleConstraint1.drawStyle: setAttr: No object matches name: rig_ready:export:FACIAL_C_12IPV_Forehead4_scaleConstraint1.drawStyle

2026-07-08 17:14:07 - MayaTools.CNTManager3 - WARNING - [CNTManager3] 실패 - rig_ready:export:FACIAL_L_12IPV_Forehead4_parentConstraint1.drawStyle: setAttr: No object matches name: rig_ready:export:FACIAL_L_12IPV_Forehead4_parentConstraint1.drawStyle

2026-07-08 17:14:07 - MayaTools.CNTManager3 - WARNING - [CNTManager3] 실패 - rig_ready:export:FACIAL_L_12IPV_Forehead4_scaleConstraint1.drawStyle: setAttr: No object matches name: rig_ready:export:FACIAL_L_12IPV_Forehead4_scaleConstraint1.drawStyle

2026-07-08 17:14:07 - MayaTools.CNTManager3 - WARNING - [CNTManager3] 실패 - rig_ready:export:FACIAL_R_12IPV_Forehead4_parentConstraint1.drawStyle: setAttr: No object matches name: rig_ready:export:FACIAL_R_12IPV_Forehead4_parentConstraint1.drawStyle

2026-07-08 17:14:07 - MayaTools.CNTManager3 - WARNING - [CNTManager3] 실패 - rig_ready:export:FACIAL_R_12IPV_Forehead4_scaleConstraint1.drawStyle: setAttr: No object matches name: rig_ready:export:FACIAL_R_12IPV_Forehead4_scaleConstraint1.drawStyle

2026-07-08 17:14:07 - MayaTools.CNTManager3 - WARNING - [CNTManager3] 실패 - rig_ready:export:FACIAL_C_12IPV_Forehead5_parentConstraint1.drawStyle: setAttr: No object matches name: rig_ready:export:FACIAL_C_12IPV_Forehead5_parentConstraint1.drawStyle

2026-07-08 17:14:07 - MayaTools.CNTManager3 - WARNING - [CNTManager3] 실패 - rig_ready:export:FACIAL_C_12IPV_Forehead5_scaleConstraint1.drawStyle: setAttr: No object matches name: rig_ready:export:FACIAL_C_12IPV_Forehead5_scaleConstraint1.drawStyle

2026-07-08 17:14:07 - MayaTools.CNTManager3 - WARNING - [CNTManager3] 실패 - rig_ready:export:FACIAL_L_12IPV_Forehead5_parentConstraint1.drawStyle: setAttr: No object matches name: rig_ready:export:FACIAL_L_12IPV_Forehead5_parentConstraint1.drawStyle

2026-07-08 17:14:07 - MayaTools.CNTManager3 - WARNING - [CNTManager3] 실패 - rig_ready:export:FACIAL_L_12IPV_Forehead5_scaleConstraint1.drawStyle: setAttr: No object matches name: rig_ready:export:FACIAL_L_12IPV_Forehead5_scaleConstraint1.drawStyle

2026-07-08 17:14:07 - MayaTools.CNTManager3 - WARNING - [CNTManager3] 실패 - rig_ready:export:FACIAL_R_12IPV_Forehead5_parentConstraint1.drawStyle: setAttr: No object matches name: rig_ready:export:FACIAL_R_12IPV_Forehead5_parentConstraint1.drawStyle

2026-07-08 17:14:07 - MayaTools.CNTManager3 - WARNING - [CNTManager3] 실패 - rig_ready:export:FACIAL_R_12IPV_Forehead5_scaleConstraint1.drawStyle: setAttr: No object matches name: rig_ready:export:FACIAL_R_12IPV_Forehead5_scaleConstraint1.drawStyle

2026-07-08 17:14:07 - MayaTools.CNTManager3 - WARNING - [CNTManager3] 실패 - rig_ready:export:FACIAL_C_12IPV_Forehead6_parentConstraint1.drawStyle: setAttr: No object matches name: rig_ready:export:FACIAL_C_12IPV_Forehead6_parentConstraint1.drawStyle

2026-07-08 17:14:07 - MayaTools.CNTManager3 - WARNING - [CNTManager3] 실패 - rig_ready:export:FACIAL_C_12IPV_Forehead6_scaleConstraint1.drawStyle: setAttr: No object matches name: rig_ready:export:FACIAL_C_12IPV_Forehead6_scaleConstraint1.drawStyle

2026-07-08 17:14:07 - MayaTools.CNTManager3 - WARNING - [CNTManager3] 실패 - rig_ready:export:FACIAL_L_12IPV_Forehead6_parentConstraint1.drawStyle: setAttr: No object matches name: rig_ready:export:FACIAL_L_12IPV_Forehead6_parentConstraint1.drawStyle

2026-07-08 17:14:07 - MayaTools.CNTManager3 - WARNING - [CNTManager3] 실패 - rig_ready:export:FACIAL_L_12IPV_Forehead6_scaleConstraint1.drawStyle: setAttr: No object matches name: rig_ready:export:FACIAL_L_12IPV_Forehead6_scaleConstraint1.drawStyle

2026-07-08 17:14:07 - MayaTools.CNTManager3 - WARNING - [CNTManager3] 실패 - rig_ready:export:FACIAL_R_12IPV_Forehead6_parentConstraint1.drawStyle: setAttr: No object matches name: rig_ready:export:FACIAL_R_12IPV_Forehead6_parentConstraint1.drawStyle

2026-07-08 17:14:07 - MayaTools.CNTManager3 - WARNING - [CNTManager3] 실패 - rig_ready:export:FACIAL_R_12IPV_Forehead6_scaleConstraint1.drawStyle: setAttr: No object matches name: rig_ready:export:FACIAL_R_12IPV_Forehead6_scaleConstraint1.drawStyle

2026-07-08 17:14:07 - MayaTools.CNTManager3 - WARNING - [CNTManager3] 실패 - rig_ready:export:FACIAL_C_Forehead_parentConstraint1.drawStyle: setAttr: No object matches name: rig_ready:export:FACIAL_C_Forehead_parentConstraint1.drawStyle

2026-07-08 17:14:07 - MayaTools.CNTManager3 - WARNING - [CNTManager3] 실패 - rig_ready:export:FACIAL_C_Forehead_scaleConstraint1.drawStyle: setAttr: No object matches name: rig_ready:export:FACIAL_C_Forehead_scaleConstraint1.drawStyle

2026-07-08 17:14:07 - MayaTools.CNTManager3 - WARNING - [CNTManager3] 실패 - rig_ready:export:FACIAL_L_ForeheadInA1_parentConstraint1.drawStyle: setAttr: No object matches name: rig_ready:export:FACIAL_L_ForeheadInA1_parentConstraint1.drawStyle

2026-07-08 17:14:07 - MayaTools.CNTManager3 - WARNING - [CNTManager3] 실패 - rig_ready:export:FACIAL_L_ForeheadInA1_scaleConstraint1.drawStyle: setAttr: No object matches name: rig_ready:export:FACIAL_L_ForeheadInA1_scaleConstraint1.drawStyle

2026-07-08 17:14:07 - MayaTools.CNTManager3 - WARNING - [CNTManager3] 실패 - rig_ready:export:FACIAL_L_ForeheadInA2_parentConstraint1.drawStyle: setAttr: No object matches name: rig_ready:export:FACIAL_L_ForeheadInA2_parentConstraint1.drawStyle

2026-07-08 17:14:07 - MayaTools.CNTManager3 - WARNING - [CNTManager3] 실패 - rig_ready:export:FACIAL_L_ForeheadInA2_scaleConstraint1.drawStyle: setAttr: No object matches name: rig_ready:export:FACIAL_L_ForeheadInA2_scaleConstraint1.drawStyle

2026-07-08 17:14:07 - MayaTools.CNTManager3 - WARNING - [CNTManager3] 실패 - rig_ready:export:FACIAL_L_ForeheadInA3_parentConstraint1.drawStyle: setAttr: No object matches name: rig_ready:export:FACIAL_L_ForeheadInA3_parentConstraint1.drawStyle

2026-07-08 17:14:07 - MayaTools.CNTManager3 - WARNING - [CNTManager3] 실패 - rig_ready:export:FACIAL_L_ForeheadInA3_scaleConstraint1.drawStyle: setAttr: No object matches name: rig_ready:export:FACIAL_L_ForeheadInA3_scaleConstraint1.drawStyle

2026-07-08 17:14:07 - MayaTools.CNTManager3 - WARNING - [CNTManager3] 실패 - rig_ready:export:FACIAL_L_ForeheadInB1_parentConstraint1.drawStyle: setAttr: No object matches name: rig_ready:export:FACIAL_L_ForeheadInB1_parentConstraint1.drawStyle

2026-07-08 17:14:07 - MayaTools.CNTManager3 - WARNING - [CNTManager3] 실패 - rig_ready:export:FACIAL_L_ForeheadInB1_scaleConstraint1.drawStyle: setAttr: No object matches name: rig_ready:export:FACIAL_L_ForeheadInB1_scaleConstraint1.drawStyle

2026-07-08 17:14:07 - MayaTools.CNTManager3 - WARNING - [CNTManager3] 실패 - rig_ready:export:FACIAL_L_ForeheadInB2_parentConstraint1.drawStyle: setAttr: No object matches name: rig_ready:export:FACIAL_L_ForeheadInB2_parentConstraint1.drawStyle

2026-07-08 17:14:07 - MayaTools.CNTManager3 - WARNING - [CNTManager3] 실패 - rig_ready:export:FACIAL_L_ForeheadInB2_scaleConstraint1.drawStyle: setAttr: No object matches name: rig_ready:export:FACIAL_L_ForeheadInB2_scaleConstraint1.drawStyle

2026-07-08 17:14:07 - MayaTools.CNTManager3 - WARNING - [CNTManager3] 실패 - rig_ready:export:FACIAL_L_12IPV_ForeheadIn1_parentConstraint1.drawStyle: setAttr: No object matches name: rig_ready:export:FACIAL_L_12IPV_ForeheadIn1_parentConstraint1.drawStyle

2026-07-08 17:14:07 - MayaTools.CNTManager3 - WARNING - [CNTManager3] 실패 - rig_ready:export:FACIAL_L_12IPV_ForeheadIn1_scaleConstraint1.drawStyle: setAttr: No object matches name: rig_ready:export:FACIAL_L_12IPV_ForeheadIn1_scaleConstraint1.drawStyle

2026-07-08 17:14:07 - MayaTools.CNTManager3 - WARNING - [CNTManager3] 실패 - rig_ready:export:FACIAL_L_12IPV_ForeheadIn2_parentConstraint1.drawStyle: setAttr: No object matches name: rig_ready:export:FACIAL_L_12IPV_ForeheadIn2_parentConstraint1.drawStyle

2026-07-08 17:14:07 - MayaTools.CNTManager3 - WARNING - [CNTManager3] 실패 - rig_ready:export:FACIAL_L_12IPV_ForeheadIn2_scaleConstraint1.drawStyle: setAttr: No object matches name: rig_ready:export:FACIAL_L_12IPV_ForeheadIn2_scaleConstraint1.drawStyle

2026-07-08 17:14:07 - MayaTools.CNTManager3 - WARNING - [CNTManager3] 실패 - rig_ready:export:FACIAL_L_12IPV_ForeheadIn3_parentConstraint1.drawStyle: setAttr: No object matches name: rig_ready:export:FACIAL_L_12IPV_ForeheadIn3_parentConstraint1.drawStyle

2026-07-08 17:14:07 - MayaTools.CNTManager3 - WARNING - [CNTManager3] 실패 - rig_ready:export:FACIAL_L_12IPV_ForeheadIn3_scaleConstraint1.drawStyle: setAttr: No object matches name: rig_ready:export:FACIAL_L_12IPV_ForeheadIn3_scaleConstraint1.drawStyle

2026-07-08 17:14:07 - MayaTools.CNTManager3 - WARNING - [CNTManager3] 실패 - rig_ready:export:FACIAL_L_12IPV_ForeheadIn4_parentConstraint1.drawStyle: setAttr: No object matches name: rig_ready:export:FACIAL_L_12IPV_ForeheadIn4_parentConstraint1.drawStyle

2026-07-08 17:14:07 - MayaTools.CNTManager3 - WARNING - [CNTManager3] 실패 - rig_ready:export:FACIAL_L_12IPV_ForeheadIn4_scaleConstraint1.drawStyle: setAttr: No object matches name: rig_ready:export:FACIAL_L_12IPV_ForeheadIn4_scaleConstraint1.drawStyle

2026-07-08 17:14:07 - MayaTools.CNTManager3 - WARNING - [CNTManager3] 실패 - rig_ready:export:FACIAL_L_12IPV_ForeheadIn5_parentConstraint1.drawStyle: setAttr: No object matches name: rig_ready:export:FACIAL_L_12IPV_ForeheadIn5_parentConstraint1.drawStyle

2026-07-08 17:14:07 - MayaTools.CNTManager3 - WARNING - [CNTManager3] 실패 - rig_ready:export:FACIAL_L_12IPV_ForeheadIn5_scaleConstraint1.drawStyle: setAttr: No object matches name: rig_ready:export:FACIAL_L_12IPV_ForeheadIn5_scaleConstraint1.drawStyle

2026-07-08 17:14:07 - MayaTools.CNTManager3 - WARNING - [CNTManager3] 실패 - rig_ready:export:FACIAL_L_12IPV_ForeheadIn6_parentConstraint1.drawStyle: setAttr: No object matches name: rig_ready:export:FACIAL_L_12IPV_ForeheadIn6_parentConstraint1.drawStyle

2026-07-08 17:14:07 - MayaTools.CNTManager3 - WARNING - [CNTManager3] 실패 - rig_ready:export:FACIAL_L_12IPV_ForeheadIn6_scaleConstraint1.drawStyle: setAttr: No object matches name: rig_ready:export:FACIAL_L_12IPV_ForeheadIn6_scaleConstraint1.drawStyle

2026-07-08 17:14:07 - MayaTools.CNTManager3 - WARNING - [CNTManager3] 실패 - rig_ready:export:FACIAL_L_12IPV_ForeheadIn7_parentConstraint1.drawStyle: setAttr: No object matches name: rig_ready:export:FACIAL_L_12IPV_ForeheadIn7_parentConstraint1.drawStyle

2026-07-08 17:14:07 - MayaTools.CNTManager3 - WARNING - [CNTManager3] 실패 - rig_ready:export:FACIAL_L_12IPV_ForeheadIn7_scaleConstraint1.drawStyle: setAttr: No object matches name: rig_ready:export:FACIAL_L_12IPV_ForeheadIn7_scaleConstraint1.drawStyle

2026-07-08 17:14:07 - MayaTools.CNTManager3 - WARNING - [CNTManager3] 실패 - rig_ready:export:FACIAL_L_12IPV_ForeheadIn8_parentConstraint1.drawStyle: setAttr: No object matches name: rig_ready:export:FACIAL_L_12IPV_ForeheadIn8_parentConstraint1.drawStyle

2026-07-08 17:14:07 - MayaTools.CNTManager3 - WARNING - [CNTManager3] 실패 - rig_ready:export:FACIAL_L_12IPV_ForeheadIn8_scaleConstraint1.drawStyle: setAttr: No object matches name: rig_ready:export:FACIAL_L_12IPV_ForeheadIn8_scaleConstraint1.drawStyle

2026-07-08 17:14:07 - MayaTools.CNTManager3 - WARNING - [CNTManager3] 실패 - rig_ready:export:FACIAL_L_12IPV_ForeheadIn9_parentConstraint1.drawStyle: setAttr: No object matches name: rig_ready:export:FACIAL_L_12IPV_ForeheadIn9_parentConstraint1.drawStyle

2026-07-08 17:14:07 - MayaTools.CNTManager3 - WARNING - [CNTManager3] 실패 - rig_ready:export:FACIAL_L_12IPV_ForeheadIn9_scaleConstraint1.drawStyle: setAttr: No object matches name: rig_ready:export:FACIAL_L_12IPV_ForeheadIn9_scaleConstraint1.drawStyle

2026-07-08 17:14:07 - MayaTools.CNTManager3 - WARNING - [CNTManager3] 실패 - rig_ready:export:FACIAL_L_12IPV_ForeheadIn10_parentConstraint1.drawStyle: setAttr: No object matches name: rig_ready:export:FACIAL_L_12IPV_ForeheadIn10_parentConstraint1.drawStyle

2026-07-08 17:14:07 - MayaTools.CNTManager3 - WARNING - [CNTManager3] 실패 - rig_ready:export:FACIAL_L_12IPV_ForeheadIn10_scaleConstraint1.drawStyle: setAttr: No object matches name: rig_ready:export:FACIAL_L_12IPV_ForeheadIn10_scaleConstraint1.drawStyle

2026-07-08 17:14:07 - MayaTools.CNTManager3 - WARNING - [CNTManager3] 실패 - rig_ready:export:FACIAL_L_12IPV_ForeheadIn11_parentConstraint1.drawStyle: setAttr: No object matches name: rig_ready:export:FACIAL_L_12IPV_ForeheadIn11_parentConstraint1.drawStyle

2026-07-08 17:14:07 - MayaTools.CNTManager3 - WARNING - [CNTManager3] 실패 - rig_ready:export:FACIAL_L_12IPV_ForeheadIn11_scaleConstraint1.drawStyle: setAttr: No object matches name: rig_ready:export:FACIAL_L_12IPV_ForeheadIn11_scaleConstraint1.drawStyle

2026-07-08 17:14:07 - MayaTools.CNTManager3 - WARNING - [CNTManager3] 실패 - rig_ready:export:FACIAL_L_12IPV_ForeheadIn12_parentConstraint1.drawStyle: setAttr: No object matches name: rig_ready:export:FACIAL_L_12IPV_ForeheadIn12_parentConstraint1.drawStyle

2026-07-08 17:14:07 - MayaTools.CNTManager3 - WARNING - [CNTManager3] 실패 - rig_ready:export:FACIAL_L_12IPV_ForeheadIn12_scaleConstraint1.drawStyle: setAttr: No object matches name: rig_ready:export:FACIAL_L_12IPV_ForeheadIn12_scaleConstraint1.drawStyle

2026-07-08 17:14:07 - MayaTools.CNTManager3 - WARNING - [CNTManager3] 실패 - rig_ready:export:FACIAL_L_12IPV_ForeheadIn13_parentConstraint1.drawStyle: setAttr: No object matches name: rig_ready:export:FACIAL_L_12IPV_ForeheadIn13_parentConstraint1.drawStyle

2026-07-08 17:14:07 - MayaTools.CNTManager3 - WARNING - [CNTManager3] 실패 - rig_ready:export:FACIAL_L_12IPV_ForeheadIn13_scaleConstraint1.drawStyle: setAttr: No object matches name: rig_ready:export:FACIAL_L_12IPV_ForeheadIn13_scaleConstraint1.drawStyle

2026-07-08 17:14:07 - MayaTools.CNTManager3 - WARNING - [CNTManager3] 실패 - rig_ready:export:FACIAL_L_12IPV_ForeheadIn14_parentConstraint1.drawStyle: setAttr: No object matches name: rig_ready:export:FACIAL_L_12IPV_ForeheadIn14_parentConstraint1.drawStyle

2026-07-08 17:14:07 - MayaTools.CNTManager3 - WARNING - [CNTManager3] 실패 - rig_ready:export:FACIAL_L_12IPV_ForeheadIn14_scaleConstraint1.drawStyle: setAttr: No object matches name: rig_ready:export:FACIAL_L_12IPV_ForeheadIn14_scaleConstraint1.drawStyle

2026-07-08 17:14:07 - MayaTools.CNTManager3 - WARNING - [CNTManager3] 실패 - rig_ready:export:FACIAL_L_ForeheadIn_parentConstraint1.drawStyle: setAttr: No object matches name: rig_ready:export:FACIAL_L_ForeheadIn_parentConstraint1.drawStyle

2026-07-08 17:14:07 - MayaTools.CNTManager3 - WARNING - [CNTManager3] 실패 - rig_ready:export:FACIAL_L_ForeheadIn_scaleConstraint1.drawStyle: setAttr: No object matches name: rig_ready:export:FACIAL_L_ForeheadIn_scaleConstraint1.drawStyle

2026-07-08 17:14:07 - MayaTools.CNTManager3 - WARNING - [CNTManager3] 실패 - rig_ready:export:FACIAL_R_ForeheadInA1_parentConstraint1.drawStyle: setAttr: No object matches name: rig_ready:export:FACIAL_R_ForeheadInA1_parentConstraint1.drawStyle

2026-07-08 17:14:07 - MayaTools.CNTManager3 - WARNING - [CNTManager3] 실패 - rig_ready:export:FACIAL_R_ForeheadInA1_scaleConstraint1.drawStyle: setAttr: No object matches name: rig_ready:export:FACIAL_R_ForeheadInA1_scaleConstraint1.drawStyle

2026-07-08 17:14:07 - MayaTools.CNTManager3 - WARNING - [CNTManager3] 실패 - rig_ready:export:FACIAL_R_ForeheadInA2_parentConstraint1.drawStyle: setAttr: No object matches name: rig_ready:export:FACIAL_R_ForeheadInA2_parentConstraint1.drawStyle

2026-07-08 17:14:07 - MayaTools.CNTManager3 - WARNING - [CNTManager3] 실패 - rig_ready:export:FACIAL_R_ForeheadInA2_scaleConstraint1.drawStyle: setAttr: No object matches name: rig_ready:export:FACIAL_R_ForeheadInA2_scaleConstraint1.drawStyle

2026-07-08 17:14:07 - MayaTools.CNTManager3 - WARNING - [CNTManager3] 실패 - rig_ready:export:FACIAL_R_ForeheadInA3_parentConstraint1.drawStyle: setAttr: No object matches name: rig_ready:export:FACIAL_R_ForeheadInA3_parentConstraint1.drawStyle

2026-07-08 17:14:07 - MayaTools.CNTManager3 - WARNING - [CNTManager3] 실패 - rig_ready:export:FACIAL_R_ForeheadInA3_scaleConstraint1.drawStyle: setAttr: No object matches name: rig_ready:export:FACIAL_R_ForeheadInA3_scaleConstraint1.drawStyle

2026-07-08 17:14:07 - MayaTools.CNTManager3 - WARNING - [CNTManager3] 실패 - rig_ready:export:FACIAL_R_ForeheadInB1_parentConstraint1.drawStyle: setAttr: No object matches name: rig_ready:export:FACIAL_R_ForeheadInB1_parentConstraint1.drawStyle

2026-07-08 17:14:07 - MayaTools.CNTManager3 - WARNING - [CNTManager3] 실패 - rig_ready:export:FACIAL_R_ForeheadInB1_scaleConstraint1.drawStyle: setAttr: No object matches name: rig_ready:export:FACIAL_R_ForeheadInB1_scaleConstraint1.drawStyle

2026-07-08 17:14:07 - MayaTools.CNTManager3 - WARNING - [CNTManager3] 실패 - rig_ready:export:FACIAL_R_ForeheadInB2_parentConstraint1.drawStyle: setAttr: No object matches name: rig_ready:export:FACIAL_R_ForeheadInB2_parentConstraint1.drawStyle

2026-07-08 17:14:07 - MayaTools.CNTManager3 - WARNING - [CNTManager3] 실패 - rig_ready:export:FACIAL_R_ForeheadInB2_scaleConstraint1.drawStyle: setAttr: No object matches name: rig_ready:export:FACIAL_R_ForeheadInB2_scaleConstraint1.drawStyle

2026-07-08 17:14:07 - MayaTools.CNTManager3 - WARNING - [CNTManager3] 실패 - rig_ready:export:FACIAL_R_12IPV_ForeheadIn1_parentConstraint1.drawStyle: setAttr: No object matches name: rig_ready:export:FACIAL_R_12IPV_ForeheadIn1_parentConstraint1.drawStyle

2026-07-08 17:14:07 - MayaTools.CNTManager3 - WARNING - [CNTManager3] 실패 - rig_ready:export:FACIAL_R_12IPV_ForeheadIn1_scaleConstraint1.drawStyle: setAttr: No object matches name: rig_ready:export:FACIAL_R_12IPV_ForeheadIn1_scaleConstraint1.drawStyle

2026-07-08 17:14:07 - MayaTools.CNTManager3 - WARNING - [CNTManager3] 실패 - rig_ready:export:FACIAL_R_12IPV_ForeheadIn2_parentConstraint1.drawStyle: setAttr: No object matches name: rig_ready:export:FACIAL_R_12IPV_ForeheadIn2_parentConstraint1.drawStyle

2026-07-08 17:14:07 - MayaTools.CNTManager3 - WARNING - [CNTManager3] 실패 - rig_ready:export:FACIAL_R_12IPV_ForeheadIn2_scaleConstraint1.drawStyle: setAttr: No object matches name: rig_ready:export:FACIAL_R_12IPV_ForeheadIn2_scaleConstraint1.drawStyle

2026-07-08 17:14:07 - MayaTools.CNTManager3 - WARNING - [CNTManager3] 실패 - rig_ready:export:FACIAL_R_12IPV_ForeheadIn3_parentConstraint1.drawStyle: setAttr: No object matches name: rig_ready:export:FACIAL_R_12IPV_ForeheadIn3_parentConstraint1.drawStyle

2026-07-08 17:14:07 - MayaTools.CNTManager3 - WARNING - [CNTManager3] 실패 - rig_ready:export:FACIAL_R_12IPV_ForeheadIn3_scaleConstraint1.drawStyle: setAttr: No object matches name: rig_ready:export:FACIAL_R_12IPV_ForeheadIn3_scaleConstraint1.drawStyle

2026-07-08 17:14:07 - MayaTools.CNTManager3 - WARNING - [CNTManager3] 실패 - rig_ready:export:FACIAL_R_12IPV_ForeheadIn5_parentConstraint1.drawStyle: setAttr: No object matches name: rig_ready:export:FACIAL_R_12IPV_ForeheadIn5_parentConstraint1.drawStyle

2026-07-08 17:14:07 - MayaTools.CNTManager3 - WARNING - [CNTManager3] 실패 - rig_ready:export:FACIAL_R_12IPV_ForeheadIn5_scaleConstraint1.drawStyle: setAttr: No object matches name: rig_ready:export:FACIAL_R_12IPV_ForeheadIn5_scaleConstraint1.drawStyle

2026-07-08 17:14:07 - MayaTools.CNTManager3 - WARNING - [CNTManager3] 실패 - rig_ready:export:FACIAL_R_12IPV_ForeheadIn4_parentConstraint1.drawStyle: setAttr: No object matches name: rig_ready:export:FACIAL_R_12IPV_ForeheadIn4_parentConstraint1.drawStyle

2026-07-08 17:14:07 - MayaTools.CNTManager3 - WARNING - [CNTManager3] 실패 - rig_ready:export:FACIAL_R_12IPV_ForeheadIn4_scaleConstraint1.drawStyle: setAttr: No object matches name: rig_ready:export:FACIAL_R_12IPV_ForeheadIn4_scaleConstraint1.drawStyle

2026-07-08 17:14:07 - MayaTools.CNTManager3 - WARNING - [CNTManager3] 실패 - rig_ready:export:FACIAL_R_12IPV_ForeheadIn6_parentConstraint1.drawStyle: setAttr: No object matches name: rig_ready:export:FACIAL_R_12IPV_ForeheadIn6_parentConstraint1.drawStyle

2026-07-08 17:14:07 - MayaTools.CNTManager3 - WARNING - [CNTManager3] 실패 - rig_ready:export:FACIAL_R_12IPV_ForeheadIn6_scaleConstraint1.drawStyle: setAttr: No object matches name: rig_ready:export:FACIAL_R_12IPV_ForeheadIn6_scaleConstraint1.drawStyle

2026-07-08 17:14:07 - MayaTools.CNTManager3 - WARNING - [CNTManager3] 실패 - rig_ready:export:FACIAL_R_12IPV_ForeheadIn7_parentConstraint1.drawStyle: setAttr: No object matches name: rig_ready:export:FACIAL_R_12IPV_ForeheadIn7_parentConstraint1.drawStyle

2026-07-08 17:14:07 - MayaTools.CNTManager3 - WARNING - [CNTManager3] 실패 - rig_ready:export:FACIAL_R_12IPV_ForeheadIn7_scaleConstraint1.drawStyle: setAttr: No object matches name: rig_ready:export:FACIAL_R_12IPV_ForeheadIn7_scaleConstraint1.drawStyle

2026-07-08 17:14:07 - MayaTools.CNTManager3 - WARNING - [CNTManager3] 실패 - rig_ready:export:FACIAL_R_12IPV_ForeheadIn8_parentConstraint1.drawStyle: setAttr: No object matches name: rig_ready:export:FACIAL_R_12IPV_ForeheadIn8_parentConstraint1.drawStyle

2026-07-08 17:14:07 - MayaTools.CNTManager3 - WARNING - [CNTManager3] 실패 - rig_ready:export:FACIAL_R_12IPV_ForeheadIn8_scaleConstraint1.drawStyle: setAttr: No object matches name: rig_ready:export:FACIAL_R_12IPV_ForeheadIn8_scaleConstraint1.drawStyle

2026-07-08 17:14:07 - MayaTools.CNTManager3 - WARNING - [CNTManager3] 실패 - rig_ready:export:FACIAL_R_12IPV_ForeheadIn9_parentConstraint1.drawStyle: setAttr: No object matches name: rig_ready:export:FACIAL_R_12IPV_ForeheadIn9_parentConstraint1.drawStyle

2026-07-08 17:14:07 - MayaTools.CNTManager3 - WARNING - [CNTManager3] 실패 - rig_ready:export:FACIAL_R_12IPV_ForeheadIn9_scaleConstraint1.drawStyle: setAttr: No object matches name: rig_ready:export:FACIAL_R_12IPV_ForeheadIn9_scaleConstraint1.drawStyle

2026-07-08 17:14:07 - MayaTools.CNTManager3 - WARNING - [CNTManager3] 실패 - rig_ready:export:FACIAL_R_12IPV_ForeheadIn10_parentConstraint1.drawStyle: setAttr: No object matches name: rig_ready:export:FACIAL_R_12IPV_ForeheadIn10_parentConstraint1.drawStyle

2026-07-08 17:14:07 - MayaTools.CNTManager3 - WARNING - [CNTManager3] 실패 - rig_ready:export:FACIAL_R_12IPV_ForeheadIn10_scaleConstraint1.drawStyle: setAttr: No object matches name: rig_ready:export:FACIAL_R_12IPV_ForeheadIn10_scaleConstraint1.drawStyle

2026-07-08 17:14:07 - MayaTools.CNTManager3 - WARNING - [CNTManager3] 실패 - rig_ready:export:FACIAL_R_12IPV_ForeheadIn12_parentConstraint1.drawStyle: setAttr: No object matches name: rig_ready:export:FACIAL_R_12IPV_ForeheadIn12_parentConstraint1.drawStyle

2026-07-08 17:14:07 - MayaTools.CNTManager3 - WARNING - [CNTManager3] 실패 - rig_ready:export:FACIAL_R_12IPV_ForeheadIn12_scaleConstraint1.drawStyle: setAttr: No object matches name: rig_ready:export:FACIAL_R_12IPV_ForeheadIn12_scaleConstraint1.drawStyle

2026-07-08 17:14:07 - MayaTools.CNTManager3 - WARNING - [CNTManager3] 실패 - rig_ready:export:FACIAL_R_12IPV_ForeheadIn11_parentConstraint1.drawStyle: setAttr: No object matches name: rig_ready:export:FACIAL_R_12IPV_ForeheadIn11_parentConstraint1.drawStyle

2026-07-08 17:14:07 - MayaTools.CNTManager3 - WARNING - [CNTManager3] 실패 - rig_ready:export:FACIAL_R_12IPV_ForeheadIn11_scaleConstraint1.drawStyle: setAttr: No object matches name: rig_ready:export:FACIAL_R_12IPV_ForeheadIn11_scaleConstraint1.drawStyle

2026-07-08 17:14:07 - MayaTools.CNTManager3 - WARNING - [CNTManager3] 실패 - rig_ready:export:FACIAL_R_12IPV_ForeheadIn13_parentConstraint1.drawStyle: setAttr: No object matches name: rig_ready:export:FACIAL_R_12IPV_ForeheadIn13_parentConstraint1.drawStyle

2026-07-08 17:14:07 - MayaTools.CNTManager3 - WARNING - [CNTManager3] 실패 - rig_ready:export:FACIAL_R_12IPV_ForeheadIn13_scaleConstraint1.drawStyle: setAttr: No object matches name: rig_ready:export:FACIAL_R_12IPV_ForeheadIn13_scaleConstraint1.drawStyle

2026-07-08 17:14:07 - MayaTools.CNTManager3 - WARNING - [CNTManager3] 실패 - rig_ready:export:FACIAL_R_12IPV_ForeheadIn14_parentConstraint1.drawStyle: setAttr: No object matches name: rig_ready:export:FACIAL_R_12IPV_ForeheadIn14_parentConstraint1.drawStyle

2026-07-08 17:14:07 - MayaTools.CNTManager3 - WARNING - [CNTManager3] 실패 - rig_ready:export:FACIAL_R_12IPV_ForeheadIn14_scaleConstraint1.drawStyle: setAttr: No object matches name: rig_ready:export:FACIAL_R_12IPV_ForeheadIn14_scaleConstraint1.drawStyle

2026-07-08 17:14:07 - MayaTools.CNTManager3 - WARNING - [CNTManager3] 실패 - rig_ready:export:FACIAL_R_ForeheadIn_parentConstraint1.drawStyle: setAttr: No object matches name: rig_ready:export:FACIAL_R_ForeheadIn_parentConstraint1.drawStyle

2026-07-08 17:14:07 - MayaTools.CNTManager3 - WARNING - [CNTManager3] 실패 - rig_ready:export:FACIAL_R_ForeheadIn_scaleConstraint1.drawStyle: setAttr: No object matches name: rig_ready:export:FACIAL_R_ForeheadIn_scaleConstraint1.drawStyle

2026-07-08 17:14:07 - MayaTools.CNTManager3 - WARNING - [CNTManager3] 실패 - rig_ready:export:FACIAL_L_ForeheadMid1_parentConstraint1.drawStyle: setAttr: No object matches name: rig_ready:export:FACIAL_L_ForeheadMid1_parentConstraint1.drawStyle

2026-07-08 17:14:07 - MayaTools.CNTManager3 - WARNING - [CNTManager3] 실패 - rig_ready:export:FACIAL_L_ForeheadMid1_scaleConstraint1.drawStyle: setAttr: No object matches name: rig_ready:export:FACIAL_L_ForeheadMid1_scaleConstraint1.drawStyle

2026-07-08 17:14:07 - MayaTools.CNTManager3 - WARNING - [CNTManager3] 실패 - rig_ready:export:FACIAL_L_ForeheadMid2_parentConstraint1.drawStyle: setAttr: No object matches name: rig_ready:export:FACIAL_L_ForeheadMid2_parentConstraint1.drawStyle

2026-07-08 17:14:07 - MayaTools.CNTManager3 - WARNING - [CNTManager3] 실패 - rig_ready:export:FACIAL_L_ForeheadMid2_scaleConstraint1.drawStyle: setAttr: No object matches name: rig_ready:export:FACIAL_L_ForeheadMid2_scaleConstraint1.drawStyle

2026-07-08 17:14:07 - MayaTools.CNTManager3 - WARNING - [CNTManager3] 실패 - rig_ready:export:FACIAL_L_12IPV_ForeheadMid15_parentConstraint1.drawStyle: setAttr: No object matches name: rig_ready:export:FACIAL_L_12IPV_ForeheadMid15_parentConstraint1.drawStyle

2026-07-08 17:14:07 - MayaTools.CNTManager3 - WARNING - [CNTManager3] 실패 - rig_ready:export:FACIAL_L_12IPV_ForeheadMid15_scaleConstraint1.drawStyle: setAttr: No object matches name: rig_ready:export:FACIAL_L_12IPV_ForeheadMid15_scaleConstraint1.drawStyle

2026-07-08 17:14:07 - MayaTools.CNTManager3 - WARNING - [CNTManager3] 실패 - rig_ready:export:FACIAL_L_12IPV_ForeheadMid16_parentConstraint1.drawStyle: setAttr: No object matches name: rig_ready:export:FACIAL_L_12IPV_ForeheadMid16_parentConstraint1.drawStyle

2026-07-08 17:14:07 - MayaTools.CNTManager3 - WARNING - [CNTManager3] 실패 - rig_ready:export:FACIAL_L_12IPV_ForeheadMid16_scaleConstraint1.drawStyle: setAttr: No object matches name: rig_ready:export:FACIAL_L_12IPV_ForeheadMid16_scaleConstraint1.drawStyle

2026-07-08 17:14:07 - MayaTools.CNTManager3 - WARNING - [CNTManager3] 실패 - rig_ready:export:FACIAL_L_12IPV_ForeheadMid17_parentConstraint1.drawStyle: setAttr: No object matches name: rig_ready:export:FACIAL_L_12IPV_ForeheadMid17_parentConstraint1.drawStyle

2026-07-08 17:14:07 - MayaTools.CNTManager3 - WARNING - [CNTManager3] 실패 - rig_ready:export:FACIAL_L_12IPV_ForeheadMid17_scaleConstraint1.drawStyle: setAttr: No object matches name: rig_ready:export:FACIAL_L_12IPV_ForeheadMid17_scaleConstraint1.drawStyle

2026-07-08 17:14:07 - MayaTools.CNTManager3 - WARNING - [CNTManager3] 실패 - rig_ready:export:FACIAL_L_12IPV_ForeheadMid18_parentConstraint1.drawStyle: setAttr: No object matches name: rig_ready:export:FACIAL_L_12IPV_ForeheadMid18_parentConstraint1.drawStyle

2026-07-08 17:14:07 - MayaTools.CNTManager3 - WARNING - [CNTManager3] 실패 - rig_ready:export:FACIAL_L_12IPV_ForeheadMid18_scaleConstraint1.drawStyle: setAttr: No object matches name: rig_ready:export:FACIAL_L_12IPV_ForeheadMid18_scaleConstraint1.drawStyle

2026-07-08 17:14:07 - MayaTools.CNTManager3 - WARNING - [CNTManager3] 실패 - rig_ready:export:FACIAL_L_12IPV_ForeheadMid19_parentConstraint1.drawStyle: setAttr: No object matches name: rig_ready:export:FACIAL_L_12IPV_ForeheadMid19_parentConstraint1.drawStyle

2026-07-08 17:14:07 - MayaTools.CNTManager3 - WARNING - [CNTManager3] 실패 - rig_ready:export:FACIAL_L_12IPV_ForeheadMid19_scaleConstraint1.drawStyle: setAttr: No object matches name: rig_ready:export:FACIAL_L_12IPV_ForeheadMid19_scaleConstraint1.drawStyle

2026-07-08 17:14:07 - MayaTools.CNTManager3 - WARNING - [CNTManager3] 실패 - rig_ready:export:FACIAL_L_12IPV_ForeheadMid20_parentConstraint1.drawStyle: setAttr: No object matches name: rig_ready:export:FACIAL_L_12IPV_ForeheadMid20_parentConstraint1.drawStyle

2026-07-08 17:14:07 - MayaTools.CNTManager3 - WARNING - [CNTManager3] 실패 - rig_ready:export:FACIAL_L_12IPV_ForeheadMid20_scaleConstraint1.drawStyle: setAttr: No object matches name: rig_ready:export:FACIAL_L_12IPV_ForeheadMid20_scaleConstraint1.drawStyle

2026-07-08 17:14:07 - MayaTools.CNTManager3 - WARNING - [CNTManager3] 실패 - rig_ready:export:FACIAL_L_12IPV_ForeheadMid21_parentConstraint1.drawStyle: setAttr: No object matches name: rig_ready:export:FACIAL_L_12IPV_ForeheadMid21_parentConstraint1.drawStyle

2026-07-08 17:14:07 - MayaTools.CNTManager3 - WARNING - [CNTManager3] 실패 - rig_ready:export:FACIAL_L_12IPV_ForeheadMid21_scaleConstraint1.drawStyle: setAttr: No object matches name: rig_ready:export:FACIAL_L_12IPV_ForeheadMid21_scaleConstraint1.drawStyle

2026-07-08 17:14:07 - MayaTools.CNTManager3 - WARNING - [CNTManager3] 실패 - rig_ready:export:FACIAL_L_12IPV_ForeheadMid22_parentConstraint1.drawStyle: setAttr: No object matches name: rig_ready:export:FACIAL_L_12IPV_ForeheadMid22_parentConstraint1.drawStyle

2026-07-08 17:14:07 - MayaTools.CNTManager3 - WARNING - [CNTManager3] 실패 - rig_ready:export:FACIAL_L_12IPV_ForeheadMid22_scaleConstraint1.drawStyle: setAttr: No object matches name: rig_ready:export:FACIAL_L_12IPV_ForeheadMid22_scaleConstraint1.drawStyle

2026-07-08 17:14:07 - MayaTools.CNTManager3 - WARNING - [CNTManager3] 실패 - rig_ready:export:FACIAL_L_ForeheadMid_parentConstraint1.drawStyle: setAttr: No object matches name: rig_ready:export:FACIAL_L_ForeheadMid_parentConstraint1.drawStyle

2026-07-08 17:14:07 - MayaTools.CNTManager3 - WARNING - [CNTManager3] 실패 - rig_ready:export:FACIAL_L_ForeheadMid_scaleConstraint1.drawStyle: setAttr: No object matches name: rig_ready:export:FACIAL_L_ForeheadMid_scaleConstraint1.drawStyle

2026-07-08 17:14:07 - MayaTools.CNTManager3 - WARNING - [CNTManager3] 실패 - rig_ready:export:FACIAL_R_ForeheadMid1_parentConstraint1.drawStyle: setAttr: No object matches name: rig_ready:export:FACIAL_R_ForeheadMid1_parentConstraint1.drawStyle

2026-07-08 17:14:07 - MayaTools.CNTManager3 - WARNING - [CNTManager3] 실패 - rig_ready:export:FACIAL_R_ForeheadMid1_scaleConstraint1.drawStyle: setAttr: No object matches name: rig_ready:export:FACIAL_R_ForeheadMid1_scaleConstraint1.drawStyle

2026-07-08 17:14:07 - MayaTools.CNTManager3 - WARNING - [CNTManager3] 실패 - rig_ready:export:FACIAL_R_ForeheadMid2_parentConstraint1.drawStyle: setAttr: No object matches name: rig_ready:export:FACIAL_R_ForeheadMid2_parentConstraint1.drawStyle

2026-07-08 17:14:07 - MayaTools.CNTManager3 - WARNING - [CNTManager3] 실패 - rig_ready:export:FACIAL_R_ForeheadMid2_scaleConstraint1.drawStyle: setAttr: No object matches name: rig_ready:export:FACIAL_R_ForeheadMid2_scaleConstraint1.drawStyle

2026-07-08 17:14:07 - MayaTools.CNTManager3 - WARNING - [CNTManager3] 실패 - rig_ready:export:FACIAL_R_12IPV_ForeheadMid15_parentConstraint1.drawStyle: setAttr: No object matches name: rig_ready:export:FACIAL_R_12IPV_ForeheadMid15_parentConstraint1.drawStyle

2026-07-08 17:14:07 - MayaTools.CNTManager3 - WARNING - [CNTManager3] 실패 - rig_ready:export:FACIAL_R_12IPV_ForeheadMid15_scaleConstraint1.drawStyle: setAttr: No object matches name: rig_ready:export:FACIAL_R_12IPV_ForeheadMid15_scaleConstraint1.drawStyle

2026-07-08 17:14:07 - MayaTools.CNTManager3 - WARNING - [CNTManager3] 실패 - rig_ready:export:FACIAL_R_12IPV_ForeheadMid16_parentConstraint1.drawStyle: setAttr: No object matches name: rig_ready:export:FACIAL_R_12IPV_ForeheadMid16_parentConstraint1.drawStyle

2026-07-08 17:14:07 - MayaTools.CNTManager3 - WARNING - [CNTManager3] 실패 - rig_ready:export:FACIAL_R_12IPV_ForeheadMid16_scaleConstraint1.drawStyle: setAttr: No object matches name: rig_ready:export:FACIAL_R_12IPV_ForeheadMid16_scaleConstraint1.drawStyle

2026-07-08 17:14:07 - MayaTools.CNTManager3 - WARNING - [CNTManager3] 실패 - rig_ready:export:FACIAL_R_12IPV_ForeheadMid17_parentConstraint1.drawStyle: setAttr: No object matches name: rig_ready:export:FACIAL_R_12IPV_ForeheadMid17_parentConstraint1.drawStyle

2026-07-08 17:14:07 - MayaTools.CNTManager3 - WARNING - [CNTManager3] 실패 - rig_ready:export:FACIAL_R_12IPV_ForeheadMid17_scaleConstraint1.drawStyle: setAttr: No object matches name: rig_ready:export:FACIAL_R_12IPV_ForeheadMid17_scaleConstraint1.drawStyle

2026-07-08 17:14:07 - MayaTools.CNTManager3 - WARNING - [CNTManager3] 실패 - rig_ready:export:FACIAL_R_12IPV_ForeheadMid18_parentConstraint1.drawStyle: setAttr: No object matches name: rig_ready:export:FACIAL_R_12IPV_ForeheadMid18_parentConstraint1.drawStyle

2026-07-08 17:14:07 - MayaTools.CNTManager3 - WARNING - [CNTManager3] 실패 - rig_ready:export:FACIAL_R_12IPV_ForeheadMid18_scaleConstraint1.drawStyle: setAttr: No object matches name: rig_ready:export:FACIAL_R_12IPV_ForeheadMid18_scaleConstraint1.drawStyle

2026-07-08 17:14:07 - MayaTools.CNTManager3 - WARNING - [CNTManager3] 실패 - rig_ready:export:FACIAL_R_12IPV_ForeheadMid19_parentConstraint1.drawStyle: setAttr: No object matches name: rig_ready:export:FACIAL_R_12IPV_ForeheadMid19_parentConstraint1.drawStyle

2026-07-08 17:14:07 - MayaTools.CNTManager3 - WARNING - [CNTManager3] 실패 - rig_ready:export:FACIAL_R_12IPV_ForeheadMid19_scaleConstraint1.drawStyle: setAttr: No object matches name: rig_ready:export:FACIAL_R_12IPV_ForeheadMid19_scaleConstraint1.drawStyle

2026-07-08 17:14:07 - MayaTools.CNTManager3 - WARNING - [CNTManager3] 실패 - rig_ready:export:FACIAL_R_12IPV_ForeheadMid20_parentConstraint1.drawStyle: setAttr: No object matches name: rig_ready:export:FACIAL_R_12IPV_ForeheadMid20_parentConstraint1.drawStyle

2026-07-08 17:14:07 - MayaTools.CNTManager3 - WARNING - [CNTManager3] 실패 - rig_ready:export:FACIAL_R_12IPV_ForeheadMid20_scaleConstraint1.drawStyle: setAttr: No object matches name: rig_ready:export:FACIAL_R_12IPV_ForeheadMid20_scaleConstraint1.drawStyle

2026-07-08 17:14:07 - MayaTools.CNTManager3 - WARNING - [CNTManager3] 실패 - rig_ready:export:FACIAL_R_12IPV_ForeheadMid21_parentConstraint1.drawStyle: setAttr: No object matches name: rig_ready:export:FACIAL_R_12IPV_ForeheadMid21_parentConstraint1.drawStyle

2026-07-08 17:14:07 - MayaTools.CNTManager3 - WARNING - [CNTManager3] 실패 - rig_ready:export:FACIAL_R_12IPV_ForeheadMid21_scaleConstraint1.drawStyle: setAttr: No object matches name: rig_ready:export:FACIAL_R_12IPV_ForeheadMid21_scaleConstraint1.drawStyle

2026-07-08 17:14:07 - MayaTools.CNTManager3 - WARNING - [CNTManager3] 실패 - rig_ready:export:FACIAL_R_12IPV_ForeheadMid22_parentConstraint1.drawStyle: setAttr: No object matches name: rig_ready:export:FACIAL_R_12IPV_ForeheadMid22_parentConstraint1.drawStyle

2026-07-08 17:14:07 - MayaTools.CNTManager3 - WARNING - [CNTManager3] 실패 - rig_ready:export:FACIAL_R_12IPV_ForeheadMid22_scaleConstraint1.drawStyle: setAttr: No object matches name: rig_ready:export:FACIAL_R_12IPV_ForeheadMid22_scaleConstraint1.drawStyle

2026-07-08 17:14:07 - MayaTools.CNTManager3 - WARNING - [CNTManager3] 실패 - rig_ready:export:FACIAL_R_ForeheadMid_parentConstraint1.drawStyle: setAttr: No object matches name: rig_ready:export:FACIAL_R_ForeheadMid_parentConstraint1.drawStyle

2026-07-08 17:14:07 - MayaTools.CNTManager3 - WARNING - [CNTManager3] 실패 - rig_ready:export:FACIAL_R_ForeheadMid_scaleConstraint1.drawStyle: setAttr: No object matches name: rig_ready:export:FACIAL_R_ForeheadMid_scaleConstraint1.drawStyle

2026-07-08 17:14:07 - MayaTools.CNTManager3 - WARNING - [CNTManager3] 실패 - rig_ready:export:FACIAL_L_ForeheadOutA1_parentConstraint1.drawStyle: setAttr: No object matches name: rig_ready:export:FACIAL_L_ForeheadOutA1_parentConstraint1.drawStyle

2026-07-08 17:14:07 - MayaTools.CNTManager3 - WARNING - [CNTManager3] 실패 - rig_ready:export:FACIAL_L_ForeheadOutA1_scaleConstraint1.drawStyle: setAttr: No object matches name: rig_ready:export:FACIAL_L_ForeheadOutA1_scaleConstraint1.drawStyle

2026-07-08 17:14:07 - MayaTools.CNTManager3 - WARNING - [CNTManager3] 실패 - rig_ready:export:FACIAL_L_ForeheadOutA2_parentConstraint1.drawStyle: setAttr: No object matches name: rig_ready:export:FACIAL_L_ForeheadOutA2_parentConstraint1.drawStyle

2026-07-08 17:14:07 - MayaTools.CNTManager3 - WARNING - [CNTManager3] 실패 - rig_ready:export:FACIAL_L_ForeheadOutA2_scaleConstraint1.drawStyle: setAttr: No object matches name: rig_ready:export:FACIAL_L_ForeheadOutA2_scaleConstraint1.drawStyle

2026-07-08 17:14:07 - MayaTools.CNTManager3 - WARNING - [CNTManager3] 실패 - rig_ready:export:FACIAL_L_ForeheadOutB1_parentConstraint1.drawStyle: setAttr: No object matches name: rig_ready:export:FACIAL_L_ForeheadOutB1_parentConstraint1.drawStyle

2026-07-08 17:14:07 - MayaTools.CNTManager3 - WARNING - [CNTManager3] 실패 - rig_ready:export:FACIAL_L_ForeheadOutB1_scaleConstraint1.drawStyle: setAttr: No object matches name: rig_ready:export:FACIAL_L_ForeheadOutB1_scaleConstraint1.drawStyle

2026-07-08 17:14:07 - MayaTools.CNTManager3 - WARNING - [CNTManager3] 실패 - rig_ready:export:FACIAL_L_ForeheadOutB2_parentConstraint1.drawStyle: setAttr: No object matches name: rig_ready:export:FACIAL_L_ForeheadOutB2_parentConstraint1.drawStyle

2026-07-08 17:14:07 - MayaTools.CNTManager3 - WARNING - [CNTManager3] 실패 - rig_ready:export:FACIAL_L_ForeheadOutB2_scaleConstraint1.drawStyle: setAttr: No object matches name: rig_ready:export:FACIAL_L_ForeheadOutB2_scaleConstraint1.drawStyle

2026-07-08 17:14:07 - MayaTools.CNTManager3 - WARNING - [CNTManager3] 실패 - rig_ready:export:FACIAL_L_12IPV_ForeheadOut23_parentConstraint1.drawStyle: setAttr: No object matches name: rig_ready:export:FACIAL_L_12IPV_ForeheadOut23_parentConstraint1.drawStyle

2026-07-08 17:14:07 - MayaTools.CNTManager3 - WARNING - [CNTManager3] 실패 - rig_ready:export:FACIAL_L_12IPV_ForeheadOut23_scaleConstraint1.drawStyle: setAttr: No object matches name: rig_ready:export:FACIAL_L_12IPV_ForeheadOut23_scaleConstraint1.drawStyle

2026-07-08 17:14:07 - MayaTools.CNTManager3 - WARNING - [CNTManager3] 실패 - rig_ready:export:FACIAL_L_12IPV_ForeheadOut24_parentConstraint1.drawStyle: setAttr: No object matches name: rig_ready:export:FACIAL_L_12IPV_ForeheadOut24_parentConstraint1.drawStyle

2026-07-08 17:14:07 - MayaTools.CNTManager3 - WARNING - [CNTManager3] 실패 - rig_ready:export:FACIAL_L_12IPV_ForeheadOut24_scaleConstraint1.drawStyle: setAttr: No object matches name: rig_ready:export:FACIAL_L_12IPV_ForeheadOut24_scaleConstraint1.drawStyle

2026-07-08 17:14:07 - MayaTools.CNTManager3 - WARNING - [CNTManager3] 실패 - rig_ready:export:FACIAL_L_12IPV_ForeheadOut25_parentConstraint1.drawStyle: setAttr: No object matches name: rig_ready:export:FACIAL_L_12IPV_ForeheadOut25_parentConstraint1.drawStyle

2026-07-08 17:14:07 - MayaTools.CNTManager3 - WARNING - [CNTManager3] 실패 - rig_ready:export:FACIAL_L_12IPV_ForeheadOut25_scaleConstraint1.drawStyle: setAttr: No object matches name: rig_ready:export:FACIAL_L_12IPV_ForeheadOut25_scaleConstraint1.drawStyle

2026-07-08 17:14:07 - MayaTools.CNTManager3 - WARNING - [CNTManager3] 실패 - rig_ready:export:FACIAL_L_12IPV_ForeheadOut26_parentConstraint1.drawStyle: setAttr: No object matches name: rig_ready:export:FACIAL_L_12IPV_ForeheadOut26_parentConstraint1.drawStyle

2026-07-08 17:14:07 - MayaTools.CNTManager3 - WARNING - [CNTManager3] 실패 - rig_ready:export:FACIAL_L_12IPV_ForeheadOut26_scaleConstraint1.drawStyle: setAttr: No object matches name: rig_ready:export:FACIAL_L_12IPV_ForeheadOut26_scaleConstraint1.drawStyle

2026-07-08 17:14:07 - MayaTools.CNTManager3 - WARNING - [CNTManager3] 실패 - rig_ready:export:FACIAL_L_12IPV_ForeheadOut27_parentConstraint1.drawStyle: setAttr: No object matches name: rig_ready:export:FACIAL_L_12IPV_ForeheadOut27_parentConstraint1.drawStyle

2026-07-08 17:14:07 - MayaTools.CNTManager3 - WARNING - [CNTManager3] 실패 - rig_ready:export:FACIAL_L_12IPV_ForeheadOut27_scaleConstraint1.drawStyle: setAttr: No object matches name: rig_ready:export:FACIAL_L_12IPV_ForeheadOut27_scaleConstraint1.drawStyle

2026-07-08 17:14:07 - MayaTools.CNTManager3 - WARNING - [CNTManager3] 실패 - rig_ready:export:FACIAL_L_12IPV_ForeheadOut28_parentConstraint1.drawStyle: setAttr: No object matches name: rig_ready:export:FACIAL_L_12IPV_ForeheadOut28_parentConstraint1.drawStyle

2026-07-08 17:14:07 - MayaTools.CNTManager3 - WARNING - [CNTManager3] 실패 - rig_ready:export:FACIAL_L_12IPV_ForeheadOut28_scaleConstraint1.drawStyle: setAttr: No object matches name: rig_ready:export:FACIAL_L_12IPV_ForeheadOut28_scaleConstraint1.drawStyle

2026-07-08 17:14:07 - MayaTools.CNTManager3 - WARNING - [CNTManager3] 실패 - rig_ready:export:FACIAL_L_12IPV_ForeheadOut29_parentConstraint1.drawStyle: setAttr: No object matches name: rig_ready:export:FACIAL_L_12IPV_ForeheadOut29_parentConstraint1.drawStyle

2026-07-08 17:14:07 - MayaTools.CNTManager3 - WARNING - [CNTManager3] 실패 - rig_ready:export:FACIAL_L_12IPV_ForeheadOut29_scaleConstraint1.drawStyle: setAttr: No object matches name: rig_ready:export:FACIAL_L_12IPV_ForeheadOut29_scaleConstraint1.drawStyle

2026-07-08 17:14:07 - MayaTools.CNTManager3 - WARNING - [CNTManager3] 실패 - rig_ready:export:FACIAL_L_12IPV_ForeheadOut30_parentConstraint1.drawStyle: setAttr: No object matches name: rig_ready:export:FACIAL_L_12IPV_ForeheadOut30_parentConstraint1.drawStyle

2026-07-08 17:14:07 - MayaTools.CNTManager3 - WARNING - [CNTManager3] 실패 - rig_ready:export:FACIAL_L_12IPV_ForeheadOut30_scaleConstraint1.drawStyle: setAttr: No object matches name: rig_ready:export:FACIAL_L_12IPV_ForeheadOut30_scaleConstraint1.drawStyle

2026-07-08 17:14:07 - MayaTools.CNTManager3 - WARNING - [CNTManager3] 실패 - rig_ready:export:FACIAL_L_12IPV_ForeheadOut31_parentConstraint1.drawStyle: setAttr: No object matches name: rig_ready:export:FACIAL_L_12IPV_ForeheadOut31_parentConstraint1.drawStyle

2026-07-08 17:14:07 - MayaTools.CNTManager3 - WARNING - [CNTManager3] 실패 - rig_ready:export:FACIAL_L_12IPV_ForeheadOut31_scaleConstraint1.drawStyle: setAttr: No object matches name: rig_ready:export:FACIAL_L_12IPV_ForeheadOut31_scaleConstraint1.drawStyle

2026-07-08 17:14:07 - MayaTools.CNTManager3 - WARNING - [CNTManager3] 실패 - rig_ready:export:FACIAL_L_12IPV_ForeheadOut32_parentConstraint1.drawStyle: setAttr: No object matches name: rig_ready:export:FACIAL_L_12IPV_ForeheadOut32_parentConstraint1.drawStyle

2026-07-08 17:14:07 - MayaTools.CNTManager3 - WARNING - [CNTManager3] 실패 - rig_ready:export:FACIAL_L_12IPV_ForeheadOut32_scaleConstraint1.drawStyle: setAttr: No object matches name: rig_ready:export:FACIAL_L_12IPV_ForeheadOut32_scaleConstraint1.drawStyle

2026-07-08 17:14:07 - MayaTools.CNTManager3 - WARNING - [CNTManager3] 실패 - rig_ready:export:FACIAL_L_ForeheadOut_parentConstraint1.drawStyle: setAttr: No object matches name: rig_ready:export:FACIAL_L_ForeheadOut_parentConstraint1.drawStyle

2026-07-08 17:14:07 - MayaTools.CNTManager3 - WARNING - [CNTManager3] 실패 - rig_ready:export:FACIAL_L_ForeheadOut_scaleConstraint1.drawStyle: setAttr: No object matches name: rig_ready:export:FACIAL_L_ForeheadOut_scaleConstraint1.drawStyle

2026-07-08 17:14:07 - MayaTools.CNTManager3 - WARNING - [CNTManager3] 실패 - rig_ready:export:FACIAL_R_ForeheadOutA1_parentConstraint1.drawStyle: setAttr: No object matches name: rig_ready:export:FACIAL_R_ForeheadOutA1_parentConstraint1.drawStyle

2026-07-08 17:14:07 - MayaTools.CNTManager3 - WARNING - [CNTManager3] 실패 - rig_ready:export:FACIAL_R_ForeheadOutA1_scaleConstraint1.drawStyle: setAttr: No object matches name: rig_ready:export:FACIAL_R_ForeheadOutA1_scaleConstraint1.drawStyle

2026-07-08 17:14:07 - MayaTools.CNTManager3 - WARNING - [CNTManager3] 실패 - rig_ready:export:FACIAL_R_ForeheadOutA2_parentConstraint1.drawStyle: setAttr: No object matches name: rig_ready:export:FACIAL_R_ForeheadOutA2_parentConstraint1.drawStyle

2026-07-08 17:14:07 - MayaTools.CNTManager3 - WARNING - [CNTManager3] 실패 - rig_ready:export:FACIAL_R_ForeheadOutA2_scaleConstraint1.drawStyle: setAttr: No object matches name: rig_ready:export:FACIAL_R_ForeheadOutA2_scaleConstraint1.drawStyle

2026-07-08 17:14:07 - MayaTools.CNTManager3 - WARNING - [CNTManager3] 실패 - rig_ready:export:FACIAL_R_ForeheadOutB1_parentConstraint1.drawStyle: setAttr: No object matches name: rig_ready:export:FACIAL_R_ForeheadOutB1_parentConstraint1.drawStyle

2026-07-08 17:14:07 - MayaTools.CNTManager3 - WARNING - [CNTManager3] 실패 - rig_ready:export:FACIAL_R_ForeheadOutB1_scaleConstraint1.drawStyle: setAttr: No object matches name: rig_ready:export:FACIAL_R_ForeheadOutB1_scaleConstraint1.drawStyle

2026-07-08 17:14:07 - MayaTools.CNTManager3 - WARNING - [CNTManager3] 실패 - rig_ready:export:FACIAL_R_ForeheadOutB2_parentConstraint1.drawStyle: setAttr: No object matches name: rig_ready:export:FACIAL_R_ForeheadOutB2_parentConstraint1.drawStyle

2026-07-08 17:14:07 - MayaTools.CNTManager3 - WARNING - [CNTManager3] 실패 - rig_ready:export:FACIAL_R_ForeheadOutB2_scaleConstraint1.drawStyle: setAttr: No object matches name: rig_ready:export:FACIAL_R_ForeheadOutB2_scaleConstraint1.drawStyle

2026-07-08 17:14:07 - MayaTools.CNTManager3 - WARNING - [CNTManager3] 실패 - rig_ready:export:FACIAL_R_12IPV_ForeheadOut23_parentConstraint1.drawStyle: setAttr: No object matches name: rig_ready:export:FACIAL_R_12IPV_ForeheadOut23_parentConstraint1.drawStyle

2026-07-08 17:14:07 - MayaTools.CNTManager3 - WARNING - [CNTManager3] 실패 - rig_ready:export:FACIAL_R_12IPV_ForeheadOut23_scaleConstraint1.drawStyle: setAttr: No object matches name: rig_ready:export:FACIAL_R_12IPV_ForeheadOut23_scaleConstraint1.drawStyle

2026-07-08 17:14:07 - MayaTools.CNTManager3 - WARNING - [CNTManager3] 실패 - rig_ready:export:FACIAL_R_12IPV_ForeheadOut24_parentConstraint1.drawStyle: setAttr: No object matches name: rig_ready:export:FACIAL_R_12IPV_ForeheadOut24_parentConstraint1.drawStyle

2026-07-08 17:14:07 - MayaTools.CNTManager3 - WARNING - [CNTManager3] 실패 - rig_ready:export:FACIAL_R_12IPV_ForeheadOut24_scaleConstraint1.drawStyle: setAttr: No object matches name: rig_ready:export:FACIAL_R_12IPV_ForeheadOut24_scaleConstraint1.drawStyle

2026-07-08 17:14:07 - MayaTools.CNTManager3 - WARNING - [CNTManager3] 실패 - rig_ready:export:FACIAL_R_12IPV_ForeheadOut25_parentConstraint1.drawStyle: setAttr: No object matches name: rig_ready:export:FACIAL_R_12IPV_ForeheadOut25_parentConstraint1.drawStyle

2026-07-08 17:14:07 - MayaTools.CNTManager3 - WARNING - [CNTManager3] 실패 - rig_ready:export:FACIAL_R_12IPV_ForeheadOut25_scaleConstraint1.drawStyle: setAttr: No object matches name: rig_ready:export:FACIAL_R_12IPV_ForeheadOut25_scaleConstraint1.drawStyle

2026-07-08 17:14:07 - MayaTools.CNTManager3 - WARNING - [CNTManager3] 실패 - rig_ready:export:FACIAL_R_12IPV_ForeheadOut26_parentConstraint1.drawStyle: setAttr: No object matches name: rig_ready:export:FACIAL_R_12IPV_ForeheadOut26_parentConstraint1.drawStyle

2026-07-08 17:14:07 - MayaTools.CNTManager3 - WARNING - [CNTManager3] 실패 - rig_ready:export:FACIAL_R_12IPV_ForeheadOut26_scaleConstraint1.drawStyle: setAttr: No object matches name: rig_ready:export:FACIAL_R_12IPV_ForeheadOut26_scaleConstraint1.drawStyle

2026-07-08 17:14:07 - MayaTools.CNTManager3 - WARNING - [CNTManager3] 실패 - rig_ready:export:FACIAL_R_12IPV_ForeheadOut27_parentConstraint1.drawStyle: setAttr: No object matches name: rig_ready:export:FACIAL_R_12IPV_ForeheadOut27_parentConstraint1.drawStyle

2026-07-08 17:14:07 - MayaTools.CNTManager3 - WARNING - [CNTManager3] 실패 - rig_ready:export:FACIAL_R_12IPV_ForeheadOut27_scaleConstraint1.drawStyle: setAttr: No object matches name: rig_ready:export:FACIAL_R_12IPV_ForeheadOut27_scaleConstraint1.drawStyle

2026-07-08 17:14:07 - MayaTools.CNTManager3 - WARNING - [CNTManager3] 실패 - rig_ready:export:FACIAL_R_12IPV_ForeheadOut28_parentConstraint1.drawStyle: setAttr: No object matches name: rig_ready:export:FACIAL_R_12IPV_ForeheadOut28_parentConstraint1.drawStyle

2026-07-08 17:14:07 - MayaTools.CNTManager3 - WARNING - [CNTManager3] 실패 - rig_ready:export:FACIAL_R_12IPV_ForeheadOut28_scaleConstraint1.drawStyle: setAttr: No object matches name: rig_ready:export:FACIAL_R_12IPV_ForeheadOut28_scaleConstraint1.drawStyle

2026-07-08 17:14:07 - MayaTools.CNTManager3 - WARNING - [CNTManager3] 실패 - rig_ready:export:FACIAL_R_12IPV_ForeheadOut29_parentConstraint1.drawStyle: setAttr: No object matches name: rig_ready:export:FACIAL_R_12IPV_ForeheadOut29_parentConstraint1.drawStyle

2026-07-08 17:14:07 - MayaTools.CNTManager3 - WARNING - [CNTManager3] 실패 - rig_ready:export:FACIAL_R_12IPV_ForeheadOut29_scaleConstraint1.drawStyle: setAttr: No object matches name: rig_ready:export:FACIAL_R_12IPV_ForeheadOut29_scaleConstraint1.drawStyle

2026-07-08 17:14:07 - MayaTools.CNTManager3 - WARNING - [CNTManager3] 실패 - rig_ready:export:FACIAL_R_12IPV_ForeheadOut30_parentConstraint1.drawStyle: setAttr: No object matches name: rig_ready:export:FACIAL_R_12IPV_ForeheadOut30_parentConstraint1.drawStyle

2026-07-08 17:14:07 - MayaTools.CNTManager3 - WARNING - [CNTManager3] 실패 - rig_ready:export:FACIAL_R_12IPV_ForeheadOut30_scaleConstraint1.drawStyle: setAttr: No object matches name: rig_ready:export:FACIAL_R_12IPV_ForeheadOut30_scaleConstraint1.drawStyle

2026-07-08 17:14:07 - MayaTools.CNTManager3 - WARNING - [CNTManager3] 실패 - rig_ready:export:FACIAL_R_12IPV_ForeheadOut31_parentConstraint1.drawStyle: setAttr: No object matches name: rig_ready:export:FACIAL_R_12IPV_ForeheadOut31_parentConstraint1.drawStyle

2026-07-08 17:14:07 - MayaTools.CNTManager3 - WARNING - [CNTManager3] 실패 - rig_ready:export:FACIAL_R_12IPV_ForeheadOut31_scaleConstraint1.drawStyle: setAttr: No object matches name: rig_ready:export:FACIAL_R_12IPV_ForeheadOut31_scaleConstraint1.drawStyle

2026-07-08 17:14:07 - MayaTools.CNTManager3 - WARNING - [CNTManager3] 실패 - rig_ready:export:FACIAL_R_12IPV_ForeheadOut32_parentConstraint1.drawStyle: setAttr: No object matches name: rig_ready:export:FACIAL_R_12IPV_ForeheadOut32_parentConstraint1.drawStyle

2026-07-08 17:14:07 - MayaTools.CNTManager3 - WARNING - [CNTManager3] 실패 - rig_ready:export:FACIAL_R_12IPV_ForeheadOut32_scaleConstraint1.drawStyle: setAttr: No object matches name: rig_ready:export:FACIAL_R_12IPV_ForeheadOut32_scaleConstraint1.drawStyle

2026-07-08 17:14:07 - MayaTools.CNTManager3 - WARNING - [CNTManager3] 실패 - rig_ready:export:FACIAL_R_ForeheadOut_parentConstraint1.drawStyle: setAttr: No object matches name: rig_ready:export:FACIAL_R_ForeheadOut_parentConstraint1.drawStyle

2026-07-08 17:14:07 - MayaTools.CNTManager3 - WARNING - [CNTManager3] 실패 - rig_ready:export:FACIAL_R_ForeheadOut_scaleConstraint1.drawStyle: setAttr: No object matches name: rig_ready:export:FACIAL_R_ForeheadOut_scaleConstraint1.drawStyle

2026-07-08 17:14:07 - MayaTools.CNTManager3 - WARNING - [CNTManager3] 실패 - rig_ready:export:FACIAL_L_12IPV_EyesackU0_parentConstraint1.drawStyle: setAttr: No object matches name: rig_ready:export:FACIAL_L_12IPV_EyesackU0_parentConstraint1.drawStyle

2026-07-08 17:14:07 - MayaTools.CNTManager3 - WARNING - [CNTManager3] 실패 - rig_ready:export:FACIAL_L_12IPV_EyesackU0_scaleConstraint1.drawStyle: setAttr: No object matches name: rig_ready:export:FACIAL_L_12IPV_EyesackU0_scaleConstraint1.drawStyle

2026-07-08 17:14:07 - MayaTools.CNTManager3 - WARNING - [CNTManager3] 실패 - rig_ready:export:FACIAL_R_12IPV_EyesackU0_parentConstraint1.drawStyle: setAttr: No object matches name: rig_ready:export:FACIAL_R_12IPV_EyesackU0_parentConstraint1.drawStyle

2026-07-08 17:14:07 - MayaTools.CNTManager3 - WARNING - [CNTManager3] 실패 - rig_ready:export:FACIAL_R_12IPV_EyesackU0_scaleConstraint1.drawStyle: setAttr: No object matches name: rig_ready:export:FACIAL_R_12IPV_EyesackU0_scaleConstraint1.drawStyle

2026-07-08 17:14:07 - MayaTools.CNTManager3 - WARNING - [CNTManager3] 실패 - rig_ready:export:FACIAL_L_EyesackUpper1_parentConstraint1.drawStyle: setAttr: No object matches name: rig_ready:export:FACIAL_L_EyesackUpper1_parentConstraint1.drawStyle

2026-07-08 17:14:07 - MayaTools.CNTManager3 - WARNING - [CNTManager3] 실패 - rig_ready:export:FACIAL_L_EyesackUpper1_scaleConstraint1.drawStyle: setAttr: No object matches name: rig_ready:export:FACIAL_L_EyesackUpper1_scaleConstraint1.drawStyle

2026-07-08 17:14:07 - MayaTools.CNTManager3 - WARNING - [CNTManager3] 실패 - rig_ready:export:FACIAL_L_EyesackUpper2_parentConstraint1.drawStyle: setAttr: No object matches name: rig_ready:export:FACIAL_L_EyesackUpper2_parentConstraint1.drawStyle

2026-07-08 17:14:07 - MayaTools.CNTManager3 - WARNING - [CNTManager3] 실패 - rig_ready:export:FACIAL_L_EyesackUpper2_scaleConstraint1.drawStyle: setAttr: No object matches name: rig_ready:export:FACIAL_L_EyesackUpper2_scaleConstraint1.drawStyle

2026-07-08 17:14:07 - MayaTools.CNTManager3 - WARNING - [CNTManager3] 실패 - rig_ready:export:FACIAL_L_EyesackUpper3_parentConstraint1.drawStyle: setAttr: No object matches name: rig_ready:export:FACIAL_L_EyesackUpper3_parentConstraint1.drawStyle

2026-07-08 17:14:07 - MayaTools.CNTManager3 - WARNING - [CNTManager3] 실패 - rig_ready:export:FACIAL_L_EyesackUpper3_scaleConstraint1.drawStyle: setAttr: No object matches name: rig_ready:export:FACIAL_L_EyesackUpper3_scaleConstraint1.drawStyle

2026-07-08 17:14:07 - MayaTools.CNTManager3 - WARNING - [CNTManager3] 실패 - rig_ready:export:FACIAL_L_EyesackUpper_parentConstraint1.drawStyle: setAttr: No object matches name: rig_ready:export:FACIAL_L_EyesackUpper_parentConstraint1.drawStyle

2026-07-08 17:14:07 - MayaTools.CNTManager3 - WARNING - [CNTManager3] 실패 - rig_ready:export:FACIAL_L_EyesackUpper_scaleConstraint1.drawStyle: setAttr: No object matches name: rig_ready:export:FACIAL_L_EyesackUpper_scaleConstraint1.drawStyle

2026-07-08 17:14:07 - MayaTools.CNTManager3 - WARNING - [CNTManager3] 실패 - rig_ready:export:FACIAL_R_EyesackUpper1_parentConstraint1.drawStyle: setAttr: No object matches name: rig_ready:export:FACIAL_R_EyesackUpper1_parentConstraint1.drawStyle

2026-07-08 17:14:07 - MayaTools.CNTManager3 - WARNING - [CNTManager3] 실패 - rig_ready:export:FACIAL_R_EyesackUpper1_scaleConstraint1.drawStyle: setAttr: No object matches name: rig_ready:export:FACIAL_R_EyesackUpper1_scaleConstraint1.drawStyle

2026-07-08 17:14:07 - MayaTools.CNTManager3 - WARNING - [CNTManager3] 실패 - rig_ready:export:FACIAL_R_EyesackUpper2_parentConstraint1.drawStyle: setAttr: No object matches name: rig_ready:export:FACIAL_R_EyesackUpper2_parentConstraint1.drawStyle

2026-07-08 17:14:07 - MayaTools.CNTManager3 - WARNING - [CNTManager3] 실패 - rig_ready:export:FACIAL_R_EyesackUpper2_scaleConstraint1.drawStyle: setAttr: No object matches name: rig_ready:export:FACIAL_R_EyesackUpper2_scaleConstraint1.drawStyle

2026-07-08 17:14:07 - MayaTools.CNTManager3 - WARNING - [CNTManager3] 실패 - rig_ready:export:FACIAL_R_EyesackUpper3_parentConstraint1.drawStyle: setAttr: No object matches name: rig_ready:export:FACIAL_R_EyesackUpper3_parentConstraint1.drawStyle

2026-07-08 17:14:07 - MayaTools.CNTManager3 - WARNING - [CNTManager3] 실패 - rig_ready:export:FACIAL_R_EyesackUpper3_scaleConstraint1.drawStyle: setAttr: No object matches name: rig_ready:export:FACIAL_R_EyesackUpper3_scaleConstraint1.drawStyle

2026-07-08 17:14:07 - MayaTools.CNTManager3 - WARNING - [CNTManager3] 실패 - rig_ready:export:FACIAL_R_EyesackUpper_parentConstraint1.drawStyle: setAttr: No object matches name: rig_ready:export:FACIAL_R_EyesackUpper_parentConstraint1.drawStyle

2026-07-08 17:14:07 - MayaTools.CNTManager3 - WARNING - [CNTManager3] 실패 - rig_ready:export:FACIAL_R_EyesackUpper_scaleConstraint1.drawStyle: setAttr: No object matches name: rig_ready:export:FACIAL_R_EyesackUpper_scaleConstraint1.drawStyle

2026-07-08 17:14:07 - MayaTools.CNTManager3 - WARNING - [CNTManager3] 실패 - rig_ready:export:FACIAL_L_EyesackUpper4_parentConstraint1.drawStyle: setAttr: No object matches name: rig_ready:export:FACIAL_L_EyesackUpper4_parentConstraint1.drawStyle

2026-07-08 17:14:07 - MayaTools.CNTManager3 - WARNING - [CNTManager3] 실패 - rig_ready:export:FACIAL_L_EyesackUpper4_scaleConstraint1.drawStyle: setAttr: No object matches name: rig_ready:export:FACIAL_L_EyesackUpper4_scaleConstraint1.drawStyle

2026-07-08 17:14:07 - MayaTools.CNTManager3 - WARNING - [CNTManager3] 실패 - rig_ready:export:FACIAL_R_EyesackUpper4_parentConstraint1.drawStyle: setAttr: No object matches name: rig_ready:export:FACIAL_R_EyesackUpper4_parentConstraint1.drawStyle

2026-07-08 17:14:07 - MayaTools.CNTManager3 - WARNING - [CNTManager3] 실패 - rig_ready:export:FACIAL_R_EyesackUpper4_scaleConstraint1.drawStyle: setAttr: No object matches name: rig_ready:export:FACIAL_R_EyesackUpper4_scaleConstraint1.drawStyle

2026-07-08 17:14:07 - MayaTools.CNTManager3 - WARNING - [CNTManager3] 실패 - rig_ready:export:FACIAL_L_EyelidUpperFurrow1_parentConstraint1.drawStyle: setAttr: No object matches name: rig_ready:export:FACIAL_L_EyelidUpperFurrow1_parentConstraint1.drawStyle

2026-07-08 17:14:07 - MayaTools.CNTManager3 - WARNING - [CNTManager3] 실패 - rig_ready:export:FACIAL_L_EyelidUpperFurrow1_scaleConstraint1.drawStyle: setAttr: No object matches name: rig_ready:export:FACIAL_L_EyelidUpperFurrow1_scaleConstraint1.drawStyle

2026-07-08 17:14:07 - MayaTools.CNTManager3 - WARNING - [CNTManager3] 실패 - rig_ready:export:FACIAL_L_EyelidUpperFurrow2_parentConstraint1.drawStyle: setAttr: No object matches name: rig_ready:export:FACIAL_L_EyelidUpperFurrow2_parentConstraint1.drawStyle

2026-07-08 17:14:07 - MayaTools.CNTManager3 - WARNING - [CNTManager3] 실패 - rig_ready:export:FACIAL_L_EyelidUpperFurrow2_scaleConstraint1.drawStyle: setAttr: No object matches name: rig_ready:export:FACIAL_L_EyelidUpperFurrow2_scaleConstraint1.drawStyle

2026-07-08 17:14:07 - MayaTools.CNTManager3 - WARNING - [CNTManager3] 실패 - rig_ready:export:FACIAL_L_EyelidUpperFurrow3_parentConstraint1.drawStyle: setAttr: No object matches name: rig_ready:export:FACIAL_L_EyelidUpperFurrow3_parentConstraint1.drawStyle

2026-07-08 17:14:07 - MayaTools.CNTManager3 - WARNING - [CNTManager3] 실패 - rig_ready:export:FACIAL_L_EyelidUpperFurrow3_scaleConstraint1.drawStyle: setAttr: No object matches name: rig_ready:export:FACIAL_L_EyelidUpperFurrow3_scaleConstraint1.drawStyle

2026-07-08 17:14:07 - MayaTools.CNTManager3 - WARNING - [CNTManager3] 실패 - rig_ready:export:FACIAL_L_EyelidUpperFurrow_parentConstraint1.drawStyle: setAttr: No object matches name: rig_ready:export:FACIAL_L_EyelidUpperFurrow_parentConstraint1.drawStyle

2026-07-08 17:14:07 - MayaTools.CNTManager3 - WARNING - [CNTManager3] 실패 - rig_ready:export:FACIAL_L_EyelidUpperFurrow_scaleConstraint1.drawStyle: setAttr: No object matches name: rig_ready:export:FACIAL_L_EyelidUpperFurrow_scaleConstraint1.drawStyle

2026-07-08 17:14:07 - MayaTools.CNTManager3 - WARNING - [CNTManager3] 실패 - rig_ready:export:FACIAL_R_EyelidUpperFurrow1_parentConstraint1.drawStyle: setAttr: No object matches name: rig_ready:export:FACIAL_R_EyelidUpperFurrow1_parentConstraint1.drawStyle

2026-07-08 17:14:07 - MayaTools.CNTManager3 - WARNING - [CNTManager3] 실패 - rig_ready:export:FACIAL_R_EyelidUpperFurrow1_scaleConstraint1.drawStyle: setAttr: No object matches name: rig_ready:export:FACIAL_R_EyelidUpperFurrow1_scaleConstraint1.drawStyle

2026-07-08 17:14:07 - MayaTools.CNTManager3 - WARNING - [CNTManager3] 실패 - rig_ready:export:FACIAL_R_EyelidUpperFurrow2_parentConstraint1.drawStyle: setAttr: No object matches name: rig_ready:export:FACIAL_R_EyelidUpperFurrow2_parentConstraint1.drawStyle

2026-07-08 17:14:07 - MayaTools.CNTManager3 - WARNING - [CNTManager3] 실패 - rig_ready:export:FACIAL_R_EyelidUpperFurrow2_scaleConstraint1.drawStyle: setAttr: No object matches name: rig_ready:export:FACIAL_R_EyelidUpperFurrow2_scaleConstraint1.drawStyle

2026-07-08 17:14:07 - MayaTools.CNTManager3 - WARNING - [CNTManager3] 실패 - rig_ready:export:FACIAL_R_EyelidUpperFurrow3_parentConstraint1.drawStyle: setAttr: No object matches name: rig_ready:export:FACIAL_R_EyelidUpperFurrow3_parentConstraint1.drawStyle

2026-07-08 17:14:07 - MayaTools.CNTManager3 - WARNING - [CNTManager3] 실패 - rig_ready:export:FACIAL_R_EyelidUpperFurrow3_scaleConstraint1.drawStyle: setAttr: No object matches name: rig_ready:export:FACIAL_R_EyelidUpperFurrow3_scaleConstraint1.drawStyle

2026-07-08 17:14:07 - MayaTools.CNTManager3 - WARNING - [CNTManager3] 실패 - rig_ready:export:FACIAL_R_EyelidUpperFurrow_parentConstraint1.drawStyle: setAttr: No object matches name: rig_ready:export:FACIAL_R_EyelidUpperFurrow_parentConstraint1.drawStyle

2026-07-08 17:14:07 - MayaTools.CNTManager3 - WARNING - [CNTManager3] 실패 - rig_ready:export:FACIAL_R_EyelidUpperFurrow_scaleConstraint1.drawStyle: setAttr: No object matches name: rig_ready:export:FACIAL_R_EyelidUpperFurrow_scaleConstraint1.drawStyle

2026-07-08 17:14:07 - MayaTools.CNTManager3 - WARNING - [CNTManager3] 실패 - rig_ready:export:FACIAL_L_EyelidUpperB1_parentConstraint1.drawStyle: setAttr: No object matches name: rig_ready:export:FACIAL_L_EyelidUpperB1_parentConstraint1.drawStyle

2026-07-08 17:14:07 - MayaTools.CNTManager3 - WARNING - [CNTManager3] 실패 - rig_ready:export:FACIAL_L_EyelidUpperB1_scaleConstraint1.drawStyle: setAttr: No object matches name: rig_ready:export:FACIAL_L_EyelidUpperB1_scaleConstraint1.drawStyle

2026-07-08 17:14:07 - MayaTools.CNTManager3 - WARNING - [CNTManager3] 실패 - rig_ready:export:FACIAL_L_EyelidUpperB2_parentConstraint1.drawStyle: setAttr: No object matches name: rig_ready:export:FACIAL_L_EyelidUpperB2_parentConstraint1.drawStyle

2026-07-08 17:14:07 - MayaTools.CNTManager3 - WARNING - [CNTManager3] 실패 - rig_ready:export:FACIAL_L_EyelidUpperB2_scaleConstraint1.drawStyle: setAttr: No object matches name: rig_ready:export:FACIAL_L_EyelidUpperB2_scaleConstraint1.drawStyle

2026-07-08 17:14:07 - MayaTools.CNTManager3 - WARNING - [CNTManager3] 실패 - rig_ready:export:FACIAL_L_EyelidUpperB3_parentConstraint1.drawStyle: setAttr: No object matches name: rig_ready:export:FACIAL_L_EyelidUpperB3_parentConstraint1.drawStyle

2026-07-08 17:14:07 - MayaTools.CNTManager3 - WARNING - [CNTManager3] 실패 - rig_ready:export:FACIAL_L_EyelidUpperB3_scaleConstraint1.drawStyle: setAttr: No object matches name: rig_ready:export:FACIAL_L_EyelidUpperB3_scaleConstraint1.drawStyle

2026-07-08 17:14:07 - MayaTools.CNTManager3 - WARNING - [CNTManager3] 실패 - rig_ready:export:FACIAL_L_EyelidUpperB_parentConstraint1.drawStyle: setAttr: No object matches name: rig_ready:export:FACIAL_L_EyelidUpperB_parentConstraint1.drawStyle

2026-07-08 17:14:07 - MayaTools.CNTManager3 - WARNING - [CNTManager3] 실패 - rig_ready:export:FACIAL_L_EyelidUpperB_scaleConstraint1.drawStyle: setAttr: No object matches name: rig_ready:export:FACIAL_L_EyelidUpperB_scaleConstraint1.drawStyle

2026-07-08 17:14:07 - MayaTools.CNTManager3 - WARNING - [CNTManager3] 실패 - rig_ready:export:FACIAL_R_EyelidUpperB1_parentConstraint1.drawStyle: setAttr: No object matches name: rig_ready:export:FACIAL_R_EyelidUpperB1_parentConstraint1.drawStyle

2026-07-08 17:14:07 - MayaTools.CNTManager3 - WARNING - [CNTManager3] 실패 - rig_ready:export:FACIAL_R_EyelidUpperB1_scaleConstraint1.drawStyle: setAttr: No object matches name: rig_ready:export:FACIAL_R_EyelidUpperB1_scaleConstraint1.drawStyle

2026-07-08 17:14:07 - MayaTools.CNTManager3 - WARNING - [CNTManager3] 실패 - rig_ready:export:FACIAL_R_EyelidUpperB2_parentConstraint1.drawStyle: setAttr: No object matches name: rig_ready:export:FACIAL_R_EyelidUpperB2_parentConstraint1.drawStyle

2026-07-08 17:14:07 - MayaTools.CNTManager3 - WARNING - [CNTManager3] 실패 - rig_ready:export:FACIAL_R_EyelidUpperB2_scaleConstraint1.drawStyle: setAttr: No object matches name: rig_ready:export:FACIAL_R_EyelidUpperB2_scaleConstraint1.drawStyle

2026-07-08 17:14:07 - MayaTools.CNTManager3 - WARNING - [CNTManager3] 실패 - rig_ready:export:FACIAL_R_EyelidUpperB3_parentConstraint1.drawStyle: setAttr: No object matches name: rig_ready:export:FACIAL_R_EyelidUpperB3_parentConstraint1.drawStyle

2026-07-08 17:14:07 - MayaTools.CNTManager3 - WARNING - [CNTManager3] 실패 - rig_ready:export:FACIAL_R_EyelidUpperB3_scaleConstraint1.drawStyle: setAttr: No object matches name: rig_ready:export:FACIAL_R_EyelidUpperB3_scaleConstraint1.drawStyle

2026-07-08 17:14:07 - MayaTools.CNTManager3 - WARNING - [CNTManager3] 실패 - rig_ready:export:FACIAL_R_EyelidUpperB_parentConstraint1.drawStyle: setAttr: No object matches name: rig_ready:export:FACIAL_R_EyelidUpperB_parentConstraint1.drawStyle

2026-07-08 17:14:07 - MayaTools.CNTManager3 - WARNING - [CNTManager3] 실패 - rig_ready:export:FACIAL_R_EyelidUpperB_scaleConstraint1.drawStyle: setAttr: No object matches name: rig_ready:export:FACIAL_R_EyelidUpperB_scaleConstraint1.drawStyle

2026-07-08 17:14:07 - MayaTools.CNTManager3 - WARNING - [CNTManager3] 실패 - rig_ready:export:FACIAL_L_EyelashesUpperA1_parentConstraint1.drawStyle: setAttr: No object matches name: rig_ready:export:FACIAL_L_EyelashesUpperA1_parentConstraint1.drawStyle

2026-07-08 17:14:07 - MayaTools.CNTManager3 - WARNING - [CNTManager3] 실패 - rig_ready:export:FACIAL_L_EyelashesUpperA1_scaleConstraint1.drawStyle: setAttr: No object matches name: rig_ready:export:FACIAL_L_EyelashesUpperA1_scaleConstraint1.drawStyle

2026-07-08 17:14:07 - MayaTools.CNTManager3 - WARNING - [CNTManager3] 실패 - rig_ready:export:FACIAL_L_EyelidUpperA1_parentConstraint1.drawStyle: setAttr: No object matches name: rig_ready:export:FACIAL_L_EyelidUpperA1_parentConstraint1.drawStyle

2026-07-08 17:14:07 - MayaTools.CNTManager3 - WARNING - [CNTManager3] 실패 - rig_ready:export:FACIAL_L_EyelidUpperA1_scaleConstraint1.drawStyle: setAttr: No object matches name: rig_ready:export:FACIAL_L_EyelidUpperA1_scaleConstraint1.drawStyle

2026-07-08 17:14:07 - MayaTools.CNTManager3 - WARNING - [CNTManager3] 실패 - rig_ready:export:FACIAL_L_EyelashesUpperA2_parentConstraint1.drawStyle: setAttr: No object matches name: rig_ready:export:FACIAL_L_EyelashesUpperA2_parentConstraint1.drawStyle

2026-07-08 17:14:07 - MayaTools.CNTManager3 - WARNING - [CNTManager3] 실패 - rig_ready:export:FACIAL_L_EyelashesUpperA2_scaleConstraint1.drawStyle: setAttr: No object matches name: rig_ready:export:FACIAL_L_EyelashesUpperA2_scaleConstraint1.drawStyle

2026-07-08 17:14:07 - MayaTools.CNTManager3 - WARNING - [CNTManager3] 실패 - rig_ready:export:FACIAL_L_EyelidUpperA2_parentConstraint1.drawStyle: setAttr: No object matches name: rig_ready:export:FACIAL_L_EyelidUpperA2_parentConstraint1.drawStyle

2026-07-08 17:14:07 - MayaTools.CNTManager3 - WARNING - [CNTManager3] 실패 - rig_ready:export:FACIAL_L_EyelidUpperA2_scaleConstraint1.drawStyle: setAttr: No object matches name: rig_ready:export:FACIAL_L_EyelidUpperA2_scaleConstraint1.drawStyle

2026-07-08 17:14:07 - MayaTools.CNTManager3 - WARNING - [CNTManager3] 실패 - rig_ready:export:FACIAL_L_EyelashesUpperA3_parentConstraint1.drawStyle: setAttr: No object matches name: rig_ready:export:FACIAL_L_EyelashesUpperA3_parentConstraint1.drawStyle

2026-07-08 17:14:07 - MayaTools.CNTManager3 - WARNING - [CNTManager3] 실패 - rig_ready:export:FACIAL_L_EyelashesUpperA3_scaleConstraint1.drawStyle: setAttr: No object matches name: rig_ready:export:FACIAL_L_EyelashesUpperA3_scaleConstraint1.drawStyle

2026-07-08 17:14:07 - MayaTools.CNTManager3 - WARNING - [CNTManager3] 실패 - rig_ready:export:FACIAL_L_EyelidUpperA3_parentConstraint1.drawStyle: setAttr: No object matches name: rig_ready:export:FACIAL_L_EyelidUpperA3_parentConstraint1.drawStyle

2026-07-08 17:14:07 - MayaTools.CNTManager3 - WARNING - [CNTManager3] 실패 - rig_ready:export:FACIAL_L_EyelidUpperA3_scaleConstraint1.drawStyle: setAttr: No object matches name: rig_ready:export:FACIAL_L_EyelidUpperA3_scaleConstraint1.drawStyle

2026-07-08 17:14:07 - MayaTools.CNTManager3 - WARNING - [CNTManager3] 실패 - rig_ready:export:FACIAL_L_EyelidUpperA_parentConstraint1.drawStyle: setAttr: No object matches name: rig_ready:export:FACIAL_L_EyelidUpperA_parentConstraint1.drawStyle

2026-07-08 17:14:07 - MayaTools.CNTManager3 - WARNING - [CNTManager3] 실패 - rig_ready:export:FACIAL_L_EyelidUpperA_scaleConstraint1.drawStyle: setAttr: No object matches name: rig_ready:export:FACIAL_L_EyelidUpperA_scaleConstraint1.drawStyle

2026-07-08 17:14:07 - MayaTools.CNTManager3 - WARNING - [CNTManager3] 실패 - rig_ready:export:FACIAL_R_EyelashesUpperA1_parentConstraint1.drawStyle: setAttr: No object matches name: rig_ready:export:FACIAL_R_EyelashesUpperA1_parentConstraint1.drawStyle

2026-07-08 17:14:07 - MayaTools.CNTManager3 - WARNING - [CNTManager3] 실패 - rig_ready:export:FACIAL_R_EyelashesUpperA1_scaleConstraint1.drawStyle: setAttr: No object matches name: rig_ready:export:FACIAL_R_EyelashesUpperA1_scaleConstraint1.drawStyle

2026-07-08 17:14:07 - MayaTools.CNTManager3 - WARNING - [CNTManager3] 실패 - rig_ready:export:FACIAL_R_EyelidUpperA1_parentConstraint1.drawStyle: setAttr: No object matches name: rig_ready:export:FACIAL_R_EyelidUpperA1_parentConstraint1.drawStyle

2026-07-08 17:14:07 - MayaTools.CNTManager3 - WARNING - [CNTManager3] 실패 - rig_ready:export:FACIAL_R_EyelidUpperA1_scaleConstraint1.drawStyle: setAttr: No object matches name: rig_ready:export:FACIAL_R_EyelidUpperA1_scaleConstraint1.drawStyle

2026-07-08 17:14:07 - MayaTools.CNTManager3 - WARNING - [CNTManager3] 실패 - rig_ready:export:FACIAL_R_EyelashesUpperA2_parentConstraint1.drawStyle: setAttr: No object matches name: rig_ready:export:FACIAL_R_EyelashesUpperA2_parentConstraint1.drawStyle

2026-07-08 17:14:07 - MayaTools.CNTManager3 - WARNING - [CNTManager3] 실패 - rig_ready:export:FACIAL_R_EyelashesUpperA2_scaleConstraint1.drawStyle: setAttr: No object matches name: rig_ready:export:FACIAL_R_EyelashesUpperA2_scaleConstraint1.drawStyle

2026-07-08 17:14:07 - MayaTools.CNTManager3 - WARNING - [CNTManager3] 실패 - rig_ready:export:FACIAL_R_EyelidUpperA2_parentConstraint1.drawStyle: setAttr: No object matches name: rig_ready:export:FACIAL_R_EyelidUpperA2_parentConstraint1.drawStyle

2026-07-08 17:14:07 - MayaTools.CNTManager3 - WARNING - [CNTManager3] 실패 - rig_ready:export:FACIAL_R_EyelidUpperA2_scaleConstraint1.drawStyle: setAttr: No object matches name: rig_ready:export:FACIAL_R_EyelidUpperA2_scaleConstraint1.drawStyle

2026-07-08 17:14:07 - MayaTools.CNTManager3 - WARNING - [CNTManager3] 실패 - rig_ready:export:FACIAL_R_EyelashesUpperA3_parentConstraint1.drawStyle: setAttr: No object matches name: rig_ready:export:FACIAL_R_EyelashesUpperA3_parentConstraint1.drawStyle

2026-07-08 17:14:07 - MayaTools.CNTManager3 - WARNING - [CNTManager3] 실패 - rig_ready:export:FACIAL_R_EyelashesUpperA3_scaleConstraint1.drawStyle: setAttr: No object matches name: rig_ready:export:FACIAL_R_EyelashesUpperA3_scaleConstraint1.drawStyle

2026-07-08 17:14:07 - MayaTools.CNTManager3 - WARNING - [CNTManager3] 실패 - rig_ready:export:FACIAL_R_EyelidUpperA3_parentConstraint1.drawStyle: setAttr: No object matches name: rig_ready:export:FACIAL_R_EyelidUpperA3_parentConstraint1.drawStyle

2026-07-08 17:14:07 - MayaTools.CNTManager3 - WARNING - [CNTManager3] 실패 - rig_ready:export:FACIAL_R_EyelidUpperA3_scaleConstraint1.drawStyle: setAttr: No object matches name: rig_ready:export:FACIAL_R_EyelidUpperA3_scaleConstraint1.drawStyle

2026-07-08 17:14:07 - MayaTools.CNTManager3 - WARNING - [CNTManager3] 실패 - rig_ready:export:FACIAL_R_EyelidUpperA_parentConstraint1.drawStyle: setAttr: No object matches name: rig_ready:export:FACIAL_R_EyelidUpperA_parentConstraint1.drawStyle

2026-07-08 17:14:07 - MayaTools.CNTManager3 - WARNING - [CNTManager3] 실패 - rig_ready:export:FACIAL_R_EyelidUpperA_scaleConstraint1.drawStyle: setAttr: No object matches name: rig_ready:export:FACIAL_R_EyelidUpperA_scaleConstraint1.drawStyle

2026-07-08 17:14:07 - MayaTools.CNTManager3 - WARNING - [CNTManager3] 실패 - rig_ready:export:FACIAL_L_Pupil_parentConstraint1.drawStyle: setAttr: No object matches name: rig_ready:export:FACIAL_L_Pupil_parentConstraint1.drawStyle

2026-07-08 17:14:07 - MayaTools.CNTManager3 - WARNING - [CNTManager3] 실패 - rig_ready:export:FACIAL_L_Pupil_scaleConstraint1.drawStyle: setAttr: No object matches name: rig_ready:export:FACIAL_L_Pupil_scaleConstraint1.drawStyle

2026-07-08 17:14:07 - MayaTools.CNTManager3 - WARNING - [CNTManager3] 실패 - rig_ready:export:FACIAL_L_EyeParallel_parentConstraint1.drawStyle: setAttr: No object matches name: rig_ready:export:FACIAL_L_EyeParallel_parentConstraint1.drawStyle

2026-07-08 17:14:07 - MayaTools.CNTManager3 - WARNING - [CNTManager3] 실패 - rig_ready:export:FACIAL_L_EyeParallel_scaleConstraint1.drawStyle: setAttr: No object matches name: rig_ready:export:FACIAL_L_EyeParallel_scaleConstraint1.drawStyle

2026-07-08 17:14:07 - MayaTools.CNTManager3 - WARNING - [CNTManager3] 실패 - rig_ready:export:FACIAL_L_Eye_parentConstraint1.drawStyle: setAttr: No object matches name: rig_ready:export:FACIAL_L_Eye_parentConstraint1.drawStyle

2026-07-08 17:14:07 - MayaTools.CNTManager3 - WARNING - [CNTManager3] 실패 - rig_ready:export:FACIAL_L_Eye_scaleConstraint1.drawStyle: setAttr: No object matches name: rig_ready:export:FACIAL_L_Eye_scaleConstraint1.drawStyle

2026-07-08 17:14:07 - MayaTools.CNTManager3 - WARNING - [CNTManager3] 실패 - rig_ready:export:FACIAL_R_Pupil_parentConstraint1.drawStyle: setAttr: No object matches name: rig_ready:export:FACIAL_R_Pupil_parentConstraint1.drawStyle

2026-07-08 17:14:07 - MayaTools.CNTManager3 - WARNING - [CNTManager3] 실패 - rig_ready:export:FACIAL_R_Pupil_scaleConstraint1.drawStyle: setAttr: No object matches name: rig_ready:export:FACIAL_R_Pupil_scaleConstraint1.drawStyle

2026-07-08 17:14:07 - MayaTools.CNTManager3 - WARNING - [CNTManager3] 실패 - rig_ready:export:FACIAL_R_EyeParallel_parentConstraint1.drawStyle: setAttr: No object matches name: rig_ready:export:FACIAL_R_EyeParallel_parentConstraint1.drawStyle

2026-07-08 17:14:07 - MayaTools.CNTManager3 - WARNING - [CNTManager3] 실패 - rig_ready:export:FACIAL_R_EyeParallel_scaleConstraint1.drawStyle: setAttr: No object matches name: rig_ready:export:FACIAL_R_EyeParallel_scaleConstraint1.drawStyle

2026-07-08 17:14:07 - MayaTools.CNTManager3 - WARNING - [CNTManager3] 실패 - rig_ready:export:FACIAL_R_Eye_parentConstraint1.drawStyle: setAttr: No object matches name: rig_ready:export:FACIAL_R_Eye_parentConstraint1.drawStyle

2026-07-08 17:14:07 - MayaTools.CNTManager3 - WARNING - [CNTManager3] 실패 - rig_ready:export:FACIAL_R_Eye_scaleConstraint1.drawStyle: setAttr: No object matches name: rig_ready:export:FACIAL_R_Eye_scaleConstraint1.drawStyle

2026-07-08 17:14:07 - MayaTools.CNTManager3 - WARNING - [CNTManager3] 실패 - rig_ready:export:FACIAL_L_EyelidLowerA1_parentConstraint1.drawStyle: setAttr: No object matches name: rig_ready:export:FACIAL_L_EyelidLowerA1_parentConstraint1.drawStyle

2026-07-08 17:14:07 - MayaTools.CNTManager3 - WARNING - [CNTManager3] 실패 - rig_ready:export:FACIAL_L_EyelidLowerA1_scaleConstraint1.drawStyle: setAttr: No object matches name: rig_ready:export:FACIAL_L_EyelidLowerA1_scaleConstraint1.drawStyle

2026-07-08 17:14:07 - MayaTools.CNTManager3 - WARNING - [CNTManager3] 실패 - rig_ready:export:FACIAL_L_EyelidLowerA2_parentConstraint1.drawStyle: setAttr: No object matches name: rig_ready:export:FACIAL_L_EyelidLowerA2_parentConstraint1.drawStyle

2026-07-08 17:14:07 - MayaTools.CNTManager3 - WARNING - [CNTManager3] 실패 - rig_ready:export:FACIAL_L_EyelidLowerA2_scaleConstraint1.drawStyle: setAttr: No object matches name: rig_ready:export:FACIAL_L_EyelidLowerA2_scaleConstraint1.drawStyle

2026-07-08 17:14:07 - MayaTools.CNTManager3 - WARNING - [CNTManager3] 실패 - rig_ready:export:FACIAL_L_EyelidLowerA3_parentConstraint1.drawStyle: setAttr: No object matches name: rig_ready:export:FACIAL_L_EyelidLowerA3_parentConstraint1.drawStyle

2026-07-08 17:14:07 - MayaTools.CNTManager3 - WARNING - [CNTManager3] 실패 - rig_ready:export:FACIAL_L_EyelidLowerA3_scaleConstraint1.drawStyle: setAttr: No object matches name: rig_ready:export:FACIAL_L_EyelidLowerA3_scaleConstraint1.drawStyle

2026-07-08 17:14:07 - MayaTools.CNTManager3 - WARNING - [CNTManager3] 실패 - rig_ready:export:FACIAL_L_EyelidLowerA_parentConstraint1.drawStyle: setAttr: No object matches name: rig_ready:export:FACIAL_L_EyelidLowerA_parentConstraint1.drawStyle

2026-07-08 17:14:07 - MayaTools.CNTManager3 - WARNING - [CNTManager3] 실패 - rig_ready:export:FACIAL_L_EyelidLowerA_scaleConstraint1.drawStyle: setAttr: No object matches name: rig_ready:export:FACIAL_L_EyelidLowerA_scaleConstraint1.drawStyle

2026-07-08 17:14:07 - MayaTools.CNTManager3 - WARNING - [CNTManager3] 실패 - rig_ready:export:FACIAL_R_EyelidLowerA1_parentConstraint1.drawStyle: setAttr: No object matches name: rig_ready:export:FACIAL_R_EyelidLowerA1_parentConstraint1.drawStyle

2026-07-08 17:14:07 - MayaTools.CNTManager3 - WARNING - [CNTManager3] 실패 - rig_ready:export:FACIAL_R_EyelidLowerA1_scaleConstraint1.drawStyle: setAttr: No object matches name: rig_ready:export:FACIAL_R_EyelidLowerA1_scaleConstraint1.drawStyle

2026-07-08 17:14:07 - MayaTools.CNTManager3 - WARNING - [CNTManager3] 실패 - rig_ready:export:FACIAL_R_EyelidLowerA2_parentConstraint1.drawStyle: setAttr: No object matches name: rig_ready:export:FACIAL_R_EyelidLowerA2_parentConstraint1.drawStyle

2026-07-08 17:14:07 - MayaTools.CNTManager3 - WARNING - [CNTManager3] 실패 - rig_ready:export:FACIAL_R_EyelidLowerA2_scaleConstraint1.drawStyle: setAttr: No object matches name: rig_ready:export:FACIAL_R_EyelidLowerA2_scaleConstraint1.drawStyle

2026-07-08 17:14:07 - MayaTools.CNTManager3 - WARNING - [CNTManager3] 실패 - rig_ready:export:FACIAL_R_EyelidLowerA3_parentConstraint1.drawStyle: setAttr: No object matches name: rig_ready:export:FACIAL_R_EyelidLowerA3_parentConstraint1.drawStyle

2026-07-08 17:14:07 - MayaTools.CNTManager3 - WARNING - [CNTManager3] 실패 - rig_ready:export:FACIAL_R_EyelidLowerA3_scaleConstraint1.drawStyle: setAttr: No object matches name: rig_ready:export:FACIAL_R_EyelidLowerA3_scaleConstraint1.drawStyle

2026-07-08 17:14:07 - MayaTools.CNTManager3 - WARNING - [CNTManager3] 실패 - rig_ready:export:FACIAL_R_EyelidLowerA_parentConstraint1.drawStyle: setAttr: No object matches name: rig_ready:export:FACIAL_R_EyelidLowerA_parentConstraint1.drawStyle

2026-07-08 17:14:07 - MayaTools.CNTManager3 - WARNING - [CNTManager3] 실패 - rig_ready:export:FACIAL_R_EyelidLowerA_scaleConstraint1.drawStyle: setAttr: No object matches name: rig_ready:export:FACIAL_R_EyelidLowerA_scaleConstraint1.drawStyle

2026-07-08 17:14:07 - MayaTools.CNTManager3 - WARNING - [CNTManager3] 실패 - rig_ready:export:FACIAL_L_EyelidLowerB1_parentConstraint1.drawStyle: setAttr: No object matches name: rig_ready:export:FACIAL_L_EyelidLowerB1_parentConstraint1.drawStyle

2026-07-08 17:14:07 - MayaTools.CNTManager3 - WARNING - [CNTManager3] 실패 - rig_ready:export:FACIAL_L_EyelidLowerB1_scaleConstraint1.drawStyle: setAttr: No object matches name: rig_ready:export:FACIAL_L_EyelidLowerB1_scaleConstraint1.drawStyle

2026-07-08 17:14:07 - MayaTools.CNTManager3 - WARNING - [CNTManager3] 실패 - rig_ready:export:FACIAL_L_EyelidLowerB2_parentConstraint1.drawStyle: setAttr: No object matches name: rig_ready:export:FACIAL_L_EyelidLowerB2_parentConstraint1.drawStyle

2026-07-08 17:14:07 - MayaTools.CNTManager3 - WARNING - [CNTManager3] 실패 - rig_ready:export:FACIAL_L_EyelidLowerB2_scaleConstraint1.drawStyle: setAttr: No object matches name: rig_ready:export:FACIAL_L_EyelidLowerB2_scaleConstraint1.drawStyle

2026-07-08 17:14:07 - MayaTools.CNTManager3 - WARNING - [CNTManager3] 실패 - rig_ready:export:FACIAL_L_EyelidLowerB3_parentConstraint1.drawStyle: setAttr: No object matches name: rig_ready:export:FACIAL_L_EyelidLowerB3_parentConstraint1.drawStyle

2026-07-08 17:14:07 - MayaTools.CNTManager3 - WARNING - [CNTManager3] 실패 - rig_ready:export:FACIAL_L_EyelidLowerB3_scaleConstraint1.drawStyle: setAttr: No object matches name: rig_ready:export:FACIAL_L_EyelidLowerB3_scaleConstraint1.drawStyle

2026-07-08 17:14:07 - MayaTools.CNTManager3 - WARNING - [CNTManager3] 실패 - rig_ready:export:FACIAL_L_EyelidLowerB_parentConstraint1.drawStyle: setAttr: No object matches name: rig_ready:export:FACIAL_L_EyelidLowerB_parentConstraint1.drawStyle

2026-07-08 17:14:07 - MayaTools.CNTManager3 - WARNING - [CNTManager3] 실패 - rig_ready:export:FACIAL_L_EyelidLowerB_scaleConstraint1.drawStyle: setAttr: No object matches name: rig_ready:export:FACIAL_L_EyelidLowerB_scaleConstraint1.drawStyle

2026-07-08 17:14:07 - MayaTools.CNTManager3 - WARNING - [CNTManager3] 실패 - rig_ready:export:FACIAL_R_EyelidLowerB1_parentConstraint1.drawStyle: setAttr: No object matches name: rig_ready:export:FACIAL_R_EyelidLowerB1_parentConstraint1.drawStyle

2026-07-08 17:14:07 - MayaTools.CNTManager3 - WARNING - [CNTManager3] 실패 - rig_ready:export:FACIAL_R_EyelidLowerB1_scaleConstraint1.drawStyle: setAttr: No object matches name: rig_ready:export:FACIAL_R_EyelidLowerB1_scaleConstraint1.drawStyle

2026-07-08 17:14:07 - MayaTools.CNTManager3 - WARNING - [CNTManager3] 실패 - rig_ready:export:FACIAL_R_EyelidLowerB2_parentConstraint1.drawStyle: setAttr: No object matches name: rig_ready:export:FACIAL_R_EyelidLowerB2_parentConstraint1.drawStyle

2026-07-08 17:14:07 - MayaTools.CNTManager3 - WARNING - [CNTManager3] 실패 - rig_ready:export:FACIAL_R_EyelidLowerB2_scaleConstraint1.drawStyle: setAttr: No object matches name: rig_ready:export:FACIAL_R_EyelidLowerB2_scaleConstraint1.drawStyle

2026-07-08 17:14:07 - MayaTools.CNTManager3 - WARNING - [CNTManager3] 실패 - rig_ready:export:FACIAL_R_EyelidLowerB3_parentConstraint1.drawStyle: setAttr: No object matches name: rig_ready:export:FACIAL_R_EyelidLowerB3_parentConstraint1.drawStyle

2026-07-08 17:14:07 - MayaTools.CNTManager3 - WARNING - [CNTManager3] 실패 - rig_ready:export:FACIAL_R_EyelidLowerB3_scaleConstraint1.drawStyle: setAttr: No object matches name: rig_ready:export:FACIAL_R_EyelidLowerB3_scaleConstraint1.drawStyle

2026-07-08 17:14:07 - MayaTools.CNTManager3 - WARNING - [CNTManager3] 실패 - rig_ready:export:FACIAL_R_EyelidLowerB_parentConstraint1.drawStyle: setAttr: No object matches name: rig_ready:export:FACIAL_R_EyelidLowerB_parentConstraint1.drawStyle

2026-07-08 17:14:07 - MayaTools.CNTManager3 - WARNING - [CNTManager3] 실패 - rig_ready:export:FACIAL_R_EyelidLowerB_scaleConstraint1.drawStyle: setAttr: No object matches name: rig_ready:export:FACIAL_R_EyelidLowerB_scaleConstraint1.drawStyle

2026-07-08 17:14:07 - MayaTools.CNTManager3 - WARNING - [CNTManager3] 실패 - rig_ready:export:FACIAL_L_EyeCornerInner1_parentConstraint1.drawStyle: setAttr: No object matches name: rig_ready:export:FACIAL_L_EyeCornerInner1_parentConstraint1.drawStyle

2026-07-08 17:14:07 - MayaTools.CNTManager3 - WARNING - [CNTManager3] 실패 - rig_ready:export:FACIAL_L_EyeCornerInner1_scaleConstraint1.drawStyle: setAttr: No object matches name: rig_ready:export:FACIAL_L_EyeCornerInner1_scaleConstraint1.drawStyle

2026-07-08 17:14:07 - MayaTools.CNTManager3 - WARNING - [CNTManager3] 실패 - rig_ready:export:FACIAL_L_EyeCornerInner2_parentConstraint1.drawStyle: setAttr: No object matches name: rig_ready:export:FACIAL_L_EyeCornerInner2_parentConstraint1.drawStyle

2026-07-08 17:14:07 - MayaTools.CNTManager3 - WARNING - [CNTManager3] 실패 - rig_ready:export:FACIAL_L_EyeCornerInner2_scaleConstraint1.drawStyle: setAttr: No object matches name: rig_ready:export:FACIAL_L_EyeCornerInner2_scaleConstraint1.drawStyle

2026-07-08 17:14:07 - MayaTools.CNTManager3 - WARNING - [CNTManager3] 실패 - rig_ready:export:FACIAL_L_EyeCornerInner_parentConstraint1.drawStyle: setAttr: No object matches name: rig_ready:export:FACIAL_L_EyeCornerInner_parentConstraint1.drawStyle

2026-07-08 17:14:07 - MayaTools.CNTManager3 - WARNING - [CNTManager3] 실패 - rig_ready:export:FACIAL_L_EyeCornerInner_scaleConstraint1.drawStyle: setAttr: No object matches name: rig_ready:export:FACIAL_L_EyeCornerInner_scaleConstraint1.drawStyle

2026-07-08 17:14:07 - MayaTools.CNTManager3 - WARNING - [CNTManager3] 실패 - rig_ready:export:FACIAL_R_EyeCornerInner1_parentConstraint1.drawStyle: setAttr: No object matches name: rig_ready:export:FACIAL_R_EyeCornerInner1_parentConstraint1.drawStyle

2026-07-08 17:14:07 - MayaTools.CNTManager3 - WARNING - [CNTManager3] 실패 - rig_ready:export:FACIAL_R_EyeCornerInner1_scaleConstraint1.drawStyle: setAttr: No object matches name: rig_ready:export:FACIAL_R_EyeCornerInner1_scaleConstraint1.drawStyle

2026-07-08 17:14:07 - MayaTools.CNTManager3 - WARNING - [CNTManager3] 실패 - rig_ready:export:FACIAL_R_EyeCornerInner2_parentConstraint1.drawStyle: setAttr: No object matches name: rig_ready:export:FACIAL_R_EyeCornerInner2_parentConstraint1.drawStyle

2026-07-08 17:14:07 - MayaTools.CNTManager3 - WARNING - [CNTManager3] 실패 - rig_ready:export:FACIAL_R_EyeCornerInner2_scaleConstraint1.drawStyle: setAttr: No object matches name: rig_ready:export:FACIAL_R_EyeCornerInner2_scaleConstraint1.drawStyle

2026-07-08 17:14:07 - MayaTools.CNTManager3 - WARNING - [CNTManager3] 실패 - rig_ready:export:FACIAL_R_EyeCornerInner_parentConstraint1.drawStyle: setAttr: No object matches name: rig_ready:export:FACIAL_R_EyeCornerInner_parentConstraint1.drawStyle

2026-07-08 17:14:07 - MayaTools.CNTManager3 - WARNING - [CNTManager3] 실패 - rig_ready:export:FACIAL_R_EyeCornerInner_scaleConstraint1.drawStyle: setAttr: No object matches name: rig_ready:export:FACIAL_R_EyeCornerInner_scaleConstraint1.drawStyle

2026-07-08 17:14:07 - MayaTools.CNTManager3 - WARNING - [CNTManager3] 실패 - rig_ready:export:FACIAL_L_EyelashesCornerOuter1_parentConstraint1.drawStyle: setAttr: No object matches name: rig_ready:export:FACIAL_L_EyelashesCornerOuter1_parentConstraint1.drawStyle

2026-07-08 17:14:07 - MayaTools.CNTManager3 - WARNING - [CNTManager3] 실패 - rig_ready:export:FACIAL_L_EyelashesCornerOuter1_scaleConstraint1.drawStyle: setAttr: No object matches name: rig_ready:export:FACIAL_L_EyelashesCornerOuter1_scaleConstraint1.drawStyle

2026-07-08 17:14:07 - MayaTools.CNTManager3 - WARNING - [CNTManager3] 실패 - rig_ready:export:FACIAL_L_EyeCornerOuter1_parentConstraint1.drawStyle: setAttr: No object matches name: rig_ready:export:FACIAL_L_EyeCornerOuter1_parentConstraint1.drawStyle

2026-07-08 17:14:07 - MayaTools.CNTManager3 - WARNING - [CNTManager3] 실패 - rig_ready:export:FACIAL_L_EyeCornerOuter1_scaleConstraint1.drawStyle: setAttr: No object matches name: rig_ready:export:FACIAL_L_EyeCornerOuter1_scaleConstraint1.drawStyle

2026-07-08 17:14:07 - MayaTools.CNTManager3 - WARNING - [CNTManager3] 실패 - rig_ready:export:FACIAL_L_EyeCornerOuter2_parentConstraint1.drawStyle: setAttr: No object matches name: rig_ready:export:FACIAL_L_EyeCornerOuter2_parentConstraint1.drawStyle

2026-07-08 17:14:07 - MayaTools.CNTManager3 - WARNING - [CNTManager3] 실패 - rig_ready:export:FACIAL_L_EyeCornerOuter2_scaleConstraint1.drawStyle: setAttr: No object matches name: rig_ready:export:FACIAL_L_EyeCornerOuter2_scaleConstraint1.drawStyle

2026-07-08 17:14:07 - MayaTools.CNTManager3 - WARNING - [CNTManager3] 실패 - rig_ready:export:FACIAL_L_EyeCornerOuter_parentConstraint1.drawStyle: setAttr: No object matches name: rig_ready:export:FACIAL_L_EyeCornerOuter_parentConstraint1.drawStyle

2026-07-08 17:14:07 - MayaTools.CNTManager3 - WARNING - [CNTManager3] 실패 - rig_ready:export:FACIAL_L_EyeCornerOuter_scaleConstraint1.drawStyle: setAttr: No object matches name: rig_ready:export:FACIAL_L_EyeCornerOuter_scaleConstraint1.drawStyle

2026-07-08 17:14:07 - MayaTools.CNTManager3 - WARNING - [CNTManager3] 실패 - rig_ready:export:FACIAL_R_EyelashesCornerOuter1_parentConstraint1.drawStyle: setAttr: No object matches name: rig_ready:export:FACIAL_R_EyelashesCornerOuter1_parentConstraint1.drawStyle

2026-07-08 17:14:07 - MayaTools.CNTManager3 - WARNING - [CNTManager3] 실패 - rig_ready:export:FACIAL_R_EyelashesCornerOuter1_scaleConstraint1.drawStyle: setAttr: No object matches name: rig_ready:export:FACIAL_R_EyelashesCornerOuter1_scaleConstraint1.drawStyle

2026-07-08 17:14:07 - MayaTools.CNTManager3 - WARNING - [CNTManager3] 실패 - rig_ready:export:FACIAL_R_EyeCornerOuter1_parentConstraint1.drawStyle: setAttr: No object matches name: rig_ready:export:FACIAL_R_EyeCornerOuter1_parentConstraint1.drawStyle

2026-07-08 17:14:07 - MayaTools.CNTManager3 - WARNING - [CNTManager3] 실패 - rig_ready:export:FACIAL_R_EyeCornerOuter1_scaleConstraint1.drawStyle: setAttr: No object matches name: rig_ready:export:FACIAL_R_EyeCornerOuter1_scaleConstraint1.drawStyle

2026-07-08 17:14:07 - MayaTools.CNTManager3 - WARNING - [CNTManager3] 실패 - rig_ready:export:FACIAL_R_EyeCornerOuter2_parentConstraint1.drawStyle: setAttr: No object matches name: rig_ready:export:FACIAL_R_EyeCornerOuter2_parentConstraint1.drawStyle

2026-07-08 17:14:07 - MayaTools.CNTManager3 - WARNING - [CNTManager3] 실패 - rig_ready:export:FACIAL_R_EyeCornerOuter2_scaleConstraint1.drawStyle: setAttr: No object matches name: rig_ready:export:FACIAL_R_EyeCornerOuter2_scaleConstraint1.drawStyle

2026-07-08 17:14:07 - MayaTools.CNTManager3 - WARNING - [CNTManager3] 실패 - rig_ready:export:FACIAL_R_EyeCornerOuter_parentConstraint1.drawStyle: setAttr: No object matches name: rig_ready:export:FACIAL_R_EyeCornerOuter_parentConstraint1.drawStyle

2026-07-08 17:14:07 - MayaTools.CNTManager3 - WARNING - [CNTManager3] 실패 - rig_ready:export:FACIAL_R_EyeCornerOuter_scaleConstraint1.drawStyle: setAttr: No object matches name: rig_ready:export:FACIAL_R_EyeCornerOuter_scaleConstraint1.drawStyle

2026-07-08 17:14:07 - MayaTools.CNTManager3 - WARNING - [CNTManager3] 실패 - rig_ready:export:FACIAL_L_12IPV_EyeCornerO1_parentConstraint1.drawStyle: setAttr: No object matches name: rig_ready:export:FACIAL_L_12IPV_EyeCornerO1_parentConstraint1.drawStyle

2026-07-08 17:14:07 - MayaTools.CNTManager3 - WARNING - [CNTManager3] 실패 - rig_ready:export:FACIAL_L_12IPV_EyeCornerO1_scaleConstraint1.drawStyle: setAttr: No object matches name: rig_ready:export:FACIAL_L_12IPV_EyeCornerO1_scaleConstraint1.drawStyle

2026-07-08 17:14:07 - MayaTools.CNTManager3 - WARNING - [CNTManager3] 실패 - rig_ready:export:FACIAL_R_12IPV_EyeCornerO1_parentConstraint1.drawStyle: setAttr: No object matches name: rig_ready:export:FACIAL_R_12IPV_EyeCornerO1_parentConstraint1.drawStyle

2026-07-08 17:14:07 - MayaTools.CNTManager3 - WARNING - [CNTManager3] 실패 - rig_ready:export:FACIAL_R_12IPV_EyeCornerO1_scaleConstraint1.drawStyle: setAttr: No object matches name: rig_ready:export:FACIAL_R_12IPV_EyeCornerO1_scaleConstraint1.drawStyle

2026-07-08 17:14:07 - MayaTools.CNTManager3 - WARNING - [CNTManager3] 실패 - rig_ready:export:FACIAL_L_12IPV_EyeCornerO2_parentConstraint1.drawStyle: setAttr: No object matches name: rig_ready:export:FACIAL_L_12IPV_EyeCornerO2_parentConstraint1.drawStyle

2026-07-08 17:14:07 - MayaTools.CNTManager3 - WARNING - [CNTManager3] 실패 - rig_ready:export:FACIAL_L_12IPV_EyeCornerO2_scaleConstraint1.drawStyle: setAttr: No object matches name: rig_ready:export:FACIAL_L_12IPV_EyeCornerO2_scaleConstraint1.drawStyle

2026-07-08 17:14:07 - MayaTools.CNTManager3 - WARNING - [CNTManager3] 실패 - rig_ready:export:FACIAL_R_12IPV_EyeCornerO2_parentConstraint1.drawStyle: setAttr: No object matches name: rig_ready:export:FACIAL_R_12IPV_EyeCornerO2_parentConstraint1.drawStyle

2026-07-08 17:14:07 - MayaTools.CNTManager3 - WARNING - [CNTManager3] 실패 - rig_ready:export:FACIAL_R_12IPV_EyeCornerO2_scaleConstraint1.drawStyle: setAttr: No object matches name: rig_ready:export:FACIAL_R_12IPV_EyeCornerO2_scaleConstraint1.drawStyle

2026-07-08 17:14:07 - MayaTools.CNTManager3 - WARNING - [CNTManager3] 실패 - rig_ready:export:FACIAL_L_EyesackLower1_parentConstraint1.drawStyle: setAttr: No object matches name: rig_ready:export:FACIAL_L_EyesackLower1_parentConstraint1.drawStyle

2026-07-08 17:14:07 - MayaTools.CNTManager3 - WARNING - [CNTManager3] 실패 - rig_ready:export:FACIAL_L_EyesackLower1_scaleConstraint1.drawStyle: setAttr: No object matches name: rig_ready:export:FACIAL_L_EyesackLower1_scaleConstraint1.drawStyle

2026-07-08 17:14:07 - MayaTools.CNTManager3 - WARNING - [CNTManager3] 실패 - rig_ready:export:FACIAL_L_EyesackLower2_parentConstraint1.drawStyle: setAttr: No object matches name: rig_ready:export:FACIAL_L_EyesackLower2_parentConstraint1.drawStyle

2026-07-08 17:14:07 - MayaTools.CNTManager3 - WARNING - [CNTManager3] 실패 - rig_ready:export:FACIAL_L_EyesackLower2_scaleConstraint1.drawStyle: setAttr: No object matches name: rig_ready:export:FACIAL_L_EyesackLower2_scaleConstraint1.drawStyle

2026-07-08 17:14:07 - MayaTools.CNTManager3 - WARNING - [CNTManager3] 실패 - rig_ready:export:FACIAL_L_12IPV_EyesackL1_parentConstraint1.drawStyle: setAttr: No object matches name: rig_ready:export:FACIAL_L_12IPV_EyesackL1_parentConstraint1.drawStyle

2026-07-08 17:14:07 - MayaTools.CNTManager3 - WARNING - [CNTManager3] 실패 - rig_ready:export:FACIAL_L_12IPV_EyesackL1_scaleConstraint1.drawStyle: setAttr: No object matches name: rig_ready:export:FACIAL_L_12IPV_EyesackL1_scaleConstraint1.drawStyle

2026-07-08 17:14:07 - MayaTools.CNTManager3 - WARNING - [CNTManager3] 실패 - rig_ready:export:FACIAL_L_12IPV_EyesackL2_parentConstraint1.drawStyle: setAttr: No object matches name: rig_ready:export:FACIAL_L_12IPV_EyesackL2_parentConstraint1.drawStyle

2026-07-08 17:14:07 - MayaTools.CNTManager3 - WARNING - [CNTManager3] 실패 - rig_ready:export:FACIAL_L_12IPV_EyesackL2_scaleConstraint1.drawStyle: setAttr: No object matches name: rig_ready:export:FACIAL_L_12IPV_EyesackL2_scaleConstraint1.drawStyle

2026-07-08 17:14:07 - MayaTools.CNTManager3 - WARNING - [CNTManager3] 실패 - rig_ready:export:FACIAL_L_12IPV_EyesackL3_parentConstraint1.drawStyle: setAttr: No object matches name: rig_ready:export:FACIAL_L_12IPV_EyesackL3_parentConstraint1.drawStyle

2026-07-08 17:14:07 - MayaTools.CNTManager3 - WARNING - [CNTManager3] 실패 - rig_ready:export:FACIAL_L_12IPV_EyesackL3_scaleConstraint1.drawStyle: setAttr: No object matches name: rig_ready:export:FACIAL_L_12IPV_EyesackL3_scaleConstraint1.drawStyle

2026-07-08 17:14:07 - MayaTools.CNTManager3 - WARNING - [CNTManager3] 실패 - rig_ready:export:FACIAL_L_12IPV_EyesackL4_parentConstraint1.drawStyle: setAttr: No object matches name: rig_ready:export:FACIAL_L_12IPV_EyesackL4_parentConstraint1.drawStyle

2026-07-08 17:14:07 - MayaTools.CNTManager3 - WARNING - [CNTManager3] 실패 - rig_ready:export:FACIAL_L_12IPV_EyesackL4_scaleConstraint1.drawStyle: setAttr: No object matches name: rig_ready:export:FACIAL_L_12IPV_EyesackL4_scaleConstraint1.drawStyle

2026-07-08 17:14:07 - MayaTools.CNTManager3 - WARNING - [CNTManager3] 실패 - rig_ready:export:FACIAL_L_12IPV_EyesackL5_parentConstraint1.drawStyle: setAttr: No object matches name: rig_ready:export:FACIAL_L_12IPV_EyesackL5_parentConstraint1.drawStyle

2026-07-08 17:14:07 - MayaTools.CNTManager3 - WARNING - [CNTManager3] 실패 - rig_ready:export:FACIAL_L_12IPV_EyesackL5_scaleConstraint1.drawStyle: setAttr: No object matches name: rig_ready:export:FACIAL_L_12IPV_EyesackL5_scaleConstraint1.drawStyle

2026-07-08 17:14:07 - MayaTools.CNTManager3 - WARNING - [CNTManager3] 실패 - rig_ready:export:FACIAL_L_12IPV_EyesackL6_parentConstraint1.drawStyle: setAttr: No object matches name: rig_ready:export:FACIAL_L_12IPV_EyesackL6_parentConstraint1.drawStyle

2026-07-08 17:14:07 - MayaTools.CNTManager3 - WARNING - [CNTManager3] 실패 - rig_ready:export:FACIAL_L_12IPV_EyesackL6_scaleConstraint1.drawStyle: setAttr: No object matches name: rig_ready:export:FACIAL_L_12IPV_EyesackL6_scaleConstraint1.drawStyle

2026-07-08 17:14:07 - MayaTools.CNTManager3 - WARNING - [CNTManager3] 실패 - rig_ready:export:FACIAL_L_12IPV_EyesackL7_parentConstraint1.drawStyle: setAttr: No object matches name: rig_ready:export:FACIAL_L_12IPV_EyesackL7_parentConstraint1.drawStyle

2026-07-08 17:14:07 - MayaTools.CNTManager3 - WARNING - [CNTManager3] 실패 - rig_ready:export:FACIAL_L_12IPV_EyesackL7_scaleConstraint1.drawStyle: setAttr: No object matches name: rig_ready:export:FACIAL_L_12IPV_EyesackL7_scaleConstraint1.drawStyle

2026-07-08 17:14:07 - MayaTools.CNTManager3 - WARNING - [CNTManager3] 실패 - rig_ready:export:FACIAL_L_12IPV_EyesackL8_parentConstraint1.drawStyle: setAttr: No object matches name: rig_ready:export:FACIAL_L_12IPV_EyesackL8_parentConstraint1.drawStyle

2026-07-08 17:14:07 - MayaTools.CNTManager3 - WARNING - [CNTManager3] 실패 - rig_ready:export:FACIAL_L_12IPV_EyesackL8_scaleConstraint1.drawStyle: setAttr: No object matches name: rig_ready:export:FACIAL_L_12IPV_EyesackL8_scaleConstraint1.drawStyle

2026-07-08 17:14:07 - MayaTools.CNTManager3 - WARNING - [CNTManager3] 실패 - rig_ready:export:FACIAL_L_EyesackLower_parentConstraint1.drawStyle: setAttr: No object matches name: rig_ready:export:FACIAL_L_EyesackLower_parentConstraint1.drawStyle

2026-07-08 17:14:07 - MayaTools.CNTManager3 - WARNING - [CNTManager3] 실패 - rig_ready:export:FACIAL_L_EyesackLower_scaleConstraint1.drawStyle: setAttr: No object matches name: rig_ready:export:FACIAL_L_EyesackLower_scaleConstraint1.drawStyle

2026-07-08 17:14:07 - MayaTools.CNTManager3 - WARNING - [CNTManager3] 실패 - rig_ready:export:FACIAL_R_EyesackLower1_parentConstraint1.drawStyle: setAttr: No object matches name: rig_ready:export:FACIAL_R_EyesackLower1_parentConstraint1.drawStyle

2026-07-08 17:14:07 - MayaTools.CNTManager3 - WARNING - [CNTManager3] 실패 - rig_ready:export:FACIAL_R_EyesackLower1_scaleConstraint1.drawStyle: setAttr: No object matches name: rig_ready:export:FACIAL_R_EyesackLower1_scaleConstraint1.drawStyle

2026-07-08 17:14:07 - MayaTools.CNTManager3 - WARNING - [CNTManager3] 실패 - rig_ready:export:FACIAL_R_EyesackLower2_parentConstraint1.drawStyle: setAttr: No object matches name: rig_ready:export:FACIAL_R_EyesackLower2_parentConstraint1.drawStyle

2026-07-08 17:14:07 - MayaTools.CNTManager3 - WARNING - [CNTManager3] 실패 - rig_ready:export:FACIAL_R_EyesackLower2_scaleConstraint1.drawStyle: setAttr: No object matches name: rig_ready:export:FACIAL_R_EyesackLower2_scaleConstraint1.drawStyle

2026-07-08 17:14:07 - MayaTools.CNTManager3 - WARNING - [CNTManager3] 실패 - rig_ready:export:FACIAL_R_12IPV_EyesackL1_parentConstraint1.drawStyle: setAttr: No object matches name: rig_ready:export:FACIAL_R_12IPV_EyesackL1_parentConstraint1.drawStyle

2026-07-08 17:14:07 - MayaTools.CNTManager3 - WARNING - [CNTManager3] 실패 - rig_ready:export:FACIAL_R_12IPV_EyesackL1_scaleConstraint1.drawStyle: setAttr: No object matches name: rig_ready:export:FACIAL_R_12IPV_EyesackL1_scaleConstraint1.drawStyle

2026-07-08 17:14:07 - MayaTools.CNTManager3 - WARNING - [CNTManager3] 실패 - rig_ready:export:FACIAL_R_12IPV_EyesackL2_parentConstraint1.drawStyle: setAttr: No object matches name: rig_ready:export:FACIAL_R_12IPV_EyesackL2_parentConstraint1.drawStyle

2026-07-08 17:14:07 - MayaTools.CNTManager3 - WARNING - [CNTManager3] 실패 - rig_ready:export:FACIAL_R_12IPV_EyesackL2_scaleConstraint1.drawStyle: setAttr: No object matches name: rig_ready:export:FACIAL_R_12IPV_EyesackL2_scaleConstraint1.drawStyle

2026-07-08 17:14:07 - MayaTools.CNTManager3 - WARNING - [CNTManager3] 실패 - rig_ready:export:FACIAL_R_12IPV_EyesackL3_parentConstraint1.drawStyle: setAttr: No object matches name: rig_ready:export:FACIAL_R_12IPV_EyesackL3_parentConstraint1.drawStyle

2026-07-08 17:14:08 - MayaTools.CNTManager3 - WARNING - [CNTManager3] 실패 - rig_ready:export:FACIAL_R_12IPV_EyesackL3_scaleConstraint1.drawStyle: setAttr: No object matches name: rig_ready:export:FACIAL_R_12IPV_EyesackL3_scaleConstraint1.drawStyle

2026-07-08 17:14:08 - MayaTools.CNTManager3 - WARNING - [CNTManager3] 실패 - rig_ready:export:FACIAL_R_12IPV_EyesackL4_parentConstraint1.drawStyle: setAttr: No object matches name: rig_ready:export:FACIAL_R_12IPV_EyesackL4_parentConstraint1.drawStyle

2026-07-08 17:14:08 - MayaTools.CNTManager3 - WARNING - [CNTManager3] 실패 - rig_ready:export:FACIAL_R_12IPV_EyesackL4_scaleConstraint1.drawStyle: setAttr: No object matches name: rig_ready:export:FACIAL_R_12IPV_EyesackL4_scaleConstraint1.drawStyle

2026-07-08 17:14:08 - MayaTools.CNTManager3 - WARNING - [CNTManager3] 실패 - rig_ready:export:FACIAL_R_12IPV_EyesackL5_parentConstraint1.drawStyle: setAttr: No object matches name: rig_ready:export:FACIAL_R_12IPV_EyesackL5_parentConstraint1.drawStyle

2026-07-08 17:14:08 - MayaTools.CNTManager3 - WARNING - [CNTManager3] 실패 - rig_ready:export:FACIAL_R_12IPV_EyesackL5_scaleConstraint1.drawStyle: setAttr: No object matches name: rig_ready:export:FACIAL_R_12IPV_EyesackL5_scaleConstraint1.drawStyle

2026-07-08 17:14:08 - MayaTools.CNTManager3 - WARNING - [CNTManager3] 실패 - rig_ready:export:FACIAL_R_12IPV_EyesackL6_parentConstraint1.drawStyle: setAttr: No object matches name: rig_ready:export:FACIAL_R_12IPV_EyesackL6_parentConstraint1.drawStyle

2026-07-08 17:14:08 - MayaTools.CNTManager3 - WARNING - [CNTManager3] 실패 - rig_ready:export:FACIAL_R_12IPV_EyesackL6_scaleConstraint1.drawStyle: setAttr: No object matches name: rig_ready:export:FACIAL_R_12IPV_EyesackL6_scaleConstraint1.drawStyle

2026-07-08 17:14:08 - MayaTools.CNTManager3 - WARNING - [CNTManager3] 실패 - rig_ready:export:FACIAL_R_12IPV_EyesackL7_parentConstraint1.drawStyle: setAttr: No object matches name: rig_ready:export:FACIAL_R_12IPV_EyesackL7_parentConstraint1.drawStyle

2026-07-08 17:14:08 - MayaTools.CNTManager3 - WARNING - [CNTManager3] 실패 - rig_ready:export:FACIAL_R_12IPV_EyesackL7_scaleConstraint1.drawStyle: setAttr: No object matches name: rig_ready:export:FACIAL_R_12IPV_EyesackL7_scaleConstraint1.drawStyle

2026-07-08 17:14:08 - MayaTools.CNTManager3 - WARNING - [CNTManager3] 실패 - rig_ready:export:FACIAL_R_12IPV_EyesackL8_parentConstraint1.drawStyle: setAttr: No object matches name: rig_ready:export:FACIAL_R_12IPV_EyesackL8_parentConstraint1.drawStyle

2026-07-08 17:14:08 - MayaTools.CNTManager3 - WARNING - [CNTManager3] 실패 - rig_ready:export:FACIAL_R_12IPV_EyesackL8_scaleConstraint1.drawStyle: setAttr: No object matches name: rig_ready:export:FACIAL_R_12IPV_EyesackL8_scaleConstraint1.drawStyle

2026-07-08 17:14:08 - MayaTools.CNTManager3 - WARNING - [CNTManager3] 실패 - rig_ready:export:FACIAL_R_EyesackLower_parentConstraint1.drawStyle: setAttr: No object matches name: rig_ready:export:FACIAL_R_EyesackLower_parentConstraint1.drawStyle

2026-07-08 17:14:08 - MayaTools.CNTManager3 - WARNING - [CNTManager3] 실패 - rig_ready:export:FACIAL_R_EyesackLower_scaleConstraint1.drawStyle: setAttr: No object matches name: rig_ready:export:FACIAL_R_EyesackLower_scaleConstraint1.drawStyle

2026-07-08 17:14:08 - MayaTools.CNTManager3 - WARNING - [CNTManager3] 실패 - rig_ready:export:FACIAL_L_CheekInner1_parentConstraint1.drawStyle: setAttr: No object matches name: rig_ready:export:FACIAL_L_CheekInner1_parentConstraint1.drawStyle

2026-07-08 17:14:08 - MayaTools.CNTManager3 - WARNING - [CNTManager3] 실패 - rig_ready:export:FACIAL_L_CheekInner1_scaleConstraint1.drawStyle: setAttr: No object matches name: rig_ready:export:FACIAL_L_CheekInner1_scaleConstraint1.drawStyle

2026-07-08 17:14:08 - MayaTools.CNTManager3 - WARNING - [CNTManager3] 실패 - rig_ready:export:FACIAL_L_CheekInner2_parentConstraint1.drawStyle: setAttr: No object matches name: rig_ready:export:FACIAL_L_CheekInner2_parentConstraint1.drawStyle

2026-07-08 17:14:08 - MayaTools.CNTManager3 - WARNING - [CNTManager3] 실패 - rig_ready:export:FACIAL_L_CheekInner2_scaleConstraint1.drawStyle: setAttr: No object matches name: rig_ready:export:FACIAL_L_CheekInner2_scaleConstraint1.drawStyle

2026-07-08 17:14:08 - MayaTools.CNTManager3 - WARNING - [CNTManager3] 실패 - rig_ready:export:FACIAL_L_CheekInner3_parentConstraint1.drawStyle: setAttr: No object matches name: rig_ready:export:FACIAL_L_CheekInner3_parentConstraint1.drawStyle

2026-07-08 17:14:08 - MayaTools.CNTManager3 - WARNING - [CNTManager3] 실패 - rig_ready:export:FACIAL_L_CheekInner3_scaleConstraint1.drawStyle: setAttr: No object matches name: rig_ready:export:FACIAL_L_CheekInner3_scaleConstraint1.drawStyle

2026-07-08 17:14:08 - MayaTools.CNTManager3 - WARNING - [CNTManager3] 실패 - rig_ready:export:FACIAL_L_CheekInner4_parentConstraint1.drawStyle: setAttr: No object matches name: rig_ready:export:FACIAL_L_CheekInner4_parentConstraint1.drawStyle

2026-07-08 17:14:08 - MayaTools.CNTManager3 - WARNING - [CNTManager3] 실패 - rig_ready:export:FACIAL_L_CheekInner4_scaleConstraint1.drawStyle: setAttr: No object matches name: rig_ready:export:FACIAL_L_CheekInner4_scaleConstraint1.drawStyle

2026-07-08 17:14:08 - MayaTools.CNTManager3 - WARNING - [CNTManager3] 실패 - rig_ready:export:FACIAL_L_CheekInner_parentConstraint1.drawStyle: setAttr: No object matches name: rig_ready:export:FACIAL_L_CheekInner_parentConstraint1.drawStyle

2026-07-08 17:14:08 - MayaTools.CNTManager3 - WARNING - [CNTManager3] 실패 - rig_ready:export:FACIAL_L_CheekInner_scaleConstraint1.drawStyle: setAttr: No object matches name: rig_ready:export:FACIAL_L_CheekInner_scaleConstraint1.drawStyle

2026-07-08 17:14:08 - MayaTools.CNTManager3 - WARNING - [CNTManager3] 실패 - rig_ready:export:FACIAL_R_CheekInner1_parentConstraint1.drawStyle: setAttr: No object matches name: rig_ready:export:FACIAL_R_CheekInner1_parentConstraint1.drawStyle

2026-07-08 17:14:08 - MayaTools.CNTManager3 - WARNING - [CNTManager3] 실패 - rig_ready:export:FACIAL_R_CheekInner1_scaleConstraint1.drawStyle: setAttr: No object matches name: rig_ready:export:FACIAL_R_CheekInner1_scaleConstraint1.drawStyle

2026-07-08 17:14:08 - MayaTools.CNTManager3 - WARNING - [CNTManager3] 실패 - rig_ready:export:FACIAL_R_CheekInner2_parentConstraint1.drawStyle: setAttr: No object matches name: rig_ready:export:FACIAL_R_CheekInner2_parentConstraint1.drawStyle

2026-07-08 17:14:08 - MayaTools.CNTManager3 - WARNING - [CNTManager3] 실패 - rig_ready:export:FACIAL_R_CheekInner2_scaleConstraint1.drawStyle: setAttr: No object matches name: rig_ready:export:FACIAL_R_CheekInner2_scaleConstraint1.drawStyle

2026-07-08 17:14:08 - MayaTools.CNTManager3 - WARNING - [CNTManager3] 실패 - rig_ready:export:FACIAL_R_CheekInner3_parentConstraint1.drawStyle: setAttr: No object matches name: rig_ready:export:FACIAL_R_CheekInner3_parentConstraint1.drawStyle

2026-07-08 17:14:08 - MayaTools.CNTManager3 - WARNING - [CNTManager3] 실패 - rig_ready:export:FACIAL_R_CheekInner3_scaleConstraint1.drawStyle: setAttr: No object matches name: rig_ready:export:FACIAL_R_CheekInner3_scaleConstraint1.drawStyle

2026-07-08 17:14:08 - MayaTools.CNTManager3 - WARNING - [CNTManager3] 실패 - rig_ready:export:FACIAL_R_CheekInner4_parentConstraint1.drawStyle: setAttr: No object matches name: rig_ready:export:FACIAL_R_CheekInner4_parentConstraint1.drawStyle

2026-07-08 17:14:08 - MayaTools.CNTManager3 - WARNING - [CNTManager3] 실패 - rig_ready:export:FACIAL_R_CheekInner4_scaleConstraint1.drawStyle: setAttr: No object matches name: rig_ready:export:FACIAL_R_CheekInner4_scaleConstraint1.drawStyle

2026-07-08 17:14:08 - MayaTools.CNTManager3 - WARNING - [CNTManager3] 실패 - rig_ready:export:FACIAL_R_CheekInner_parentConstraint1.drawStyle: setAttr: No object matches name: rig_ready:export:FACIAL_R_CheekInner_parentConstraint1.drawStyle

2026-07-08 17:14:08 - MayaTools.CNTManager3 - WARNING - [CNTManager3] 실패 - rig_ready:export:FACIAL_R_CheekInner_scaleConstraint1.drawStyle: setAttr: No object matches name: rig_ready:export:FACIAL_R_CheekInner_scaleConstraint1.drawStyle

2026-07-08 17:14:08 - MayaTools.CNTManager3 - WARNING - [CNTManager3] 실패 - rig_ready:export:FACIAL_L_CheekOuter1_parentConstraint1.drawStyle: setAttr: No object matches name: rig_ready:export:FACIAL_L_CheekOuter1_parentConstraint1.drawStyle

2026-07-08 17:14:08 - MayaTools.CNTManager3 - WARNING - [CNTManager3] 실패 - rig_ready:export:FACIAL_L_CheekOuter1_scaleConstraint1.drawStyle: setAttr: No object matches name: rig_ready:export:FACIAL_L_CheekOuter1_scaleConstraint1.drawStyle

2026-07-08 17:14:08 - MayaTools.CNTManager3 - WARNING - [CNTManager3] 실패 - rig_ready:export:FACIAL_L_CheekOuter2_parentConstraint1.drawStyle: setAttr: No object matches name: rig_ready:export:FACIAL_L_CheekOuter2_parentConstraint1.drawStyle

2026-07-08 17:14:08 - MayaTools.CNTManager3 - WARNING - [CNTManager3] 실패 - rig_ready:export:FACIAL_L_CheekOuter2_scaleConstraint1.drawStyle: setAttr: No object matches name: rig_ready:export:FACIAL_L_CheekOuter2_scaleConstraint1.drawStyle

2026-07-08 17:14:08 - MayaTools.CNTManager3 - WARNING - [CNTManager3] 실패 - rig_ready:export:FACIAL_L_CheekOuter3_parentConstraint1.drawStyle: setAttr: No object matches name: rig_ready:export:FACIAL_L_CheekOuter3_parentConstraint1.drawStyle

2026-07-08 17:14:08 - MayaTools.CNTManager3 - WARNING - [CNTManager3] 실패 - rig_ready:export:FACIAL_L_CheekOuter3_scaleConstraint1.drawStyle: setAttr: No object matches name: rig_ready:export:FACIAL_L_CheekOuter3_scaleConstraint1.drawStyle

2026-07-08 17:14:08 - MayaTools.CNTManager3 - WARNING - [CNTManager3] 실패 - rig_ready:export:FACIAL_L_CheekOuter_parentConstraint1.drawStyle: setAttr: No object matches name: rig_ready:export:FACIAL_L_CheekOuter_parentConstraint1.drawStyle

2026-07-08 17:14:08 - MayaTools.CNTManager3 - WARNING - [CNTManager3] 실패 - rig_ready:export:FACIAL_L_CheekOuter_scaleConstraint1.drawStyle: setAttr: No object matches name: rig_ready:export:FACIAL_L_CheekOuter_scaleConstraint1.drawStyle

2026-07-08 17:14:08 - MayaTools.CNTManager3 - WARNING - [CNTManager3] 실패 - rig_ready:export:FACIAL_R_CheekOuter1_parentConstraint1.drawStyle: setAttr: No object matches name: rig_ready:export:FACIAL_R_CheekOuter1_parentConstraint1.drawStyle

2026-07-08 17:14:08 - MayaTools.CNTManager3 - WARNING - [CNTManager3] 실패 - rig_ready:export:FACIAL_R_CheekOuter1_scaleConstraint1.drawStyle: setAttr: No object matches name: rig_ready:export:FACIAL_R_CheekOuter1_scaleConstraint1.drawStyle

2026-07-08 17:14:08 - MayaTools.CNTManager3 - WARNING - [CNTManager3] 실패 - rig_ready:export:FACIAL_R_CheekOuter2_parentConstraint1.drawStyle: setAttr: No object matches name: rig_ready:export:FACIAL_R_CheekOuter2_parentConstraint1.drawStyle

2026-07-08 17:14:08 - MayaTools.CNTManager3 - WARNING - [CNTManager3] 실패 - rig_ready:export:FACIAL_R_CheekOuter2_scaleConstraint1.drawStyle: setAttr: No object matches name: rig_ready:export:FACIAL_R_CheekOuter2_scaleConstraint1.drawStyle

2026-07-08 17:14:08 - MayaTools.CNTManager3 - WARNING - [CNTManager3] 실패 - rig_ready:export:FACIAL_R_CheekOuter3_parentConstraint1.drawStyle: setAttr: No object matches name: rig_ready:export:FACIAL_R_CheekOuter3_parentConstraint1.drawStyle

2026-07-08 17:14:08 - MayaTools.CNTManager3 - WARNING - [CNTManager3] 실패 - rig_ready:export:FACIAL_R_CheekOuter3_scaleConstraint1.drawStyle: setAttr: No object matches name: rig_ready:export:FACIAL_R_CheekOuter3_scaleConstraint1.drawStyle

2026-07-08 17:14:08 - MayaTools.CNTManager3 - WARNING - [CNTManager3] 실패 - rig_ready:export:FACIAL_R_CheekOuter_parentConstraint1.drawStyle: setAttr: No object matches name: rig_ready:export:FACIAL_R_CheekOuter_parentConstraint1.drawStyle

2026-07-08 17:14:08 - MayaTools.CNTManager3 - WARNING - [CNTManager3] 실패 - rig_ready:export:FACIAL_R_CheekOuter_scaleConstraint1.drawStyle: setAttr: No object matches name: rig_ready:export:FACIAL_R_CheekOuter_scaleConstraint1.drawStyle

2026-07-08 17:14:08 - MayaTools.CNTManager3 - WARNING - [CNTManager3] 실패 - rig_ready:export:FACIAL_L_CheekOuter4_parentConstraint1.drawStyle: setAttr: No object matches name: rig_ready:export:FACIAL_L_CheekOuter4_parentConstraint1.drawStyle

2026-07-08 17:14:08 - MayaTools.CNTManager3 - WARNING - [CNTManager3] 실패 - rig_ready:export:FACIAL_L_CheekOuter4_scaleConstraint1.drawStyle: setAttr: No object matches name: rig_ready:export:FACIAL_L_CheekOuter4_scaleConstraint1.drawStyle

2026-07-08 17:14:08 - MayaTools.CNTManager3 - WARNING - [CNTManager3] 실패 - rig_ready:export:FACIAL_R_CheekOuter4_parentConstraint1.drawStyle: setAttr: No object matches name: rig_ready:export:FACIAL_R_CheekOuter4_parentConstraint1.drawStyle

2026-07-08 17:14:08 - MayaTools.CNTManager3 - WARNING - [CNTManager3] 실패 - rig_ready:export:FACIAL_R_CheekOuter4_scaleConstraint1.drawStyle: setAttr: No object matches name: rig_ready:export:FACIAL_R_CheekOuter4_scaleConstraint1.drawStyle

2026-07-08 17:14:08 - MayaTools.CNTManager3 - WARNING - [CNTManager3] 실패 - rig_ready:export:FACIAL_L_12IPV_CheekOuter1_parentConstraint1.drawStyle: setAttr: No object matches name: rig_ready:export:FACIAL_L_12IPV_CheekOuter1_parentConstraint1.drawStyle

2026-07-08 17:14:08 - MayaTools.CNTManager3 - WARNING - [CNTManager3] 실패 - rig_ready:export:FACIAL_L_12IPV_CheekOuter1_scaleConstraint1.drawStyle: setAttr: No object matches name: rig_ready:export:FACIAL_L_12IPV_CheekOuter1_scaleConstraint1.drawStyle

2026-07-08 17:14:08 - MayaTools.CNTManager3 - WARNING - [CNTManager3] 실패 - rig_ready:export:FACIAL_R_12IPV_CheekOuter1_parentConstraint1.drawStyle: setAttr: No object matches name: rig_ready:export:FACIAL_R_12IPV_CheekOuter1_parentConstraint1.drawStyle

2026-07-08 17:14:08 - MayaTools.CNTManager3 - WARNING - [CNTManager3] 실패 - rig_ready:export:FACIAL_R_12IPV_CheekOuter1_scaleConstraint1.drawStyle: setAttr: No object matches name: rig_ready:export:FACIAL_R_12IPV_CheekOuter1_scaleConstraint1.drawStyle

2026-07-08 17:14:08 - MayaTools.CNTManager3 - WARNING - [CNTManager3] 실패 - rig_ready:export:FACIAL_L_12IPV_CheekOuter2_parentConstraint1.drawStyle: setAttr: No object matches name: rig_ready:export:FACIAL_L_12IPV_CheekOuter2_parentConstraint1.drawStyle

2026-07-08 17:14:08 - MayaTools.CNTManager3 - WARNING - [CNTManager3] 실패 - rig_ready:export:FACIAL_L_12IPV_CheekOuter2_scaleConstraint1.drawStyle: setAttr: No object matches name: rig_ready:export:FACIAL_L_12IPV_CheekOuter2_scaleConstraint1.drawStyle

2026-07-08 17:14:08 - MayaTools.CNTManager3 - WARNING - [CNTManager3] 실패 - rig_ready:export:FACIAL_R_12IPV_CheekOuter2_parentConstraint1.drawStyle: setAttr: No object matches name: rig_ready:export:FACIAL_R_12IPV_CheekOuter2_parentConstraint1.drawStyle

2026-07-08 17:14:08 - MayaTools.CNTManager3 - WARNING - [CNTManager3] 실패 - rig_ready:export:FACIAL_R_12IPV_CheekOuter2_scaleConstraint1.drawStyle: setAttr: No object matches name: rig_ready:export:FACIAL_R_12IPV_CheekOuter2_scaleConstraint1.drawStyle

2026-07-08 17:14:08 - MayaTools.CNTManager3 - WARNING - [CNTManager3] 실패 - rig_ready:export:FACIAL_L_12IPV_CheekOuter3_parentConstraint1.drawStyle: setAttr: No object matches name: rig_ready:export:FACIAL_L_12IPV_CheekOuter3_parentConstraint1.drawStyle

2026-07-08 17:14:08 - MayaTools.CNTManager3 - WARNING - [CNTManager3] 실패 - rig_ready:export:FACIAL_L_12IPV_CheekOuter3_scaleConstraint1.drawStyle: setAttr: No object matches name: rig_ready:export:FACIAL_L_12IPV_CheekOuter3_scaleConstraint1.drawStyle

2026-07-08 17:14:08 - MayaTools.CNTManager3 - WARNING - [CNTManager3] 실패 - rig_ready:export:FACIAL_R_12IPV_CheekOuter3_parentConstraint1.drawStyle: setAttr: No object matches name: rig_ready:export:FACIAL_R_12IPV_CheekOuter3_parentConstraint1.drawStyle

2026-07-08 17:14:08 - MayaTools.CNTManager3 - WARNING - [CNTManager3] 실패 - rig_ready:export:FACIAL_R_12IPV_CheekOuter3_scaleConstraint1.drawStyle: setAttr: No object matches name: rig_ready:export:FACIAL_R_12IPV_CheekOuter3_scaleConstraint1.drawStyle

2026-07-08 17:14:08 - MayaTools.CNTManager3 - WARNING - [CNTManager3] 실패 - rig_ready:export:FACIAL_L_12IPV_CheekOuter4_parentConstraint1.drawStyle: setAttr: No object matches name: rig_ready:export:FACIAL_L_12IPV_CheekOuter4_parentConstraint1.drawStyle

2026-07-08 17:14:08 - MayaTools.CNTManager3 - WARNING - [CNTManager3] 실패 - rig_ready:export:FACIAL_L_12IPV_CheekOuter4_scaleConstraint1.drawStyle: setAttr: No object matches name: rig_ready:export:FACIAL_L_12IPV_CheekOuter4_scaleConstraint1.drawStyle

2026-07-08 17:14:08 - MayaTools.CNTManager3 - WARNING - [CNTManager3] 실패 - rig_ready:export:FACIAL_R_12IPV_CheekOuter4_parentConstraint1.drawStyle: setAttr: No object matches name: rig_ready:export:FACIAL_R_12IPV_CheekOuter4_parentConstraint1.drawStyle

2026-07-08 17:14:08 - MayaTools.CNTManager3 - WARNING - [CNTManager3] 실패 - rig_ready:export:FACIAL_R_12IPV_CheekOuter4_scaleConstraint1.drawStyle: setAttr: No object matches name: rig_ready:export:FACIAL_R_12IPV_CheekOuter4_scaleConstraint1.drawStyle

2026-07-08 17:14:08 - MayaTools.CNTManager3 - WARNING - [CNTManager3] 실패 - rig_ready:export:FACIAL_C_NoseBridge_parentConstraint1.drawStyle: setAttr: No object matches name: rig_ready:export:FACIAL_C_NoseBridge_parentConstraint1.drawStyle

2026-07-08 17:14:08 - MayaTools.CNTManager3 - WARNING - [CNTManager3] 실패 - rig_ready:export:FACIAL_C_NoseBridge_scaleConstraint1.drawStyle: setAttr: No object matches name: rig_ready:export:FACIAL_C_NoseBridge_scaleConstraint1.drawStyle

2026-07-08 17:14:08 - MayaTools.CNTManager3 - WARNING - [CNTManager3] 실패 - rig_ready:export:FACIAL_C_12IPV_NoseBridge1_parentConstraint1.drawStyle: setAttr: No object matches name: rig_ready:export:FACIAL_C_12IPV_NoseBridge1_parentConstraint1.drawStyle

2026-07-08 17:14:08 - MayaTools.CNTManager3 - WARNING - [CNTManager3] 실패 - rig_ready:export:FACIAL_C_12IPV_NoseBridge1_scaleConstraint1.drawStyle: setAttr: No object matches name: rig_ready:export:FACIAL_C_12IPV_NoseBridge1_scaleConstraint1.drawStyle

2026-07-08 17:14:08 - MayaTools.CNTManager3 - WARNING - [CNTManager3] 실패 - rig_ready:export:FACIAL_L_12IPV_NoseBridge1_parentConstraint1.drawStyle: setAttr: No object matches name: rig_ready:export:FACIAL_L_12IPV_NoseBridge1_parentConstraint1.drawStyle

2026-07-08 17:14:08 - MayaTools.CNTManager3 - WARNING - [CNTManager3] 실패 - rig_ready:export:FACIAL_L_12IPV_NoseBridge1_scaleConstraint1.drawStyle: setAttr: No object matches name: rig_ready:export:FACIAL_L_12IPV_NoseBridge1_scaleConstraint1.drawStyle

2026-07-08 17:14:08 - MayaTools.CNTManager3 - WARNING - [CNTManager3] 실패 - rig_ready:export:FACIAL_R_12IPV_NoseBridge1_parentConstraint1.drawStyle: setAttr: No object matches name: rig_ready:export:FACIAL_R_12IPV_NoseBridge1_parentConstraint1.drawStyle

2026-07-08 17:14:08 - MayaTools.CNTManager3 - WARNING - [CNTManager3] 실패 - rig_ready:export:FACIAL_R_12IPV_NoseBridge1_scaleConstraint1.drawStyle: setAttr: No object matches name: rig_ready:export:FACIAL_R_12IPV_NoseBridge1_scaleConstraint1.drawStyle

2026-07-08 17:14:08 - MayaTools.CNTManager3 - WARNING - [CNTManager3] 실패 - rig_ready:export:FACIAL_C_12IPV_NoseBridge2_parentConstraint1.drawStyle: setAttr: No object matches name: rig_ready:export:FACIAL_C_12IPV_NoseBridge2_parentConstraint1.drawStyle

2026-07-08 17:14:08 - MayaTools.CNTManager3 - WARNING - [CNTManager3] 실패 - rig_ready:export:FACIAL_C_12IPV_NoseBridge2_scaleConstraint1.drawStyle: setAttr: No object matches name: rig_ready:export:FACIAL_C_12IPV_NoseBridge2_scaleConstraint1.drawStyle

2026-07-08 17:14:08 - MayaTools.CNTManager3 - WARNING - [CNTManager3] 실패 - rig_ready:export:FACIAL_L_12IPV_NoseBridge2_parentConstraint1.drawStyle: setAttr: No object matches name: rig_ready:export:FACIAL_L_12IPV_NoseBridge2_parentConstraint1.drawStyle

2026-07-08 17:14:08 - MayaTools.CNTManager3 - WARNING - [CNTManager3] 실패 - rig_ready:export:FACIAL_L_12IPV_NoseBridge2_scaleConstraint1.drawStyle: setAttr: No object matches name: rig_ready:export:FACIAL_L_12IPV_NoseBridge2_scaleConstraint1.drawStyle

2026-07-08 17:14:08 - MayaTools.CNTManager3 - WARNING - [CNTManager3] 실패 - rig_ready:export:FACIAL_R_12IPV_NoseBridge2_parentConstraint1.drawStyle: setAttr: No object matches name: rig_ready:export:FACIAL_R_12IPV_NoseBridge2_parentConstraint1.drawStyle

2026-07-08 17:14:08 - MayaTools.CNTManager3 - WARNING - [CNTManager3] 실패 - rig_ready:export:FACIAL_R_12IPV_NoseBridge2_scaleConstraint1.drawStyle: setAttr: No object matches name: rig_ready:export:FACIAL_R_12IPV_NoseBridge2_scaleConstraint1.drawStyle

2026-07-08 17:14:08 - MayaTools.CNTManager3 - WARNING - [CNTManager3] 실패 - rig_ready:export:FACIAL_L_NoseBridge_parentConstraint1.drawStyle: setAttr: No object matches name: rig_ready:export:FACIAL_L_NoseBridge_parentConstraint1.drawStyle

2026-07-08 17:14:08 - MayaTools.CNTManager3 - WARNING - [CNTManager3] 실패 - rig_ready:export:FACIAL_L_NoseBridge_scaleConstraint1.drawStyle: setAttr: No object matches name: rig_ready:export:FACIAL_L_NoseBridge_scaleConstraint1.drawStyle

2026-07-08 17:14:08 - MayaTools.CNTManager3 - WARNING - [CNTManager3] 실패 - rig_ready:export:FACIAL_R_NoseBridge_parentConstraint1.drawStyle: setAttr: No object matches name: rig_ready:export:FACIAL_R_NoseBridge_parentConstraint1.drawStyle

2026-07-08 17:14:08 - MayaTools.CNTManager3 - WARNING - [CNTManager3] 실패 - rig_ready:export:FACIAL_R_NoseBridge_scaleConstraint1.drawStyle: setAttr: No object matches name: rig_ready:export:FACIAL_R_NoseBridge_scaleConstraint1.drawStyle

2026-07-08 17:14:08 - MayaTools.CNTManager3 - WARNING - [CNTManager3] 실패 - rig_ready:export:FACIAL_C_NoseUpper_parentConstraint1.drawStyle: setAttr: No object matches name: rig_ready:export:FACIAL_C_NoseUpper_parentConstraint1.drawStyle

2026-07-08 17:14:08 - MayaTools.CNTManager3 - WARNING - [CNTManager3] 실패 - rig_ready:export:FACIAL_C_NoseUpper_scaleConstraint1.drawStyle: setAttr: No object matches name: rig_ready:export:FACIAL_C_NoseUpper_scaleConstraint1.drawStyle

2026-07-08 17:14:08 - MayaTools.CNTManager3 - WARNING - [CNTManager3] 실패 - rig_ready:export:FACIAL_L_NoseUpper_parentConstraint1.drawStyle: setAttr: No object matches name: rig_ready:export:FACIAL_L_NoseUpper_parentConstraint1.drawStyle

2026-07-08 17:14:08 - MayaTools.CNTManager3 - WARNING - [CNTManager3] 실패 - rig_ready:export:FACIAL_L_NoseUpper_scaleConstraint1.drawStyle: setAttr: No object matches name: rig_ready:export:FACIAL_L_NoseUpper_scaleConstraint1.drawStyle

2026-07-08 17:14:08 - MayaTools.CNTManager3 - WARNING - [CNTManager3] 실패 - rig_ready:export:FACIAL_R_NoseUpper_parentConstraint1.drawStyle: setAttr: No object matches name: rig_ready:export:FACIAL_R_NoseUpper_parentConstraint1.drawStyle

2026-07-08 17:14:08 - MayaTools.CNTManager3 - WARNING - [CNTManager3] 실패 - rig_ready:export:FACIAL_R_NoseUpper_scaleConstraint1.drawStyle: setAttr: No object matches name: rig_ready:export:FACIAL_R_NoseUpper_scaleConstraint1.drawStyle

2026-07-08 17:14:08 - MayaTools.CNTManager3 - WARNING - [CNTManager3] 실패 - rig_ready:export:FACIAL_C_12IPV_NoseUpper1_parentConstraint1.drawStyle: setAttr: No object matches name: rig_ready:export:FACIAL_C_12IPV_NoseUpper1_parentConstraint1.drawStyle

2026-07-08 17:14:08 - MayaTools.CNTManager3 - WARNING - [CNTManager3] 실패 - rig_ready:export:FACIAL_C_12IPV_NoseUpper1_scaleConstraint1.drawStyle: setAttr: No object matches name: rig_ready:export:FACIAL_C_12IPV_NoseUpper1_scaleConstraint1.drawStyle

2026-07-08 17:14:08 - MayaTools.CNTManager3 - WARNING - [CNTManager3] 실패 - rig_ready:export:FACIAL_C_12IPV_NoseUpper2_parentConstraint1.drawStyle: setAttr: No object matches name: rig_ready:export:FACIAL_C_12IPV_NoseUpper2_parentConstraint1.drawStyle

2026-07-08 17:14:08 - MayaTools.CNTManager3 - WARNING - [CNTManager3] 실패 - rig_ready:export:FACIAL_C_12IPV_NoseUpper2_scaleConstraint1.drawStyle: setAttr: No object matches name: rig_ready:export:FACIAL_C_12IPV_NoseUpper2_scaleConstraint1.drawStyle

2026-07-08 17:14:08 - MayaTools.CNTManager3 - WARNING - [CNTManager3] 실패 - rig_ready:export:FACIAL_L_12IPV_NoseUpper1_parentConstraint1.drawStyle: setAttr: No object matches name: rig_ready:export:FACIAL_L_12IPV_NoseUpper1_parentConstraint1.drawStyle

2026-07-08 17:14:08 - MayaTools.CNTManager3 - WARNING - [CNTManager3] 실패 - rig_ready:export:FACIAL_L_12IPV_NoseUpper1_scaleConstraint1.drawStyle: setAttr: No object matches name: rig_ready:export:FACIAL_L_12IPV_NoseUpper1_scaleConstraint1.drawStyle

2026-07-08 17:14:08 - MayaTools.CNTManager3 - WARNING - [CNTManager3] 실패 - rig_ready:export:FACIAL_R_12IPV_NoseUpper1_parentConstraint1.drawStyle: setAttr: No object matches name: rig_ready:export:FACIAL_R_12IPV_NoseUpper1_parentConstraint1.drawStyle

2026-07-08 17:14:08 - MayaTools.CNTManager3 - WARNING - [CNTManager3] 실패 - rig_ready:export:FACIAL_R_12IPV_NoseUpper1_scaleConstraint1.drawStyle: setAttr: No object matches name: rig_ready:export:FACIAL_R_12IPV_NoseUpper1_scaleConstraint1.drawStyle

2026-07-08 17:14:08 - MayaTools.CNTManager3 - WARNING - [CNTManager3] 실패 - rig_ready:export:FACIAL_L_12IPV_NoseUpper2_parentConstraint1.drawStyle: setAttr: No object matches name: rig_ready:export:FACIAL_L_12IPV_NoseUpper2_parentConstraint1.drawStyle

2026-07-08 17:14:08 - MayaTools.CNTManager3 - WARNING - [CNTManager3] 실패 - rig_ready:export:FACIAL_L_12IPV_NoseUpper2_scaleConstraint1.drawStyle: setAttr: No object matches name: rig_ready:export:FACIAL_L_12IPV_NoseUpper2_scaleConstraint1.drawStyle

2026-07-08 17:14:08 - MayaTools.CNTManager3 - WARNING - [CNTManager3] 실패 - rig_ready:export:FACIAL_R_12IPV_NoseUpper2_parentConstraint1.drawStyle: setAttr: No object matches name: rig_ready:export:FACIAL_R_12IPV_NoseUpper2_parentConstraint1.drawStyle

2026-07-08 17:14:08 - MayaTools.CNTManager3 - WARNING - [CNTManager3] 실패 - rig_ready:export:FACIAL_R_12IPV_NoseUpper2_scaleConstraint1.drawStyle: setAttr: No object matches name: rig_ready:export:FACIAL_R_12IPV_NoseUpper2_scaleConstraint1.drawStyle

2026-07-08 17:14:08 - MayaTools.CNTManager3 - WARNING - [CNTManager3] 실패 - rig_ready:export:FACIAL_L_12IPV_NoseUpper3_parentConstraint1.drawStyle: setAttr: No object matches name: rig_ready:export:FACIAL_L_12IPV_NoseUpper3_parentConstraint1.drawStyle

2026-07-08 17:14:08 - MayaTools.CNTManager3 - WARNING - [CNTManager3] 실패 - rig_ready:export:FACIAL_L_12IPV_NoseUpper3_scaleConstraint1.drawStyle: setAttr: No object matches name: rig_ready:export:FACIAL_L_12IPV_NoseUpper3_scaleConstraint1.drawStyle

2026-07-08 17:14:08 - MayaTools.CNTManager3 - WARNING - [CNTManager3] 실패 - rig_ready:export:FACIAL_R_12IPV_NoseUpper3_parentConstraint1.drawStyle: setAttr: No object matches name: rig_ready:export:FACIAL_R_12IPV_NoseUpper3_parentConstraint1.drawStyle

2026-07-08 17:14:08 - MayaTools.CNTManager3 - WARNING - [CNTManager3] 실패 - rig_ready:export:FACIAL_R_12IPV_NoseUpper3_scaleConstraint1.drawStyle: setAttr: No object matches name: rig_ready:export:FACIAL_R_12IPV_NoseUpper3_scaleConstraint1.drawStyle

2026-07-08 17:14:08 - MayaTools.CNTManager3 - WARNING - [CNTManager3] 실패 - rig_ready:export:FACIAL_L_12IPV_NoseUpper4_parentConstraint1.drawStyle: setAttr: No object matches name: rig_ready:export:FACIAL_L_12IPV_NoseUpper4_parentConstraint1.drawStyle

2026-07-08 17:14:08 - MayaTools.CNTManager3 - WARNING - [CNTManager3] 실패 - rig_ready:export:FACIAL_L_12IPV_NoseUpper4_scaleConstraint1.drawStyle: setAttr: No object matches name: rig_ready:export:FACIAL_L_12IPV_NoseUpper4_scaleConstraint1.drawStyle

2026-07-08 17:14:08 - MayaTools.CNTManager3 - WARNING - [CNTManager3] 실패 - rig_ready:export:FACIAL_R_12IPV_NoseUpper4_parentConstraint1.drawStyle: setAttr: No object matches name: rig_ready:export:FACIAL_R_12IPV_NoseUpper4_parentConstraint1.drawStyle

2026-07-08 17:14:08 - MayaTools.CNTManager3 - WARNING - [CNTManager3] 실패 - rig_ready:export:FACIAL_R_12IPV_NoseUpper4_scaleConstraint1.drawStyle: setAttr: No object matches name: rig_ready:export:FACIAL_R_12IPV_NoseUpper4_scaleConstraint1.drawStyle

2026-07-08 17:14:08 - MayaTools.CNTManager3 - WARNING - [CNTManager3] 실패 - rig_ready:export:FACIAL_L_12IPV_NoseUpper5_parentConstraint1.drawStyle: setAttr: No object matches name: rig_ready:export:FACIAL_L_12IPV_NoseUpper5_parentConstraint1.drawStyle

2026-07-08 17:14:08 - MayaTools.CNTManager3 - WARNING - [CNTManager3] 실패 - rig_ready:export:FACIAL_L_12IPV_NoseUpper5_scaleConstraint1.drawStyle: setAttr: No object matches name: rig_ready:export:FACIAL_L_12IPV_NoseUpper5_scaleConstraint1.drawStyle

2026-07-08 17:14:08 - MayaTools.CNTManager3 - WARNING - [CNTManager3] 실패 - rig_ready:export:FACIAL_R_12IPV_NoseUpper5_parentConstraint1.drawStyle: setAttr: No object matches name: rig_ready:export:FACIAL_R_12IPV_NoseUpper5_parentConstraint1.drawStyle

2026-07-08 17:14:08 - MayaTools.CNTManager3 - WARNING - [CNTManager3] 실패 - rig_ready:export:FACIAL_R_12IPV_NoseUpper5_scaleConstraint1.drawStyle: setAttr: No object matches name: rig_ready:export:FACIAL_R_12IPV_NoseUpper5_scaleConstraint1.drawStyle

2026-07-08 17:14:08 - MayaTools.CNTManager3 - WARNING - [CNTManager3] 실패 - rig_ready:export:FACIAL_L_12IPV_NoseUpper6_parentConstraint1.drawStyle: setAttr: No object matches name: rig_ready:export:FACIAL_L_12IPV_NoseUpper6_parentConstraint1.drawStyle

2026-07-08 17:14:08 - MayaTools.CNTManager3 - WARNING - [CNTManager3] 실패 - rig_ready:export:FACIAL_L_12IPV_NoseUpper6_scaleConstraint1.drawStyle: setAttr: No object matches name: rig_ready:export:FACIAL_L_12IPV_NoseUpper6_scaleConstraint1.drawStyle

2026-07-08 17:14:08 - MayaTools.CNTManager3 - WARNING - [CNTManager3] 실패 - rig_ready:export:FACIAL_R_12IPV_NoseUpper6_parentConstraint1.drawStyle: setAttr: No object matches name: rig_ready:export:FACIAL_R_12IPV_NoseUpper6_parentConstraint1.drawStyle

2026-07-08 17:14:08 - MayaTools.CNTManager3 - WARNING - [CNTManager3] 실패 - rig_ready:export:FACIAL_R_12IPV_NoseUpper6_scaleConstraint1.drawStyle: setAttr: No object matches name: rig_ready:export:FACIAL_R_12IPV_NoseUpper6_scaleConstraint1.drawStyle

2026-07-08 17:14:08 - MayaTools.CNTManager3 - WARNING - [CNTManager3] 실패 - rig_ready:export:FACIAL_L_NasolabialBulge1_parentConstraint1.drawStyle: setAttr: No object matches name: rig_ready:export:FACIAL_L_NasolabialBulge1_parentConstraint1.drawStyle

2026-07-08 17:14:08 - MayaTools.CNTManager3 - WARNING - [CNTManager3] 실패 - rig_ready:export:FACIAL_L_NasolabialBulge1_scaleConstraint1.drawStyle: setAttr: No object matches name: rig_ready:export:FACIAL_L_NasolabialBulge1_scaleConstraint1.drawStyle

2026-07-08 17:14:08 - MayaTools.CNTManager3 - WARNING - [CNTManager3] 실패 - rig_ready:export:FACIAL_R_NasolabialBulge1_parentConstraint1.drawStyle: setAttr: No object matches name: rig_ready:export:FACIAL_R_NasolabialBulge1_parentConstraint1.drawStyle

2026-07-08 17:14:08 - MayaTools.CNTManager3 - WARNING - [CNTManager3] 실패 - rig_ready:export:FACIAL_R_NasolabialBulge1_scaleConstraint1.drawStyle: setAttr: No object matches name: rig_ready:export:FACIAL_R_NasolabialBulge1_scaleConstraint1.drawStyle

2026-07-08 17:14:08 - MayaTools.CNTManager3 - WARNING - [CNTManager3] 실패 - rig_ready:export:FACIAL_L_12IPV_NasolabialB13_parentConstraint1.drawStyle: setAttr: No object matches name: rig_ready:export:FACIAL_L_12IPV_NasolabialB13_parentConstraint1.drawStyle

2026-07-08 17:14:08 - MayaTools.CNTManager3 - WARNING - [CNTManager3] 실패 - rig_ready:export:FACIAL_L_12IPV_NasolabialB13_scaleConstraint1.drawStyle: setAttr: No object matches name: rig_ready:export:FACIAL_L_12IPV_NasolabialB13_scaleConstraint1.drawStyle

2026-07-08 17:14:08 - MayaTools.CNTManager3 - WARNING - [CNTManager3] 실패 - rig_ready:export:FACIAL_R_12IPV_NasolabialB13_parentConstraint1.drawStyle: setAttr: No object matches name: rig_ready:export:FACIAL_R_12IPV_NasolabialB13_parentConstraint1.drawStyle

2026-07-08 17:14:08 - MayaTools.CNTManager3 - WARNING - [CNTManager3] 실패 - rig_ready:export:FACIAL_R_12IPV_NasolabialB13_scaleConstraint1.drawStyle: setAttr: No object matches name: rig_ready:export:FACIAL_R_12IPV_NasolabialB13_scaleConstraint1.drawStyle

2026-07-08 17:14:08 - MayaTools.CNTManager3 - WARNING - [CNTManager3] 실패 - rig_ready:export:FACIAL_L_12IPV_NasolabialB14_parentConstraint1.drawStyle: setAttr: No object matches name: rig_ready:export:FACIAL_L_12IPV_NasolabialB14_parentConstraint1.drawStyle

2026-07-08 17:14:08 - MayaTools.CNTManager3 - WARNING - [CNTManager3] 실패 - rig_ready:export:FACIAL_L_12IPV_NasolabialB14_scaleConstraint1.drawStyle: setAttr: No object matches name: rig_ready:export:FACIAL_L_12IPV_NasolabialB14_scaleConstraint1.drawStyle

2026-07-08 17:14:08 - MayaTools.CNTManager3 - WARNING - [CNTManager3] 실패 - rig_ready:export:FACIAL_R_12IPV_NasolabialB14_parentConstraint1.drawStyle: setAttr: No object matches name: rig_ready:export:FACIAL_R_12IPV_NasolabialB14_parentConstraint1.drawStyle

2026-07-08 17:14:08 - MayaTools.CNTManager3 - WARNING - [CNTManager3] 실패 - rig_ready:export:FACIAL_R_12IPV_NasolabialB14_scaleConstraint1.drawStyle: setAttr: No object matches name: rig_ready:export:FACIAL_R_12IPV_NasolabialB14_scaleConstraint1.drawStyle

2026-07-08 17:14:08 - MayaTools.CNTManager3 - WARNING - [CNTManager3] 실패 - rig_ready:export:FACIAL_L_12IPV_NasolabialB15_parentConstraint1.drawStyle: setAttr: No object matches name: rig_ready:export:FACIAL_L_12IPV_NasolabialB15_parentConstraint1.drawStyle

2026-07-08 17:14:08 - MayaTools.CNTManager3 - WARNING - [CNTManager3] 실패 - rig_ready:export:FACIAL_L_12IPV_NasolabialB15_scaleConstraint1.drawStyle: setAttr: No object matches name: rig_ready:export:FACIAL_L_12IPV_NasolabialB15_scaleConstraint1.drawStyle

2026-07-08 17:14:08 - MayaTools.CNTManager3 - WARNING - [CNTManager3] 실패 - rig_ready:export:FACIAL_R_12IPV_NasolabialB15_parentConstraint1.drawStyle: setAttr: No object matches name: rig_ready:export:FACIAL_R_12IPV_NasolabialB15_parentConstraint1.drawStyle

2026-07-08 17:14:08 - MayaTools.CNTManager3 - WARNING - [CNTManager3] 실패 - rig_ready:export:FACIAL_R_12IPV_NasolabialB15_scaleConstraint1.drawStyle: setAttr: No object matches name: rig_ready:export:FACIAL_R_12IPV_NasolabialB15_scaleConstraint1.drawStyle

2026-07-08 17:14:08 - MayaTools.CNTManager3 - WARNING - [CNTManager3] 실패 - rig_ready:export:FACIAL_L_NasolabialBulge2_parentConstraint1.drawStyle: setAttr: No object matches name: rig_ready:export:FACIAL_L_NasolabialBulge2_parentConstraint1.drawStyle

2026-07-08 17:14:08 - MayaTools.CNTManager3 - WARNING - [CNTManager3] 실패 - rig_ready:export:FACIAL_L_NasolabialBulge2_scaleConstraint1.drawStyle: setAttr: No object matches name: rig_ready:export:FACIAL_L_NasolabialBulge2_scaleConstraint1.drawStyle

2026-07-08 17:14:08 - MayaTools.CNTManager3 - WARNING - [CNTManager3] 실패 - rig_ready:export:FACIAL_L_NasolabialBulge3_parentConstraint1.drawStyle: setAttr: No object matches name: rig_ready:export:FACIAL_L_NasolabialBulge3_parentConstraint1.drawStyle

2026-07-08 17:14:08 - MayaTools.CNTManager3 - WARNING - [CNTManager3] 실패 - rig_ready:export:FACIAL_L_NasolabialBulge3_scaleConstraint1.drawStyle: setAttr: No object matches name: rig_ready:export:FACIAL_L_NasolabialBulge3_scaleConstraint1.drawStyle

2026-07-08 17:14:08 - MayaTools.CNTManager3 - WARNING - [CNTManager3] 실패 - rig_ready:export:FACIAL_L_12IPV_NasolabialB1_parentConstraint1.drawStyle: setAttr: No object matches name: rig_ready:export:FACIAL_L_12IPV_NasolabialB1_parentConstraint1.drawStyle

2026-07-08 17:14:08 - MayaTools.CNTManager3 - WARNING - [CNTManager3] 실패 - rig_ready:export:FACIAL_L_12IPV_NasolabialB1_scaleConstraint1.drawStyle: setAttr: No object matches name: rig_ready:export:FACIAL_L_12IPV_NasolabialB1_scaleConstraint1.drawStyle

2026-07-08 17:14:08 - MayaTools.CNTManager3 - WARNING - [CNTManager3] 실패 - rig_ready:export:FACIAL_L_12IPV_NasolabialB2_parentConstraint1.drawStyle: setAttr: No object matches name: rig_ready:export:FACIAL_L_12IPV_NasolabialB2_parentConstraint1.drawStyle

2026-07-08 17:14:08 - MayaTools.CNTManager3 - WARNING - [CNTManager3] 실패 - rig_ready:export:FACIAL_L_12IPV_NasolabialB2_scaleConstraint1.drawStyle: setAttr: No object matches name: rig_ready:export:FACIAL_L_12IPV_NasolabialB2_scaleConstraint1.drawStyle

2026-07-08 17:14:08 - MayaTools.CNTManager3 - WARNING - [CNTManager3] 실패 - rig_ready:export:FACIAL_L_12IPV_NasolabialB3_parentConstraint1.drawStyle: setAttr: No object matches name: rig_ready:export:FACIAL_L_12IPV_NasolabialB3_parentConstraint1.drawStyle

2026-07-08 17:14:08 - MayaTools.CNTManager3 - WARNING - [CNTManager3] 실패 - rig_ready:export:FACIAL_L_12IPV_NasolabialB3_scaleConstraint1.drawStyle: setAttr: No object matches name: rig_ready:export:FACIAL_L_12IPV_NasolabialB3_scaleConstraint1.drawStyle

2026-07-08 17:14:08 - MayaTools.CNTManager3 - WARNING - [CNTManager3] 실패 - rig_ready:export:FACIAL_L_12IPV_NasolabialB4_parentConstraint1.drawStyle: setAttr: No object matches name: rig_ready:export:FACIAL_L_12IPV_NasolabialB4_parentConstraint1.drawStyle

2026-07-08 17:14:08 - MayaTools.CNTManager3 - WARNING - [CNTManager3] 실패 - rig_ready:export:FACIAL_L_12IPV_NasolabialB4_scaleConstraint1.drawStyle: setAttr: No object matches name: rig_ready:export:FACIAL_L_12IPV_NasolabialB4_scaleConstraint1.drawStyle

2026-07-08 17:14:08 - MayaTools.CNTManager3 - WARNING - [CNTManager3] 실패 - rig_ready:export:FACIAL_L_12IPV_NasolabialB5_parentConstraint1.drawStyle: setAttr: No object matches name: rig_ready:export:FACIAL_L_12IPV_NasolabialB5_parentConstraint1.drawStyle

2026-07-08 17:14:08 - MayaTools.CNTManager3 - WARNING - [CNTManager3] 실패 - rig_ready:export:FACIAL_L_12IPV_NasolabialB5_scaleConstraint1.drawStyle: setAttr: No object matches name: rig_ready:export:FACIAL_L_12IPV_NasolabialB5_scaleConstraint1.drawStyle

2026-07-08 17:14:08 - MayaTools.CNTManager3 - WARNING - [CNTManager3] 실패 - rig_ready:export:FACIAL_L_12IPV_NasolabialB6_parentConstraint1.drawStyle: setAttr: No object matches name: rig_ready:export:FACIAL_L_12IPV_NasolabialB6_parentConstraint1.drawStyle

2026-07-08 17:14:08 - MayaTools.CNTManager3 - WARNING - [CNTManager3] 실패 - rig_ready:export:FACIAL_L_12IPV_NasolabialB6_scaleConstraint1.drawStyle: setAttr: No object matches name: rig_ready:export:FACIAL_L_12IPV_NasolabialB6_scaleConstraint1.drawStyle

2026-07-08 17:14:08 - MayaTools.CNTManager3 - WARNING - [CNTManager3] 실패 - rig_ready:export:FACIAL_L_12IPV_NasolabialB7_parentConstraint1.drawStyle: setAttr: No object matches name: rig_ready:export:FACIAL_L_12IPV_NasolabialB7_parentConstraint1.drawStyle

2026-07-08 17:14:08 - MayaTools.CNTManager3 - WARNING - [CNTManager3] 실패 - rig_ready:export:FACIAL_L_12IPV_NasolabialB7_scaleConstraint1.drawStyle: setAttr: No object matches name: rig_ready:export:FACIAL_L_12IPV_NasolabialB7_scaleConstraint1.drawStyle

2026-07-08 17:14:08 - MayaTools.CNTManager3 - WARNING - [CNTManager3] 실패 - rig_ready:export:FACIAL_L_12IPV_NasolabialB8_parentConstraint1.drawStyle: setAttr: No object matches name: rig_ready:export:FACIAL_L_12IPV_NasolabialB8_parentConstraint1.drawStyle

2026-07-08 17:14:08 - MayaTools.CNTManager3 - WARNING - [CNTManager3] 실패 - rig_ready:export:FACIAL_L_12IPV_NasolabialB8_scaleConstraint1.drawStyle: setAttr: No object matches name: rig_ready:export:FACIAL_L_12IPV_NasolabialB8_scaleConstraint1.drawStyle

2026-07-08 17:14:08 - MayaTools.CNTManager3 - WARNING - [CNTManager3] 실패 - rig_ready:export:FACIAL_L_12IPV_NasolabialB9_parentConstraint1.drawStyle: setAttr: No object matches name: rig_ready:export:FACIAL_L_12IPV_NasolabialB9_parentConstraint1.drawStyle

2026-07-08 17:14:08 - MayaTools.CNTManager3 - WARNING - [CNTManager3] 실패 - rig_ready:export:FACIAL_L_12IPV_NasolabialB9_scaleConstraint1.drawStyle: setAttr: No object matches name: rig_ready:export:FACIAL_L_12IPV_NasolabialB9_scaleConstraint1.drawStyle

2026-07-08 17:14:08 - MayaTools.CNTManager3 - WARNING - [CNTManager3] 실패 - rig_ready:export:FACIAL_L_12IPV_NasolabialB10_parentConstraint1.drawStyle: setAttr: No object matches name: rig_ready:export:FACIAL_L_12IPV_NasolabialB10_parentConstraint1.drawStyle

2026-07-08 17:14:08 - MayaTools.CNTManager3 - WARNING - [CNTManager3] 실패 - rig_ready:export:FACIAL_L_12IPV_NasolabialB10_scaleConstraint1.drawStyle: setAttr: No object matches name: rig_ready:export:FACIAL_L_12IPV_NasolabialB10_scaleConstraint1.drawStyle

2026-07-08 17:14:08 - MayaTools.CNTManager3 - WARNING - [CNTManager3] 실패 - rig_ready:export:FACIAL_L_12IPV_NasolabialB11_parentConstraint1.drawStyle: setAttr: No object matches name: rig_ready:export:FACIAL_L_12IPV_NasolabialB11_parentConstraint1.drawStyle

2026-07-08 17:14:08 - MayaTools.CNTManager3 - WARNING - [CNTManager3] 실패 - rig_ready:export:FACIAL_L_12IPV_NasolabialB11_scaleConstraint1.drawStyle: setAttr: No object matches name: rig_ready:export:FACIAL_L_12IPV_NasolabialB11_scaleConstraint1.drawStyle

2026-07-08 17:14:08 - MayaTools.CNTManager3 - WARNING - [CNTManager3] 실패 - rig_ready:export:FACIAL_L_12IPV_NasolabialB12_parentConstraint1.drawStyle: setAttr: No object matches name: rig_ready:export:FACIAL_L_12IPV_NasolabialB12_parentConstraint1.drawStyle

2026-07-08 17:14:08 - MayaTools.CNTManager3 - WARNING - [CNTManager3] 실패 - rig_ready:export:FACIAL_L_12IPV_NasolabialB12_scaleConstraint1.drawStyle: setAttr: No object matches name: rig_ready:export:FACIAL_L_12IPV_NasolabialB12_scaleConstraint1.drawStyle

2026-07-08 17:14:08 - MayaTools.CNTManager3 - WARNING - [CNTManager3] 실패 - rig_ready:export:FACIAL_L_NasolabialBulge_parentConstraint1.drawStyle: setAttr: No object matches name: rig_ready:export:FACIAL_L_NasolabialBulge_parentConstraint1.drawStyle

2026-07-08 17:14:08 - MayaTools.CNTManager3 - WARNING - [CNTManager3] 실패 - rig_ready:export:FACIAL_L_NasolabialBulge_scaleConstraint1.drawStyle: setAttr: No object matches name: rig_ready:export:FACIAL_L_NasolabialBulge_scaleConstraint1.drawStyle

2026-07-08 17:14:08 - MayaTools.CNTManager3 - WARNING - [CNTManager3] 실패 - rig_ready:export:FACIAL_R_NasolabialBulge2_parentConstraint1.drawStyle: setAttr: No object matches name: rig_ready:export:FACIAL_R_NasolabialBulge2_parentConstraint1.drawStyle

2026-07-08 17:14:08 - MayaTools.CNTManager3 - WARNING - [CNTManager3] 실패 - rig_ready:export:FACIAL_R_NasolabialBulge2_scaleConstraint1.drawStyle: setAttr: No object matches name: rig_ready:export:FACIAL_R_NasolabialBulge2_scaleConstraint1.drawStyle

2026-07-08 17:14:08 - MayaTools.CNTManager3 - WARNING - [CNTManager3] 실패 - rig_ready:export:FACIAL_R_NasolabialBulge3_parentConstraint1.drawStyle: setAttr: No object matches name: rig_ready:export:FACIAL_R_NasolabialBulge3_parentConstraint1.drawStyle

2026-07-08 17:14:08 - MayaTools.CNTManager3 - WARNING - [CNTManager3] 실패 - rig_ready:export:FACIAL_R_NasolabialBulge3_scaleConstraint1.drawStyle: setAttr: No object matches name: rig_ready:export:FACIAL_R_NasolabialBulge3_scaleConstraint1.drawStyle

2026-07-08 17:14:08 - MayaTools.CNTManager3 - WARNING - [CNTManager3] 실패 - rig_ready:export:FACIAL_R_12IPV_NasolabialB1_parentConstraint1.drawStyle: setAttr: No object matches name: rig_ready:export:FACIAL_R_12IPV_NasolabialB1_parentConstraint1.drawStyle

2026-07-08 17:14:08 - MayaTools.CNTManager3 - WARNING - [CNTManager3] 실패 - rig_ready:export:FACIAL_R_12IPV_NasolabialB1_scaleConstraint1.drawStyle: setAttr: No object matches name: rig_ready:export:FACIAL_R_12IPV_NasolabialB1_scaleConstraint1.drawStyle

2026-07-08 17:14:08 - MayaTools.CNTManager3 - WARNING - [CNTManager3] 실패 - rig_ready:export:FACIAL_R_12IPV_NasolabialB2_parentConstraint1.drawStyle: setAttr: No object matches name: rig_ready:export:FACIAL_R_12IPV_NasolabialB2_parentConstraint1.drawStyle

2026-07-08 17:14:08 - MayaTools.CNTManager3 - WARNING - [CNTManager3] 실패 - rig_ready:export:FACIAL_R_12IPV_NasolabialB2_scaleConstraint1.drawStyle: setAttr: No object matches name: rig_ready:export:FACIAL_R_12IPV_NasolabialB2_scaleConstraint1.drawStyle

2026-07-08 17:14:08 - MayaTools.CNTManager3 - WARNING - [CNTManager3] 실패 - rig_ready:export:FACIAL_R_12IPV_NasolabialB3_parentConstraint1.drawStyle: setAttr: No object matches name: rig_ready:export:FACIAL_R_12IPV_NasolabialB3_parentConstraint1.drawStyle

2026-07-08 17:14:08 - MayaTools.CNTManager3 - WARNING - [CNTManager3] 실패 - rig_ready:export:FACIAL_R_12IPV_NasolabialB3_scaleConstraint1.drawStyle: setAttr: No object matches name: rig_ready:export:FACIAL_R_12IPV_NasolabialB3_scaleConstraint1.drawStyle

2026-07-08 17:14:08 - MayaTools.CNTManager3 - WARNING - [CNTManager3] 실패 - rig_ready:export:FACIAL_R_12IPV_NasolabialB4_parentConstraint1.drawStyle: setAttr: No object matches name: rig_ready:export:FACIAL_R_12IPV_NasolabialB4_parentConstraint1.drawStyle

2026-07-08 17:14:08 - MayaTools.CNTManager3 - WARNING - [CNTManager3] 실패 - rig_ready:export:FACIAL_R_12IPV_NasolabialB4_scaleConstraint1.drawStyle: setAttr: No object matches name: rig_ready:export:FACIAL_R_12IPV_NasolabialB4_scaleConstraint1.drawStyle

2026-07-08 17:14:08 - MayaTools.CNTManager3 - WARNING - [CNTManager3] 실패 - rig_ready:export:FACIAL_R_12IPV_NasolabialB5_parentConstraint1.drawStyle: setAttr: No object matches name: rig_ready:export:FACIAL_R_12IPV_NasolabialB5_parentConstraint1.drawStyle

2026-07-08 17:14:08 - MayaTools.CNTManager3 - WARNING - [CNTManager3] 실패 - rig_ready:export:FACIAL_R_12IPV_NasolabialB5_scaleConstraint1.drawStyle: setAttr: No object matches name: rig_ready:export:FACIAL_R_12IPV_NasolabialB5_scaleConstraint1.drawStyle

2026-07-08 17:14:08 - MayaTools.CNTManager3 - WARNING - [CNTManager3] 실패 - rig_ready:export:FACIAL_R_12IPV_NasolabialB6_parentConstraint1.drawStyle: setAttr: No object matches name: rig_ready:export:FACIAL_R_12IPV_NasolabialB6_parentConstraint1.drawStyle

2026-07-08 17:14:08 - MayaTools.CNTManager3 - WARNING - [CNTManager3] 실패 - rig_ready:export:FACIAL_R_12IPV_NasolabialB6_scaleConstraint1.drawStyle: setAttr: No object matches name: rig_ready:export:FACIAL_R_12IPV_NasolabialB6_scaleConstraint1.drawStyle

2026-07-08 17:14:08 - MayaTools.CNTManager3 - WARNING - [CNTManager3] 실패 - rig_ready:export:FACIAL_R_12IPV_NasolabialB7_parentConstraint1.drawStyle: setAttr: No object matches name: rig_ready:export:FACIAL_R_12IPV_NasolabialB7_parentConstraint1.drawStyle

2026-07-08 17:14:08 - MayaTools.CNTManager3 - WARNING - [CNTManager3] 실패 - rig_ready:export:FACIAL_R_12IPV_NasolabialB7_scaleConstraint1.drawStyle: setAttr: No object matches name: rig_ready:export:FACIAL_R_12IPV_NasolabialB7_scaleConstraint1.drawStyle

2026-07-08 17:14:08 - MayaTools.CNTManager3 - WARNING - [CNTManager3] 실패 - rig_ready:export:FACIAL_R_12IPV_NasolabialB8_parentConstraint1.drawStyle: setAttr: No object matches name: rig_ready:export:FACIAL_R_12IPV_NasolabialB8_parentConstraint1.drawStyle

2026-07-08 17:14:08 - MayaTools.CNTManager3 - WARNING - [CNTManager3] 실패 - rig_ready:export:FACIAL_R_12IPV_NasolabialB8_scaleConstraint1.drawStyle: setAttr: No object matches name: rig_ready:export:FACIAL_R_12IPV_NasolabialB8_scaleConstraint1.drawStyle

2026-07-08 17:14:08 - MayaTools.CNTManager3 - WARNING - [CNTManager3] 실패 - rig_ready:export:FACIAL_R_12IPV_NasolabialB9_parentConstraint1.drawStyle: setAttr: No object matches name: rig_ready:export:FACIAL_R_12IPV_NasolabialB9_parentConstraint1.drawStyle

2026-07-08 17:14:08 - MayaTools.CNTManager3 - WARNING - [CNTManager3] 실패 - rig_ready:export:FACIAL_R_12IPV_NasolabialB9_scaleConstraint1.drawStyle: setAttr: No object matches name: rig_ready:export:FACIAL_R_12IPV_NasolabialB9_scaleConstraint1.drawStyle

2026-07-08 17:14:08 - MayaTools.CNTManager3 - WARNING - [CNTManager3] 실패 - rig_ready:export:FACIAL_R_12IPV_NasolabialB10_parentConstraint1.drawStyle: setAttr: No object matches name: rig_ready:export:FACIAL_R_12IPV_NasolabialB10_parentConstraint1.drawStyle

2026-07-08 17:14:08 - MayaTools.CNTManager3 - WARNING - [CNTManager3] 실패 - rig_ready:export:FACIAL_R_12IPV_NasolabialB10_scaleConstraint1.drawStyle: setAttr: No object matches name: rig_ready:export:FACIAL_R_12IPV_NasolabialB10_scaleConstraint1.drawStyle

2026-07-08 17:14:08 - MayaTools.CNTManager3 - WARNING - [CNTManager3] 실패 - rig_ready:export:FACIAL_R_12IPV_NasolabialB11_parentConstraint1.drawStyle: setAttr: No object matches name: rig_ready:export:FACIAL_R_12IPV_NasolabialB11_parentConstraint1.drawStyle

2026-07-08 17:14:08 - MayaTools.CNTManager3 - WARNING - [CNTManager3] 실패 - rig_ready:export:FACIAL_R_12IPV_NasolabialB11_scaleConstraint1.drawStyle: setAttr: No object matches name: rig_ready:export:FACIAL_R_12IPV_NasolabialB11_scaleConstraint1.drawStyle

2026-07-08 17:14:08 - MayaTools.CNTManager3 - WARNING - [CNTManager3] 실패 - rig_ready:export:FACIAL_R_12IPV_NasolabialB12_parentConstraint1.drawStyle: setAttr: No object matches name: rig_ready:export:FACIAL_R_12IPV_NasolabialB12_parentConstraint1.drawStyle

2026-07-08 17:14:08 - MayaTools.CNTManager3 - WARNING - [CNTManager3] 실패 - rig_ready:export:FACIAL_R_12IPV_NasolabialB12_scaleConstraint1.drawStyle: setAttr: No object matches name: rig_ready:export:FACIAL_R_12IPV_NasolabialB12_scaleConstraint1.drawStyle

2026-07-08 17:14:08 - MayaTools.CNTManager3 - WARNING - [CNTManager3] 실패 - rig_ready:export:FACIAL_R_NasolabialBulge_parentConstraint1.drawStyle: setAttr: No object matches name: rig_ready:export:FACIAL_R_NasolabialBulge_parentConstraint1.drawStyle

2026-07-08 17:14:08 - MayaTools.CNTManager3 - WARNING - [CNTManager3] 실패 - rig_ready:export:FACIAL_R_NasolabialBulge_scaleConstraint1.drawStyle: setAttr: No object matches name: rig_ready:export:FACIAL_R_NasolabialBulge_scaleConstraint1.drawStyle

2026-07-08 17:14:08 - MayaTools.CNTManager3 - WARNING - [CNTManager3] 실패 - rig_ready:export:FACIAL_L_NasolabialFurrow_parentConstraint1.drawStyle: setAttr: No object matches name: rig_ready:export:FACIAL_L_NasolabialFurrow_parentConstraint1.drawStyle

2026-07-08 17:14:08 - MayaTools.CNTManager3 - WARNING - [CNTManager3] 실패 - rig_ready:export:FACIAL_L_NasolabialFurrow_scaleConstraint1.drawStyle: setAttr: No object matches name: rig_ready:export:FACIAL_L_NasolabialFurrow_scaleConstraint1.drawStyle

2026-07-08 17:14:08 - MayaTools.CNTManager3 - WARNING - [CNTManager3] 실패 - rig_ready:export:FACIAL_R_NasolabialFurrow_parentConstraint1.drawStyle: setAttr: No object matches name: rig_ready:export:FACIAL_R_NasolabialFurrow_parentConstraint1.drawStyle

2026-07-08 17:14:08 - MayaTools.CNTManager3 - WARNING - [CNTManager3] 실패 - rig_ready:export:FACIAL_R_NasolabialFurrow_scaleConstraint1.drawStyle: setAttr: No object matches name: rig_ready:export:FACIAL_R_NasolabialFurrow_scaleConstraint1.drawStyle

2026-07-08 17:14:08 - MayaTools.CNTManager3 - WARNING - [CNTManager3] 실패 - rig_ready:export:FACIAL_L_12IPV_NasolabialF1_parentConstraint1.drawStyle: setAttr: No object matches name: rig_ready:export:FACIAL_L_12IPV_NasolabialF1_parentConstraint1.drawStyle

2026-07-08 17:14:08 - MayaTools.CNTManager3 - WARNING - [CNTManager3] 실패 - rig_ready:export:FACIAL_L_12IPV_NasolabialF1_scaleConstraint1.drawStyle: setAttr: No object matches name: rig_ready:export:FACIAL_L_12IPV_NasolabialF1_scaleConstraint1.drawStyle

2026-07-08 17:14:08 - MayaTools.CNTManager3 - WARNING - [CNTManager3] 실패 - rig_ready:export:FACIAL_R_12IPV_NasolabialF1_parentConstraint1.drawStyle: setAttr: No object matches name: rig_ready:export:FACIAL_R_12IPV_NasolabialF1_parentConstraint1.drawStyle

2026-07-08 17:14:08 - MayaTools.CNTManager3 - WARNING - [CNTManager3] 실패 - rig_ready:export:FACIAL_R_12IPV_NasolabialF1_scaleConstraint1.drawStyle: setAttr: No object matches name: rig_ready:export:FACIAL_R_12IPV_NasolabialF1_scaleConstraint1.drawStyle

2026-07-08 17:14:08 - MayaTools.CNTManager3 - WARNING - [CNTManager3] 실패 - rig_ready:export:FACIAL_L_12IPV_NasolabialF2_parentConstraint1.drawStyle: setAttr: No object matches name: rig_ready:export:FACIAL_L_12IPV_NasolabialF2_parentConstraint1.drawStyle

2026-07-08 17:14:08 - MayaTools.CNTManager3 - WARNING - [CNTManager3] 실패 - rig_ready:export:FACIAL_L_12IPV_NasolabialF2_scaleConstraint1.drawStyle: setAttr: No object matches name: rig_ready:export:FACIAL_L_12IPV_NasolabialF2_scaleConstraint1.drawStyle

2026-07-08 17:14:08 - MayaTools.CNTManager3 - WARNING - [CNTManager3] 실패 - rig_ready:export:FACIAL_R_12IPV_NasolabialF2_parentConstraint1.drawStyle: setAttr: No object matches name: rig_ready:export:FACIAL_R_12IPV_NasolabialF2_parentConstraint1.drawStyle

2026-07-08 17:14:08 - MayaTools.CNTManager3 - WARNING - [CNTManager3] 실패 - rig_ready:export:FACIAL_R_12IPV_NasolabialF2_scaleConstraint1.drawStyle: setAttr: No object matches name: rig_ready:export:FACIAL_R_12IPV_NasolabialF2_scaleConstraint1.drawStyle

2026-07-08 17:14:08 - MayaTools.CNTManager3 - WARNING - [CNTManager3] 실패 - rig_ready:export:FACIAL_L_12IPV_NasolabialF3_parentConstraint1.drawStyle: setAttr: No object matches name: rig_ready:export:FACIAL_L_12IPV_NasolabialF3_parentConstraint1.drawStyle

2026-07-08 17:14:08 - MayaTools.CNTManager3 - WARNING - [CNTManager3] 실패 - rig_ready:export:FACIAL_L_12IPV_NasolabialF3_scaleConstraint1.drawStyle: setAttr: No object matches name: rig_ready:export:FACIAL_L_12IPV_NasolabialF3_scaleConstraint1.drawStyle

2026-07-08 17:14:08 - MayaTools.CNTManager3 - WARNING - [CNTManager3] 실패 - rig_ready:export:FACIAL_R_12IPV_NasolabialF3_parentConstraint1.drawStyle: setAttr: No object matches name: rig_ready:export:FACIAL_R_12IPV_NasolabialF3_parentConstraint1.drawStyle

2026-07-08 17:14:08 - MayaTools.CNTManager3 - WARNING - [CNTManager3] 실패 - rig_ready:export:FACIAL_R_12IPV_NasolabialF3_scaleConstraint1.drawStyle: setAttr: No object matches name: rig_ready:export:FACIAL_R_12IPV_NasolabialF3_scaleConstraint1.drawStyle

2026-07-08 17:14:08 - MayaTools.CNTManager3 - WARNING - [CNTManager3] 실패 - rig_ready:export:FACIAL_L_12IPV_NasolabialF4_parentConstraint1.drawStyle: setAttr: No object matches name: rig_ready:export:FACIAL_L_12IPV_NasolabialF4_parentConstraint1.drawStyle

2026-07-08 17:14:08 - MayaTools.CNTManager3 - WARNING - [CNTManager3] 실패 - rig_ready:export:FACIAL_L_12IPV_NasolabialF4_scaleConstraint1.drawStyle: setAttr: No object matches name: rig_ready:export:FACIAL_L_12IPV_NasolabialF4_scaleConstraint1.drawStyle

2026-07-08 17:14:08 - MayaTools.CNTManager3 - WARNING - [CNTManager3] 실패 - rig_ready:export:FACIAL_R_12IPV_NasolabialF4_parentConstraint1.drawStyle: setAttr: No object matches name: rig_ready:export:FACIAL_R_12IPV_NasolabialF4_parentConstraint1.drawStyle

2026-07-08 17:14:08 - MayaTools.CNTManager3 - WARNING - [CNTManager3] 실패 - rig_ready:export:FACIAL_R_12IPV_NasolabialF4_scaleConstraint1.drawStyle: setAttr: No object matches name: rig_ready:export:FACIAL_R_12IPV_NasolabialF4_scaleConstraint1.drawStyle

2026-07-08 17:14:08 - MayaTools.CNTManager3 - WARNING - [CNTManager3] 실패 - rig_ready:export:FACIAL_L_12IPV_NasolabialF5_parentConstraint1.drawStyle: setAttr: No object matches name: rig_ready:export:FACIAL_L_12IPV_NasolabialF5_parentConstraint1.drawStyle

2026-07-08 17:14:08 - MayaTools.CNTManager3 - WARNING - [CNTManager3] 실패 - rig_ready:export:FACIAL_L_12IPV_NasolabialF5_scaleConstraint1.drawStyle: setAttr: No object matches name: rig_ready:export:FACIAL_L_12IPV_NasolabialF5_scaleConstraint1.drawStyle

2026-07-08 17:14:08 - MayaTools.CNTManager3 - WARNING - [CNTManager3] 실패 - rig_ready:export:FACIAL_R_12IPV_NasolabialF5_parentConstraint1.drawStyle: setAttr: No object matches name: rig_ready:export:FACIAL_R_12IPV_NasolabialF5_parentConstraint1.drawStyle

2026-07-08 17:14:08 - MayaTools.CNTManager3 - WARNING - [CNTManager3] 실패 - rig_ready:export:FACIAL_R_12IPV_NasolabialF5_scaleConstraint1.drawStyle: setAttr: No object matches name: rig_ready:export:FACIAL_R_12IPV_NasolabialF5_scaleConstraint1.drawStyle

2026-07-08 17:14:08 - MayaTools.CNTManager3 - WARNING - [CNTManager3] 실패 - rig_ready:export:FACIAL_L_12IPV_NasolabialF6_parentConstraint1.drawStyle: setAttr: No object matches name: rig_ready:export:FACIAL_L_12IPV_NasolabialF6_parentConstraint1.drawStyle

2026-07-08 17:14:08 - MayaTools.CNTManager3 - WARNING - [CNTManager3] 실패 - rig_ready:export:FACIAL_L_12IPV_NasolabialF6_scaleConstraint1.drawStyle: setAttr: No object matches name: rig_ready:export:FACIAL_L_12IPV_NasolabialF6_scaleConstraint1.drawStyle

2026-07-08 17:14:08 - MayaTools.CNTManager3 - WARNING - [CNTManager3] 실패 - rig_ready:export:FACIAL_R_12IPV_NasolabialF6_parentConstraint1.drawStyle: setAttr: No object matches name: rig_ready:export:FACIAL_R_12IPV_NasolabialF6_parentConstraint1.drawStyle

2026-07-08 17:14:08 - MayaTools.CNTManager3 - WARNING - [CNTManager3] 실패 - rig_ready:export:FACIAL_R_12IPV_NasolabialF6_scaleConstraint1.drawStyle: setAttr: No object matches name: rig_ready:export:FACIAL_R_12IPV_NasolabialF6_scaleConstraint1.drawStyle

2026-07-08 17:14:08 - MayaTools.CNTManager3 - WARNING - [CNTManager3] 실패 - rig_ready:export:FACIAL_L_12IPV_NasolabialF7_parentConstraint1.drawStyle: setAttr: No object matches name: rig_ready:export:FACIAL_L_12IPV_NasolabialF7_parentConstraint1.drawStyle

2026-07-08 17:14:08 - MayaTools.CNTManager3 - WARNING - [CNTManager3] 실패 - rig_ready:export:FACIAL_L_12IPV_NasolabialF7_scaleConstraint1.drawStyle: setAttr: No object matches name: rig_ready:export:FACIAL_L_12IPV_NasolabialF7_scaleConstraint1.drawStyle

2026-07-08 17:14:08 - MayaTools.CNTManager3 - WARNING - [CNTManager3] 실패 - rig_ready:export:FACIAL_R_12IPV_NasolabialF7_parentConstraint1.drawStyle: setAttr: No object matches name: rig_ready:export:FACIAL_R_12IPV_NasolabialF7_parentConstraint1.drawStyle

2026-07-08 17:14:08 - MayaTools.CNTManager3 - WARNING - [CNTManager3] 실패 - rig_ready:export:FACIAL_R_12IPV_NasolabialF7_scaleConstraint1.drawStyle: setAttr: No object matches name: rig_ready:export:FACIAL_R_12IPV_NasolabialF7_scaleConstraint1.drawStyle

2026-07-08 17:14:08 - MayaTools.CNTManager3 - WARNING - [CNTManager3] 실패 - rig_ready:export:FACIAL_L_12IPV_NasolabialF8_parentConstraint1.drawStyle: setAttr: No object matches name: rig_ready:export:FACIAL_L_12IPV_NasolabialF8_parentConstraint1.drawStyle

2026-07-08 17:14:08 - MayaTools.CNTManager3 - WARNING - [CNTManager3] 실패 - rig_ready:export:FACIAL_L_12IPV_NasolabialF8_scaleConstraint1.drawStyle: setAttr: No object matches name: rig_ready:export:FACIAL_L_12IPV_NasolabialF8_scaleConstraint1.drawStyle

2026-07-08 17:14:08 - MayaTools.CNTManager3 - WARNING - [CNTManager3] 실패 - rig_ready:export:FACIAL_R_12IPV_NasolabialF8_parentConstraint1.drawStyle: setAttr: No object matches name: rig_ready:export:FACIAL_R_12IPV_NasolabialF8_parentConstraint1.drawStyle

2026-07-08 17:14:08 - MayaTools.CNTManager3 - WARNING - [CNTManager3] 실패 - rig_ready:export:FACIAL_R_12IPV_NasolabialF8_scaleConstraint1.drawStyle: setAttr: No object matches name: rig_ready:export:FACIAL_R_12IPV_NasolabialF8_scaleConstraint1.drawStyle

2026-07-08 17:14:08 - MayaTools.CNTManager3 - WARNING - [CNTManager3] 실패 - rig_ready:export:FACIAL_L_12IPV_NasolabialF9_parentConstraint1.drawStyle: setAttr: No object matches name: rig_ready:export:FACIAL_L_12IPV_NasolabialF9_parentConstraint1.drawStyle

2026-07-08 17:14:08 - MayaTools.CNTManager3 - WARNING - [CNTManager3] 실패 - rig_ready:export:FACIAL_L_12IPV_NasolabialF9_scaleConstraint1.drawStyle: setAttr: No object matches name: rig_ready:export:FACIAL_L_12IPV_NasolabialF9_scaleConstraint1.drawStyle

2026-07-08 17:14:08 - MayaTools.CNTManager3 - WARNING - [CNTManager3] 실패 - rig_ready:export:FACIAL_R_12IPV_NasolabialF9_parentConstraint1.drawStyle: setAttr: No object matches name: rig_ready:export:FACIAL_R_12IPV_NasolabialF9_parentConstraint1.drawStyle

2026-07-08 17:14:08 - MayaTools.CNTManager3 - WARNING - [CNTManager3] 실패 - rig_ready:export:FACIAL_R_12IPV_NasolabialF9_scaleConstraint1.drawStyle: setAttr: No object matches name: rig_ready:export:FACIAL_R_12IPV_NasolabialF9_scaleConstraint1.drawStyle

2026-07-08 17:14:08 - MayaTools.CNTManager3 - WARNING - [CNTManager3] 실패 - rig_ready:export:FACIAL_L_CheekLower1_parentConstraint1.drawStyle: setAttr: No object matches name: rig_ready:export:FACIAL_L_CheekLower1_parentConstraint1.drawStyle

2026-07-08 17:14:08 - MayaTools.CNTManager3 - WARNING - [CNTManager3] 실패 - rig_ready:export:FACIAL_L_CheekLower1_scaleConstraint1.drawStyle: setAttr: No object matches name: rig_ready:export:FACIAL_L_CheekLower1_scaleConstraint1.drawStyle

2026-07-08 17:14:08 - MayaTools.CNTManager3 - WARNING - [CNTManager3] 실패 - rig_ready:export:FACIAL_L_CheekLower2_parentConstraint1.drawStyle: setAttr: No object matches name: rig_ready:export:FACIAL_L_CheekLower2_parentConstraint1.drawStyle

2026-07-08 17:14:08 - MayaTools.CNTManager3 - WARNING - [CNTManager3] 실패 - rig_ready:export:FACIAL_L_CheekLower2_scaleConstraint1.drawStyle: setAttr: No object matches name: rig_ready:export:FACIAL_L_CheekLower2_scaleConstraint1.drawStyle

2026-07-08 17:14:08 - MayaTools.CNTManager3 - WARNING - [CNTManager3] 실패 - rig_ready:export:FACIAL_L_12IPV_CheekL1_parentConstraint1.drawStyle: setAttr: No object matches name: rig_ready:export:FACIAL_L_12IPV_CheekL1_parentConstraint1.drawStyle

2026-07-08 17:14:08 - MayaTools.CNTManager3 - WARNING - [CNTManager3] 실패 - rig_ready:export:FACIAL_L_12IPV_CheekL1_scaleConstraint1.drawStyle: setAttr: No object matches name: rig_ready:export:FACIAL_L_12IPV_CheekL1_scaleConstraint1.drawStyle

2026-07-08 17:14:08 - MayaTools.CNTManager3 - WARNING - [CNTManager3] 실패 - rig_ready:export:FACIAL_L_12IPV_CheekL2_parentConstraint1.drawStyle: setAttr: No object matches name: rig_ready:export:FACIAL_L_12IPV_CheekL2_parentConstraint1.drawStyle

2026-07-08 17:14:08 - MayaTools.CNTManager3 - WARNING - [CNTManager3] 실패 - rig_ready:export:FACIAL_L_12IPV_CheekL2_scaleConstraint1.drawStyle: setAttr: No object matches name: rig_ready:export:FACIAL_L_12IPV_CheekL2_scaleConstraint1.drawStyle

2026-07-08 17:14:08 - MayaTools.CNTManager3 - WARNING - [CNTManager3] 실패 - rig_ready:export:FACIAL_L_12IPV_CheekL3_parentConstraint1.drawStyle: setAttr: No object matches name: rig_ready:export:FACIAL_L_12IPV_CheekL3_parentConstraint1.drawStyle

2026-07-08 17:14:08 - MayaTools.CNTManager3 - WARNING - [CNTManager3] 실패 - rig_ready:export:FACIAL_L_12IPV_CheekL3_scaleConstraint1.drawStyle: setAttr: No object matches name: rig_ready:export:FACIAL_L_12IPV_CheekL3_scaleConstraint1.drawStyle

2026-07-08 17:14:08 - MayaTools.CNTManager3 - WARNING - [CNTManager3] 실패 - rig_ready:export:FACIAL_L_12IPV_CheekL4_parentConstraint1.drawStyle: setAttr: No object matches name: rig_ready:export:FACIAL_L_12IPV_CheekL4_parentConstraint1.drawStyle

2026-07-08 17:14:08 - MayaTools.CNTManager3 - WARNING - [CNTManager3] 실패 - rig_ready:export:FACIAL_L_12IPV_CheekL4_scaleConstraint1.drawStyle: setAttr: No object matches name: rig_ready:export:FACIAL_L_12IPV_CheekL4_scaleConstraint1.drawStyle

2026-07-08 17:14:08 - MayaTools.CNTManager3 - WARNING - [CNTManager3] 실패 - rig_ready:export:FACIAL_L_CheekLower_parentConstraint1.drawStyle: setAttr: No object matches name: rig_ready:export:FACIAL_L_CheekLower_parentConstraint1.drawStyle

2026-07-08 17:14:08 - MayaTools.CNTManager3 - WARNING - [CNTManager3] 실패 - rig_ready:export:FACIAL_L_CheekLower_scaleConstraint1.drawStyle: setAttr: No object matches name: rig_ready:export:FACIAL_L_CheekLower_scaleConstraint1.drawStyle

2026-07-08 17:14:08 - MayaTools.CNTManager3 - WARNING - [CNTManager3] 실패 - rig_ready:export:FACIAL_R_CheekLower1_parentConstraint1.drawStyle: setAttr: No object matches name: rig_ready:export:FACIAL_R_CheekLower1_parentConstraint1.drawStyle

2026-07-08 17:14:08 - MayaTools.CNTManager3 - WARNING - [CNTManager3] 실패 - rig_ready:export:FACIAL_R_CheekLower1_scaleConstraint1.drawStyle: setAttr: No object matches name: rig_ready:export:FACIAL_R_CheekLower1_scaleConstraint1.drawStyle

2026-07-08 17:14:08 - MayaTools.CNTManager3 - WARNING - [CNTManager3] 실패 - rig_ready:export:FACIAL_R_CheekLower2_parentConstraint1.drawStyle: setAttr: No object matches name: rig_ready:export:FACIAL_R_CheekLower2_parentConstraint1.drawStyle

2026-07-08 17:14:08 - MayaTools.CNTManager3 - WARNING - [CNTManager3] 실패 - rig_ready:export:FACIAL_R_CheekLower2_scaleConstraint1.drawStyle: setAttr: No object matches name: rig_ready:export:FACIAL_R_CheekLower2_scaleConstraint1.drawStyle

2026-07-08 17:14:08 - MayaTools.CNTManager3 - WARNING - [CNTManager3] 실패 - rig_ready:export:FACIAL_R_12IPV_CheekL1_parentConstraint1.drawStyle: setAttr: No object matches name: rig_ready:export:FACIAL_R_12IPV_CheekL1_parentConstraint1.drawStyle

2026-07-08 17:14:08 - MayaTools.CNTManager3 - WARNING - [CNTManager3] 실패 - rig_ready:export:FACIAL_R_12IPV_CheekL1_scaleConstraint1.drawStyle: setAttr: No object matches name: rig_ready:export:FACIAL_R_12IPV_CheekL1_scaleConstraint1.drawStyle

2026-07-08 17:14:08 - MayaTools.CNTManager3 - WARNING - [CNTManager3] 실패 - rig_ready:export:FACIAL_R_12IPV_CheekL2_parentConstraint1.drawStyle: setAttr: No object matches name: rig_ready:export:FACIAL_R_12IPV_CheekL2_parentConstraint1.drawStyle

2026-07-08 17:14:08 - MayaTools.CNTManager3 - WARNING - [CNTManager3] 실패 - rig_ready:export:FACIAL_R_12IPV_CheekL2_scaleConstraint1.drawStyle: setAttr: No object matches name: rig_ready:export:FACIAL_R_12IPV_CheekL2_scaleConstraint1.drawStyle

2026-07-08 17:14:08 - MayaTools.CNTManager3 - WARNING - [CNTManager3] 실패 - rig_ready:export:FACIAL_R_12IPV_CheekL3_parentConstraint1.drawStyle: setAttr: No object matches name: rig_ready:export:FACIAL_R_12IPV_CheekL3_parentConstraint1.drawStyle

2026-07-08 17:14:08 - MayaTools.CNTManager3 - WARNING - [CNTManager3] 실패 - rig_ready:export:FACIAL_R_12IPV_CheekL3_scaleConstraint1.drawStyle: setAttr: No object matches name: rig_ready:export:FACIAL_R_12IPV_CheekL3_scaleConstraint1.drawStyle

2026-07-08 17:14:08 - MayaTools.CNTManager3 - WARNING - [CNTManager3] 실패 - rig_ready:export:FACIAL_R_12IPV_CheekL4_parentConstraint1.drawStyle: setAttr: No object matches name: rig_ready:export:FACIAL_R_12IPV_CheekL4_parentConstraint1.drawStyle

2026-07-08 17:14:08 - MayaTools.CNTManager3 - WARNING - [CNTManager3] 실패 - rig_ready:export:FACIAL_R_12IPV_CheekL4_scaleConstraint1.drawStyle: setAttr: No object matches name: rig_ready:export:FACIAL_R_12IPV_CheekL4_scaleConstraint1.drawStyle

2026-07-08 17:14:08 - MayaTools.CNTManager3 - WARNING - [CNTManager3] 실패 - rig_ready:export:FACIAL_R_CheekLower_parentConstraint1.drawStyle: setAttr: No object matches name: rig_ready:export:FACIAL_R_CheekLower_parentConstraint1.drawStyle

2026-07-08 17:14:08 - MayaTools.CNTManager3 - WARNING - [CNTManager3] 실패 - rig_ready:export:FACIAL_R_CheekLower_scaleConstraint1.drawStyle: setAttr: No object matches name: rig_ready:export:FACIAL_R_CheekLower_scaleConstraint1.drawStyle

2026-07-08 17:14:08 - MayaTools.CNTManager3 - WARNING - [CNTManager3] 실패 - rig_ready:export:FACIAL_L_Ear1_parentConstraint1.drawStyle: setAttr: No object matches name: rig_ready:export:FACIAL_L_Ear1_parentConstraint1.drawStyle

2026-07-08 17:14:08 - MayaTools.CNTManager3 - WARNING - [CNTManager3] 실패 - rig_ready:export:FACIAL_L_Ear1_scaleConstraint1.drawStyle: setAttr: No object matches name: rig_ready:export:FACIAL_L_Ear1_scaleConstraint1.drawStyle

2026-07-08 17:14:08 - MayaTools.CNTManager3 - WARNING - [CNTManager3] 실패 - rig_ready:export:FACIAL_L_Ear2_parentConstraint1.drawStyle: setAttr: No object matches name: rig_ready:export:FACIAL_L_Ear2_parentConstraint1.drawStyle

2026-07-08 17:14:08 - MayaTools.CNTManager3 - WARNING - [CNTManager3] 실패 - rig_ready:export:FACIAL_L_Ear2_scaleConstraint1.drawStyle: setAttr: No object matches name: rig_ready:export:FACIAL_L_Ear2_scaleConstraint1.drawStyle

2026-07-08 17:14:08 - MayaTools.CNTManager3 - WARNING - [CNTManager3] 실패 - rig_ready:export:FACIAL_L_Ear3_parentConstraint1.drawStyle: setAttr: No object matches name: rig_ready:export:FACIAL_L_Ear3_parentConstraint1.drawStyle

2026-07-08 17:14:08 - MayaTools.CNTManager3 - WARNING - [CNTManager3] 실패 - rig_ready:export:FACIAL_L_Ear3_scaleConstraint1.drawStyle: setAttr: No object matches name: rig_ready:export:FACIAL_L_Ear3_scaleConstraint1.drawStyle

2026-07-08 17:14:08 - MayaTools.CNTManager3 - WARNING - [CNTManager3] 실패 - rig_ready:export:FACIAL_L_Ear4_parentConstraint1.drawStyle: setAttr: No object matches name: rig_ready:export:FACIAL_L_Ear4_parentConstraint1.drawStyle

2026-07-08 17:14:08 - MayaTools.CNTManager3 - WARNING - [CNTManager3] 실패 - rig_ready:export:FACIAL_L_Ear4_scaleConstraint1.drawStyle: setAttr: No object matches name: rig_ready:export:FACIAL_L_Ear4_scaleConstraint1.drawStyle

2026-07-08 17:14:08 - MayaTools.CNTManager3 - WARNING - [CNTManager3] 실패 - rig_ready:export:FACIAL_L_Ear_parentConstraint1.drawStyle: setAttr: No object matches name: rig_ready:export:FACIAL_L_Ear_parentConstraint1.drawStyle

2026-07-08 17:14:08 - MayaTools.CNTManager3 - WARNING - [CNTManager3] 실패 - rig_ready:export:FACIAL_L_Ear_scaleConstraint1.drawStyle: setAttr: No object matches name: rig_ready:export:FACIAL_L_Ear_scaleConstraint1.drawStyle

2026-07-08 17:14:08 - MayaTools.CNTManager3 - WARNING - [CNTManager3] 실패 - rig_ready:export:FACIAL_R_Ear1_parentConstraint1.drawStyle: setAttr: No object matches name: rig_ready:export:FACIAL_R_Ear1_parentConstraint1.drawStyle

2026-07-08 17:14:08 - MayaTools.CNTManager3 - WARNING - [CNTManager3] 실패 - rig_ready:export:FACIAL_R_Ear1_scaleConstraint1.drawStyle: setAttr: No object matches name: rig_ready:export:FACIAL_R_Ear1_scaleConstraint1.drawStyle

2026-07-08 17:14:08 - MayaTools.CNTManager3 - WARNING - [CNTManager3] 실패 - rig_ready:export:FACIAL_R_Ear2_parentConstraint1.drawStyle: setAttr: No object matches name: rig_ready:export:FACIAL_R_Ear2_parentConstraint1.drawStyle

2026-07-08 17:14:08 - MayaTools.CNTManager3 - WARNING - [CNTManager3] 실패 - rig_ready:export:FACIAL_R_Ear2_scaleConstraint1.drawStyle: setAttr: No object matches name: rig_ready:export:FACIAL_R_Ear2_scaleConstraint1.drawStyle

2026-07-08 17:14:08 - MayaTools.CNTManager3 - WARNING - [CNTManager3] 실패 - rig_ready:export:FACIAL_R_Ear3_parentConstraint1.drawStyle: setAttr: No object matches name: rig_ready:export:FACIAL_R_Ear3_parentConstraint1.drawStyle

2026-07-08 17:14:08 - MayaTools.CNTManager3 - WARNING - [CNTManager3] 실패 - rig_ready:export:FACIAL_R_Ear3_scaleConstraint1.drawStyle: setAttr: No object matches name: rig_ready:export:FACIAL_R_Ear3_scaleConstraint1.drawStyle

2026-07-08 17:14:08 - MayaTools.CNTManager3 - WARNING - [CNTManager3] 실패 - rig_ready:export:FACIAL_R_Ear4_parentConstraint1.drawStyle: setAttr: No object matches name: rig_ready:export:FACIAL_R_Ear4_parentConstraint1.drawStyle

2026-07-08 17:14:08 - MayaTools.CNTManager3 - WARNING - [CNTManager3] 실패 - rig_ready:export:FACIAL_R_Ear4_scaleConstraint1.drawStyle: setAttr: No object matches name: rig_ready:export:FACIAL_R_Ear4_scaleConstraint1.drawStyle

2026-07-08 17:14:08 - MayaTools.CNTManager3 - WARNING - [CNTManager3] 실패 - rig_ready:export:FACIAL_R_Ear_parentConstraint1.drawStyle: setAttr: No object matches name: rig_ready:export:FACIAL_R_Ear_parentConstraint1.drawStyle

2026-07-08 17:14:08 - MayaTools.CNTManager3 - WARNING - [CNTManager3] 실패 - rig_ready:export:FACIAL_R_Ear_scaleConstraint1.drawStyle: setAttr: No object matches name: rig_ready:export:FACIAL_R_Ear_scaleConstraint1.drawStyle

2026-07-08 17:14:08 - MayaTools.CNTManager3 - WARNING - [CNTManager3] 실패 - rig_ready:export:FACIAL_L_NostrilThickness3_parentConstraint1.drawStyle: setAttr: No object matches name: rig_ready:export:FACIAL_L_NostrilThickness3_parentConstraint1.drawStyle

2026-07-08 17:14:08 - MayaTools.CNTManager3 - WARNING - [CNTManager3] 실패 - rig_ready:export:FACIAL_L_NostrilThickness3_scaleConstraint1.drawStyle: setAttr: No object matches name: rig_ready:export:FACIAL_L_NostrilThickness3_scaleConstraint1.drawStyle

2026-07-08 17:14:08 - MayaTools.CNTManager3 - WARNING - [CNTManager3] 실패 - rig_ready:export:FACIAL_R_NostrilThickness3_parentConstraint1.drawStyle: setAttr: No object matches name: rig_ready:export:FACIAL_R_NostrilThickness3_parentConstraint1.drawStyle

2026-07-08 17:14:08 - MayaTools.CNTManager3 - WARNING - [CNTManager3] 실패 - rig_ready:export:FACIAL_R_NostrilThickness3_scaleConstraint1.drawStyle: setAttr: No object matches name: rig_ready:export:FACIAL_R_NostrilThickness3_scaleConstraint1.drawStyle

2026-07-08 17:14:08 - MayaTools.CNTManager3 - WARNING - [CNTManager3] 실패 - rig_ready:export:FACIAL_C_12IPV_NoseL1_parentConstraint1.drawStyle: setAttr: No object matches name: rig_ready:export:FACIAL_C_12IPV_NoseL1_parentConstraint1.drawStyle

2026-07-08 17:14:08 - MayaTools.CNTManager3 - WARNING - [CNTManager3] 실패 - rig_ready:export:FACIAL_C_12IPV_NoseL1_scaleConstraint1.drawStyle: setAttr: No object matches name: rig_ready:export:FACIAL_C_12IPV_NoseL1_scaleConstraint1.drawStyle

2026-07-08 17:14:08 - MayaTools.CNTManager3 - WARNING - [CNTManager3] 실패 - rig_ready:export:FACIAL_C_12IPV_NoseL2_parentConstraint1.drawStyle: setAttr: No object matches name: rig_ready:export:FACIAL_C_12IPV_NoseL2_parentConstraint1.drawStyle

2026-07-08 17:14:08 - MayaTools.CNTManager3 - WARNING - [CNTManager3] 실패 - rig_ready:export:FACIAL_C_12IPV_NoseL2_scaleConstraint1.drawStyle: setAttr: No object matches name: rig_ready:export:FACIAL_C_12IPV_NoseL2_scaleConstraint1.drawStyle

2026-07-08 17:14:08 - MayaTools.CNTManager3 - WARNING - [CNTManager3] 실패 - rig_ready:export:FACIAL_C_NoseLower_parentConstraint1.drawStyle: setAttr: No object matches name: rig_ready:export:FACIAL_C_NoseLower_parentConstraint1.drawStyle

2026-07-08 17:14:08 - MayaTools.CNTManager3 - WARNING - [CNTManager3] 실패 - rig_ready:export:FACIAL_C_NoseLower_scaleConstraint1.drawStyle: setAttr: No object matches name: rig_ready:export:FACIAL_C_NoseLower_scaleConstraint1.drawStyle

2026-07-08 17:14:08 - MayaTools.CNTManager3 - WARNING - [CNTManager3] 실패 - rig_ready:export:FACIAL_C_12IPV_NoseTip1_parentConstraint1.drawStyle: setAttr: No object matches name: rig_ready:export:FACIAL_C_12IPV_NoseTip1_parentConstraint1.drawStyle

2026-07-08 17:14:08 - MayaTools.CNTManager3 - WARNING - [CNTManager3] 실패 - rig_ready:export:FACIAL_C_12IPV_NoseTip1_scaleConstraint1.drawStyle: setAttr: No object matches name: rig_ready:export:FACIAL_C_12IPV_NoseTip1_scaleConstraint1.drawStyle

2026-07-08 17:14:08 - MayaTools.CNTManager3 - WARNING - [CNTManager3] 실패 - rig_ready:export:FACIAL_C_12IPV_NoseTip2_parentConstraint1.drawStyle: setAttr: No object matches name: rig_ready:export:FACIAL_C_12IPV_NoseTip2_parentConstraint1.drawStyle

2026-07-08 17:14:08 - MayaTools.CNTManager3 - WARNING - [CNTManager3] 실패 - rig_ready:export:FACIAL_C_12IPV_NoseTip2_scaleConstraint1.drawStyle: setAttr: No object matches name: rig_ready:export:FACIAL_C_12IPV_NoseTip2_scaleConstraint1.drawStyle

2026-07-08 17:14:08 - MayaTools.CNTManager3 - WARNING - [CNTManager3] 실패 - rig_ready:export:FACIAL_C_12IPV_NoseTip3_parentConstraint1.drawStyle: setAttr: No object matches name: rig_ready:export:FACIAL_C_12IPV_NoseTip3_parentConstraint1.drawStyle

2026-07-08 17:14:08 - MayaTools.CNTManager3 - WARNING - [CNTManager3] 실패 - rig_ready:export:FACIAL_C_12IPV_NoseTip3_scaleConstraint1.drawStyle: setAttr: No object matches name: rig_ready:export:FACIAL_C_12IPV_NoseTip3_scaleConstraint1.drawStyle

2026-07-08 17:14:08 - MayaTools.CNTManager3 - WARNING - [CNTManager3] 실패 - rig_ready:export:FACIAL_L_12IPV_NoseTip1_parentConstraint1.drawStyle: setAttr: No object matches name: rig_ready:export:FACIAL_L_12IPV_NoseTip1_parentConstraint1.drawStyle

2026-07-08 17:14:08 - MayaTools.CNTManager3 - WARNING - [CNTManager3] 실패 - rig_ready:export:FACIAL_L_12IPV_NoseTip1_scaleConstraint1.drawStyle: setAttr: No object matches name: rig_ready:export:FACIAL_L_12IPV_NoseTip1_scaleConstraint1.drawStyle

2026-07-08 17:14:08 - MayaTools.CNTManager3 - WARNING - [CNTManager3] 실패 - rig_ready:export:FACIAL_R_12IPV_NoseTip1_parentConstraint1.drawStyle: setAttr: No object matches name: rig_ready:export:FACIAL_R_12IPV_NoseTip1_parentConstraint1.drawStyle

2026-07-08 17:14:08 - MayaTools.CNTManager3 - WARNING - [CNTManager3] 실패 - rig_ready:export:FACIAL_R_12IPV_NoseTip1_scaleConstraint1.drawStyle: setAttr: No object matches name: rig_ready:export:FACIAL_R_12IPV_NoseTip1_scaleConstraint1.drawStyle

2026-07-08 17:14:08 - MayaTools.CNTManager3 - WARNING - [CNTManager3] 실패 - rig_ready:export:FACIAL_L_12IPV_NoseTip2_parentConstraint1.drawStyle: setAttr: No object matches name: rig_ready:export:FACIAL_L_12IPV_NoseTip2_parentConstraint1.drawStyle

2026-07-08 17:14:08 - MayaTools.CNTManager3 - WARNING - [CNTManager3] 실패 - rig_ready:export:FACIAL_L_12IPV_NoseTip2_scaleConstraint1.drawStyle: setAttr: No object matches name: rig_ready:export:FACIAL_L_12IPV_NoseTip2_scaleConstraint1.drawStyle

2026-07-08 17:14:08 - MayaTools.CNTManager3 - WARNING - [CNTManager3] 실패 - rig_ready:export:FACIAL_R_12IPV_NoseTip2_parentConstraint1.drawStyle: setAttr: No object matches name: rig_ready:export:FACIAL_R_12IPV_NoseTip2_parentConstraint1.drawStyle

2026-07-08 17:14:08 - MayaTools.CNTManager3 - WARNING - [CNTManager3] 실패 - rig_ready:export:FACIAL_R_12IPV_NoseTip2_scaleConstraint1.drawStyle: setAttr: No object matches name: rig_ready:export:FACIAL_R_12IPV_NoseTip2_scaleConstraint1.drawStyle

2026-07-08 17:14:08 - MayaTools.CNTManager3 - WARNING - [CNTManager3] 실패 - rig_ready:export:FACIAL_L_12IPV_NoseTip3_parentConstraint1.drawStyle: setAttr: No object matches name: rig_ready:export:FACIAL_L_12IPV_NoseTip3_parentConstraint1.drawStyle

2026-07-08 17:14:08 - MayaTools.CNTManager3 - WARNING - [CNTManager3] 실패 - rig_ready:export:FACIAL_L_12IPV_NoseTip3_scaleConstraint1.drawStyle: setAttr: No object matches name: rig_ready:export:FACIAL_L_12IPV_NoseTip3_scaleConstraint1.drawStyle

2026-07-08 17:14:08 - MayaTools.CNTManager3 - WARNING - [CNTManager3] 실패 - rig_ready:export:FACIAL_R_12IPV_NoseTip3_parentConstraint1.drawStyle: setAttr: No object matches name: rig_ready:export:FACIAL_R_12IPV_NoseTip3_parentConstraint1.drawStyle

2026-07-08 17:14:08 - MayaTools.CNTManager3 - WARNING - [CNTManager3] 실패 - rig_ready:export:FACIAL_R_12IPV_NoseTip3_scaleConstraint1.drawStyle: setAttr: No object matches name: rig_ready:export:FACIAL_R_12IPV_NoseTip3_scaleConstraint1.drawStyle

2026-07-08 17:14:08 - MayaTools.CNTManager3 - WARNING - [CNTManager3] 실패 - rig_ready:export:FACIAL_C_NoseTip_parentConstraint1.drawStyle: setAttr: No object matches name: rig_ready:export:FACIAL_C_NoseTip_parentConstraint1.drawStyle

2026-07-08 17:14:08 - MayaTools.CNTManager3 - WARNING - [CNTManager3] 실패 - rig_ready:export:FACIAL_C_NoseTip_scaleConstraint1.drawStyle: setAttr: No object matches name: rig_ready:export:FACIAL_C_NoseTip_scaleConstraint1.drawStyle

2026-07-08 17:14:08 - MayaTools.CNTManager3 - WARNING - [CNTManager3] 실패 - rig_ready:export:FACIAL_L_NostrilThickness1_parentConstraint1.drawStyle: setAttr: No object matches name: rig_ready:export:FACIAL_L_NostrilThickness1_parentConstraint1.drawStyle

2026-07-08 17:14:08 - MayaTools.CNTManager3 - WARNING - [CNTManager3] 실패 - rig_ready:export:FACIAL_L_NostrilThickness1_scaleConstraint1.drawStyle: setAttr: No object matches name: rig_ready:export:FACIAL_L_NostrilThickness1_scaleConstraint1.drawStyle

2026-07-08 17:14:08 - MayaTools.CNTManager3 - WARNING - [CNTManager3] 실패 - rig_ready:export:FACIAL_L_NostrilThickness2_parentConstraint1.drawStyle: setAttr: No object matches name: rig_ready:export:FACIAL_L_NostrilThickness2_parentConstraint1.drawStyle

2026-07-08 17:14:08 - MayaTools.CNTManager3 - WARNING - [CNTManager3] 실패 - rig_ready:export:FACIAL_L_NostrilThickness2_scaleConstraint1.drawStyle: setAttr: No object matches name: rig_ready:export:FACIAL_L_NostrilThickness2_scaleConstraint1.drawStyle

2026-07-08 17:14:08 - MayaTools.CNTManager3 - WARNING - [CNTManager3] 실패 - rig_ready:export:FACIAL_L_12IPV_Nostril1_parentConstraint1.drawStyle: setAttr: No object matches name: rig_ready:export:FACIAL_L_12IPV_Nostril1_parentConstraint1.drawStyle

2026-07-08 17:14:08 - MayaTools.CNTManager3 - WARNING - [CNTManager3] 실패 - rig_ready:export:FACIAL_L_12IPV_Nostril1_scaleConstraint1.drawStyle: setAttr: No object matches name: rig_ready:export:FACIAL_L_12IPV_Nostril1_scaleConstraint1.drawStyle

2026-07-08 17:14:08 - MayaTools.CNTManager3 - WARNING - [CNTManager3] 실패 - rig_ready:export:FACIAL_L_12IPV_Nostril2_parentConstraint1.drawStyle: setAttr: No object matches name: rig_ready:export:FACIAL_L_12IPV_Nostril2_parentConstraint1.drawStyle

2026-07-08 17:14:08 - MayaTools.CNTManager3 - WARNING - [CNTManager3] 실패 - rig_ready:export:FACIAL_L_12IPV_Nostril2_scaleConstraint1.drawStyle: setAttr: No object matches name: rig_ready:export:FACIAL_L_12IPV_Nostril2_scaleConstraint1.drawStyle

2026-07-08 17:14:08 - MayaTools.CNTManager3 - WARNING - [CNTManager3] 실패 - rig_ready:export:FACIAL_L_12IPV_Nostril3_parentConstraint1.drawStyle: setAttr: No object matches name: rig_ready:export:FACIAL_L_12IPV_Nostril3_parentConstraint1.drawStyle

2026-07-08 17:14:08 - MayaTools.CNTManager3 - WARNING - [CNTManager3] 실패 - rig_ready:export:FACIAL_L_12IPV_Nostril3_scaleConstraint1.drawStyle: setAttr: No object matches name: rig_ready:export:FACIAL_L_12IPV_Nostril3_scaleConstraint1.drawStyle

2026-07-08 17:14:08 - MayaTools.CNTManager3 - WARNING - [CNTManager3] 실패 - rig_ready:export:FACIAL_L_12IPV_Nostril4_parentConstraint1.drawStyle: setAttr: No object matches name: rig_ready:export:FACIAL_L_12IPV_Nostril4_parentConstraint1.drawStyle

2026-07-08 17:14:08 - MayaTools.CNTManager3 - WARNING - [CNTManager3] 실패 - rig_ready:export:FACIAL_L_12IPV_Nostril4_scaleConstraint1.drawStyle: setAttr: No object matches name: rig_ready:export:FACIAL_L_12IPV_Nostril4_scaleConstraint1.drawStyle

2026-07-08 17:14:08 - MayaTools.CNTManager3 - WARNING - [CNTManager3] 실패 - rig_ready:export:FACIAL_L_12IPV_Nostril5_parentConstraint1.drawStyle: setAttr: No object matches name: rig_ready:export:FACIAL_L_12IPV_Nostril5_parentConstraint1.drawStyle

2026-07-08 17:14:08 - MayaTools.CNTManager3 - WARNING - [CNTManager3] 실패 - rig_ready:export:FACIAL_L_12IPV_Nostril5_scaleConstraint1.drawStyle: setAttr: No object matches name: rig_ready:export:FACIAL_L_12IPV_Nostril5_scaleConstraint1.drawStyle

2026-07-08 17:14:08 - MayaTools.CNTManager3 - WARNING - [CNTManager3] 실패 - rig_ready:export:FACIAL_L_12IPV_Nostril6_parentConstraint1.drawStyle: setAttr: No object matches name: rig_ready:export:FACIAL_L_12IPV_Nostril6_parentConstraint1.drawStyle

2026-07-08 17:14:08 - MayaTools.CNTManager3 - WARNING - [CNTManager3] 실패 - rig_ready:export:FACIAL_L_12IPV_Nostril6_scaleConstraint1.drawStyle: setAttr: No object matches name: rig_ready:export:FACIAL_L_12IPV_Nostril6_scaleConstraint1.drawStyle

2026-07-08 17:14:08 - MayaTools.CNTManager3 - WARNING - [CNTManager3] 실패 - rig_ready:export:FACIAL_L_12IPV_Nostril7_parentConstraint1.drawStyle: setAttr: No object matches name: rig_ready:export:FACIAL_L_12IPV_Nostril7_parentConstraint1.drawStyle

2026-07-08 17:14:08 - MayaTools.CNTManager3 - WARNING - [CNTManager3] 실패 - rig_ready:export:FACIAL_L_12IPV_Nostril7_scaleConstraint1.drawStyle: setAttr: No object matches name: rig_ready:export:FACIAL_L_12IPV_Nostril7_scaleConstraint1.drawStyle

2026-07-08 17:14:08 - MayaTools.CNTManager3 - WARNING - [CNTManager3] 실패 - rig_ready:export:FACIAL_L_12IPV_Nostril8_parentConstraint1.drawStyle: setAttr: No object matches name: rig_ready:export:FACIAL_L_12IPV_Nostril8_parentConstraint1.drawStyle

2026-07-08 17:14:08 - MayaTools.CNTManager3 - WARNING - [CNTManager3] 실패 - rig_ready:export:FACIAL_L_12IPV_Nostril8_scaleConstraint1.drawStyle: setAttr: No object matches name: rig_ready:export:FACIAL_L_12IPV_Nostril8_scaleConstraint1.drawStyle

2026-07-08 17:14:08 - MayaTools.CNTManager3 - WARNING - [CNTManager3] 실패 - rig_ready:export:FACIAL_L_12IPV_Nostril9_parentConstraint1.drawStyle: setAttr: No object matches name: rig_ready:export:FACIAL_L_12IPV_Nostril9_parentConstraint1.drawStyle

2026-07-08 17:14:08 - MayaTools.CNTManager3 - WARNING - [CNTManager3] 실패 - rig_ready:export:FACIAL_L_12IPV_Nostril9_scaleConstraint1.drawStyle: setAttr: No object matches name: rig_ready:export:FACIAL_L_12IPV_Nostril9_scaleConstraint1.drawStyle

2026-07-08 17:14:08 - MayaTools.CNTManager3 - WARNING - [CNTManager3] 실패 - rig_ready:export:FACIAL_L_12IPV_Nostril10_parentConstraint1.drawStyle: setAttr: No object matches name: rig_ready:export:FACIAL_L_12IPV_Nostril10_parentConstraint1.drawStyle

2026-07-08 17:14:08 - MayaTools.CNTManager3 - WARNING - [CNTManager3] 실패 - rig_ready:export:FACIAL_L_12IPV_Nostril10_scaleConstraint1.drawStyle: setAttr: No object matches name: rig_ready:export:FACIAL_L_12IPV_Nostril10_scaleConstraint1.drawStyle

2026-07-08 17:14:08 - MayaTools.CNTManager3 - WARNING - [CNTManager3] 실패 - rig_ready:export:FACIAL_L_12IPV_Nostril11_parentConstraint1.drawStyle: setAttr: No object matches name: rig_ready:export:FACIAL_L_12IPV_Nostril11_parentConstraint1.drawStyle

2026-07-08 17:14:08 - MayaTools.CNTManager3 - WARNING - [CNTManager3] 실패 - rig_ready:export:FACIAL_L_12IPV_Nostril11_scaleConstraint1.drawStyle: setAttr: No object matches name: rig_ready:export:FACIAL_L_12IPV_Nostril11_scaleConstraint1.drawStyle

2026-07-08 17:14:08 - MayaTools.CNTManager3 - WARNING - [CNTManager3] 실패 - rig_ready:export:FACIAL_L_12IPV_Nostril12_parentConstraint1.drawStyle: setAttr: No object matches name: rig_ready:export:FACIAL_L_12IPV_Nostril12_parentConstraint1.drawStyle

2026-07-08 17:14:08 - MayaTools.CNTManager3 - WARNING - [CNTManager3] 실패 - rig_ready:export:FACIAL_L_12IPV_Nostril12_scaleConstraint1.drawStyle: setAttr: No object matches name: rig_ready:export:FACIAL_L_12IPV_Nostril12_scaleConstraint1.drawStyle

2026-07-08 17:14:08 - MayaTools.CNTManager3 - WARNING - [CNTManager3] 실패 - rig_ready:export:FACIAL_L_12IPV_Nostril13_parentConstraint1.drawStyle: setAttr: No object matches name: rig_ready:export:FACIAL_L_12IPV_Nostril13_parentConstraint1.drawStyle

2026-07-08 17:14:08 - MayaTools.CNTManager3 - WARNING - [CNTManager3] 실패 - rig_ready:export:FACIAL_L_12IPV_Nostril13_scaleConstraint1.drawStyle: setAttr: No object matches name: rig_ready:export:FACIAL_L_12IPV_Nostril13_scaleConstraint1.drawStyle

2026-07-08 17:14:08 - MayaTools.CNTManager3 - WARNING - [CNTManager3] 실패 - rig_ready:export:FACIAL_L_12IPV_Nostril14_parentConstraint1.drawStyle: setAttr: No object matches name: rig_ready:export:FACIAL_L_12IPV_Nostril14_parentConstraint1.drawStyle

2026-07-08 17:14:08 - MayaTools.CNTManager3 - WARNING - [CNTManager3] 실패 - rig_ready:export:FACIAL_L_12IPV_Nostril14_scaleConstraint1.drawStyle: setAttr: No object matches name: rig_ready:export:FACIAL_L_12IPV_Nostril14_scaleConstraint1.drawStyle

2026-07-08 17:14:08 - MayaTools.CNTManager3 - WARNING - [CNTManager3] 실패 - rig_ready:export:FACIAL_L_Nostril_parentConstraint1.drawStyle: setAttr: No object matches name: rig_ready:export:FACIAL_L_Nostril_parentConstraint1.drawStyle

2026-07-08 17:14:08 - MayaTools.CNTManager3 - WARNING - [CNTManager3] 실패 - rig_ready:export:FACIAL_L_Nostril_scaleConstraint1.drawStyle: setAttr: No object matches name: rig_ready:export:FACIAL_L_Nostril_scaleConstraint1.drawStyle

2026-07-08 17:14:08 - MayaTools.CNTManager3 - WARNING - [CNTManager3] 실패 - rig_ready:export:FACIAL_R_NostrilThickness1_parentConstraint1.drawStyle: setAttr: No object matches name: rig_ready:export:FACIAL_R_NostrilThickness1_parentConstraint1.drawStyle

2026-07-08 17:14:08 - MayaTools.CNTManager3 - WARNING - [CNTManager3] 실패 - rig_ready:export:FACIAL_R_NostrilThickness1_scaleConstraint1.drawStyle: setAttr: No object matches name: rig_ready:export:FACIAL_R_NostrilThickness1_scaleConstraint1.drawStyle

2026-07-08 17:14:08 - MayaTools.CNTManager3 - WARNING - [CNTManager3] 실패 - rig_ready:export:FACIAL_R_NostrilThickness2_parentConstraint1.drawStyle: setAttr: No object matches name: rig_ready:export:FACIAL_R_NostrilThickness2_parentConstraint1.drawStyle

2026-07-08 17:14:08 - MayaTools.CNTManager3 - WARNING - [CNTManager3] 실패 - rig_ready:export:FACIAL_R_NostrilThickness2_scaleConstraint1.drawStyle: setAttr: No object matches name: rig_ready:export:FACIAL_R_NostrilThickness2_scaleConstraint1.drawStyle

2026-07-08 17:14:08 - MayaTools.CNTManager3 - WARNING - [CNTManager3] 실패 - rig_ready:export:FACIAL_R_12IPV_Nostril1_parentConstraint1.drawStyle: setAttr: No object matches name: rig_ready:export:FACIAL_R_12IPV_Nostril1_parentConstraint1.drawStyle

2026-07-08 17:14:08 - MayaTools.CNTManager3 - WARNING - [CNTManager3] 실패 - rig_ready:export:FACIAL_R_12IPV_Nostril1_scaleConstraint1.drawStyle: setAttr: No object matches name: rig_ready:export:FACIAL_R_12IPV_Nostril1_scaleConstraint1.drawStyle

2026-07-08 17:14:08 - MayaTools.CNTManager3 - WARNING - [CNTManager3] 실패 - rig_ready:export:FACIAL_R_12IPV_Nostril2_parentConstraint1.drawStyle: setAttr: No object matches name: rig_ready:export:FACIAL_R_12IPV_Nostril2_parentConstraint1.drawStyle

2026-07-08 17:14:08 - MayaTools.CNTManager3 - WARNING - [CNTManager3] 실패 - rig_ready:export:FACIAL_R_12IPV_Nostril2_scaleConstraint1.drawStyle: setAttr: No object matches name: rig_ready:export:FACIAL_R_12IPV_Nostril2_scaleConstraint1.drawStyle

2026-07-08 17:14:08 - MayaTools.CNTManager3 - WARNING - [CNTManager3] 실패 - rig_ready:export:FACIAL_R_12IPV_Nostril3_parentConstraint1.drawStyle: setAttr: No object matches name: rig_ready:export:FACIAL_R_12IPV_Nostril3_parentConstraint1.drawStyle

2026-07-08 17:14:08 - MayaTools.CNTManager3 - WARNING - [CNTManager3] 실패 - rig_ready:export:FACIAL_R_12IPV_Nostril3_scaleConstraint1.drawStyle: setAttr: No object matches name: rig_ready:export:FACIAL_R_12IPV_Nostril3_scaleConstraint1.drawStyle

2026-07-08 17:14:08 - MayaTools.CNTManager3 - WARNING - [CNTManager3] 실패 - rig_ready:export:FACIAL_R_12IPV_Nostril4_parentConstraint1.drawStyle: setAttr: No object matches name: rig_ready:export:FACIAL_R_12IPV_Nostril4_parentConstraint1.drawStyle

2026-07-08 17:14:08 - MayaTools.CNTManager3 - WARNING - [CNTManager3] 실패 - rig_ready:export:FACIAL_R_12IPV_Nostril4_scaleConstraint1.drawStyle: setAttr: No object matches name: rig_ready:export:FACIAL_R_12IPV_Nostril4_scaleConstraint1.drawStyle

2026-07-08 17:14:08 - MayaTools.CNTManager3 - WARNING - [CNTManager3] 실패 - rig_ready:export:FACIAL_R_12IPV_Nostril5_parentConstraint1.drawStyle: setAttr: No object matches name: rig_ready:export:FACIAL_R_12IPV_Nostril5_parentConstraint1.drawStyle

2026-07-08 17:14:08 - MayaTools.CNTManager3 - WARNING - [CNTManager3] 실패 - rig_ready:export:FACIAL_R_12IPV_Nostril5_scaleConstraint1.drawStyle: setAttr: No object matches name: rig_ready:export:FACIAL_R_12IPV_Nostril5_scaleConstraint1.drawStyle

2026-07-08 17:14:08 - MayaTools.CNTManager3 - WARNING - [CNTManager3] 실패 - rig_ready:export:FACIAL_R_12IPV_Nostril6_parentConstraint1.drawStyle: setAttr: No object matches name: rig_ready:export:FACIAL_R_12IPV_Nostril6_parentConstraint1.drawStyle

2026-07-08 17:14:08 - MayaTools.CNTManager3 - WARNING - [CNTManager3] 실패 - rig_ready:export:FACIAL_R_12IPV_Nostril6_scaleConstraint1.drawStyle: setAttr: No object matches name: rig_ready:export:FACIAL_R_12IPV_Nostril6_scaleConstraint1.drawStyle

2026-07-08 17:14:08 - MayaTools.CNTManager3 - WARNING - [CNTManager3] 실패 - rig_ready:export:FACIAL_R_12IPV_Nostril7_parentConstraint1.drawStyle: setAttr: No object matches name: rig_ready:export:FACIAL_R_12IPV_Nostril7_parentConstraint1.drawStyle

2026-07-08 17:14:08 - MayaTools.CNTManager3 - WARNING - [CNTManager3] 실패 - rig_ready:export:FACIAL_R_12IPV_Nostril7_scaleConstraint1.drawStyle: setAttr: No object matches name: rig_ready:export:FACIAL_R_12IPV_Nostril7_scaleConstraint1.drawStyle

2026-07-08 17:14:08 - MayaTools.CNTManager3 - WARNING - [CNTManager3] 실패 - rig_ready:export:FACIAL_R_12IPV_Nostril8_parentConstraint1.drawStyle: setAttr: No object matches name: rig_ready:export:FACIAL_R_12IPV_Nostril8_parentConstraint1.drawStyle

2026-07-08 17:14:08 - MayaTools.CNTManager3 - WARNING - [CNTManager3] 실패 - rig_ready:export:FACIAL_R_12IPV_Nostril8_scaleConstraint1.drawStyle: setAttr: No object matches name: rig_ready:export:FACIAL_R_12IPV_Nostril8_scaleConstraint1.drawStyle

2026-07-08 17:14:08 - MayaTools.CNTManager3 - WARNING - [CNTManager3] 실패 - rig_ready:export:FACIAL_R_12IPV_Nostril9_parentConstraint1.drawStyle: setAttr: No object matches name: rig_ready:export:FACIAL_R_12IPV_Nostril9_parentConstraint1.drawStyle

2026-07-08 17:14:08 - MayaTools.CNTManager3 - WARNING - [CNTManager3] 실패 - rig_ready:export:FACIAL_R_12IPV_Nostril9_scaleConstraint1.drawStyle: setAttr: No object matches name: rig_ready:export:FACIAL_R_12IPV_Nostril9_scaleConstraint1.drawStyle

2026-07-08 17:14:08 - MayaTools.CNTManager3 - WARNING - [CNTManager3] 실패 - rig_ready:export:FACIAL_R_12IPV_Nostril10_parentConstraint1.drawStyle: setAttr: No object matches name: rig_ready:export:FACIAL_R_12IPV_Nostril10_parentConstraint1.drawStyle

2026-07-08 17:14:08 - MayaTools.CNTManager3 - WARNING - [CNTManager3] 실패 - rig_ready:export:FACIAL_R_12IPV_Nostril10_scaleConstraint1.drawStyle: setAttr: No object matches name: rig_ready:export:FACIAL_R_12IPV_Nostril10_scaleConstraint1.drawStyle

2026-07-08 17:14:08 - MayaTools.CNTManager3 - WARNING - [CNTManager3] 실패 - rig_ready:export:FACIAL_R_12IPV_Nostril11_parentConstraint1.drawStyle: setAttr: No object matches name: rig_ready:export:FACIAL_R_12IPV_Nostril11_parentConstraint1.drawStyle

2026-07-08 17:14:08 - MayaTools.CNTManager3 - WARNING - [CNTManager3] 실패 - rig_ready:export:FACIAL_R_12IPV_Nostril11_scaleConstraint1.drawStyle: setAttr: No object matches name: rig_ready:export:FACIAL_R_12IPV_Nostril11_scaleConstraint1.drawStyle

2026-07-08 17:14:08 - MayaTools.CNTManager3 - WARNING - [CNTManager3] 실패 - rig_ready:export:FACIAL_R_12IPV_Nostril12_parentConstraint1.drawStyle: setAttr: No object matches name: rig_ready:export:FACIAL_R_12IPV_Nostril12_parentConstraint1.drawStyle

2026-07-08 17:14:08 - MayaTools.CNTManager3 - WARNING - [CNTManager3] 실패 - rig_ready:export:FACIAL_R_12IPV_Nostril12_scaleConstraint1.drawStyle: setAttr: No object matches name: rig_ready:export:FACIAL_R_12IPV_Nostril12_scaleConstraint1.drawStyle

2026-07-08 17:14:08 - MayaTools.CNTManager3 - WARNING - [CNTManager3] 실패 - rig_ready:export:FACIAL_R_12IPV_Nostril13_parentConstraint1.drawStyle: setAttr: No object matches name: rig_ready:export:FACIAL_R_12IPV_Nostril13_parentConstraint1.drawStyle

2026-07-08 17:14:08 - MayaTools.CNTManager3 - WARNING - [CNTManager3] 실패 - rig_ready:export:FACIAL_R_12IPV_Nostril13_scaleConstraint1.drawStyle: setAttr: No object matches name: rig_ready:export:FACIAL_R_12IPV_Nostril13_scaleConstraint1.drawStyle

2026-07-08 17:14:08 - MayaTools.CNTManager3 - WARNING - [CNTManager3] 실패 - rig_ready:export:FACIAL_R_12IPV_Nostril14_parentConstraint1.drawStyle: setAttr: No object matches name: rig_ready:export:FACIAL_R_12IPV_Nostril14_parentConstraint1.drawStyle

2026-07-08 17:14:08 - MayaTools.CNTManager3 - WARNING - [CNTManager3] 실패 - rig_ready:export:FACIAL_R_12IPV_Nostril14_scaleConstraint1.drawStyle: setAttr: No object matches name: rig_ready:export:FACIAL_R_12IPV_Nostril14_scaleConstraint1.drawStyle

2026-07-08 17:14:08 - MayaTools.CNTManager3 - WARNING - [CNTManager3] 실패 - rig_ready:export:FACIAL_R_Nostril_parentConstraint1.drawStyle: setAttr: No object matches name: rig_ready:export:FACIAL_R_Nostril_parentConstraint1.drawStyle

2026-07-08 17:14:08 - MayaTools.CNTManager3 - WARNING - [CNTManager3] 실패 - rig_ready:export:FACIAL_R_Nostril_scaleConstraint1.drawStyle: setAttr: No object matches name: rig_ready:export:FACIAL_R_Nostril_scaleConstraint1.drawStyle

2026-07-08 17:14:08 - MayaTools.CNTManager3 - WARNING - [CNTManager3] 실패 - rig_ready:export:FACIAL_C_Nose_parentConstraint1.drawStyle: setAttr: No object matches name: rig_ready:export:FACIAL_C_Nose_parentConstraint1.drawStyle

2026-07-08 17:14:08 - MayaTools.CNTManager3 - WARNING - [CNTManager3] 실패 - rig_ready:export:FACIAL_C_Nose_scaleConstraint1.drawStyle: setAttr: No object matches name: rig_ready:export:FACIAL_C_Nose_scaleConstraint1.drawStyle

2026-07-08 17:14:08 - MayaTools.CNTManager3 - WARNING - [CNTManager3] 실패 - rig_ready:export:FACIAL_C_LipUpperSkin_parentConstraint1.drawStyle: setAttr: No object matches name: rig_ready:export:FACIAL_C_LipUpperSkin_parentConstraint1.drawStyle

2026-07-08 17:14:08 - MayaTools.CNTManager3 - WARNING - [CNTManager3] 실패 - rig_ready:export:FACIAL_C_LipUpperSkin_scaleConstraint1.drawStyle: setAttr: No object matches name: rig_ready:export:FACIAL_C_LipUpperSkin_scaleConstraint1.drawStyle

2026-07-08 17:14:08 - MayaTools.CNTManager3 - WARNING - [CNTManager3] 실패 - rig_ready:export:FACIAL_L_LipUpperSkin_parentConstraint1.drawStyle: setAttr: No object matches name: rig_ready:export:FACIAL_L_LipUpperSkin_parentConstraint1.drawStyle

2026-07-08 17:14:08 - MayaTools.CNTManager3 - WARNING - [CNTManager3] 실패 - rig_ready:export:FACIAL_L_LipUpperSkin_scaleConstraint1.drawStyle: setAttr: No object matches name: rig_ready:export:FACIAL_L_LipUpperSkin_scaleConstraint1.drawStyle

2026-07-08 17:14:08 - MayaTools.CNTManager3 - WARNING - [CNTManager3] 실패 - rig_ready:export:FACIAL_R_LipUpperSkin_parentConstraint1.drawStyle: setAttr: No object matches name: rig_ready:export:FACIAL_R_LipUpperSkin_parentConstraint1.drawStyle

2026-07-08 17:14:08 - MayaTools.CNTManager3 - WARNING - [CNTManager3] 실패 - rig_ready:export:FACIAL_R_LipUpperSkin_scaleConstraint1.drawStyle: setAttr: No object matches name: rig_ready:export:FACIAL_R_LipUpperSkin_scaleConstraint1.drawStyle

2026-07-08 17:14:08 - MayaTools.CNTManager3 - WARNING - [CNTManager3] 실패 - rig_ready:export:FACIAL_L_LipUpperOuterSkin_parentConstraint1.drawStyle: setAttr: No object matches name: rig_ready:export:FACIAL_L_LipUpperOuterSkin_parentConstraint1.drawStyle

2026-07-08 17:14:08 - MayaTools.CNTManager3 - WARNING - [CNTManager3] 실패 - rig_ready:export:FACIAL_L_LipUpperOuterSkin_scaleConstraint1.drawStyle: setAttr: No object matches name: rig_ready:export:FACIAL_L_LipUpperOuterSkin_scaleConstraint1.drawStyle

2026-07-08 17:14:08 - MayaTools.CNTManager3 - WARNING - [CNTManager3] 실패 - rig_ready:export:FACIAL_R_LipUpperOuterSkin_parentConstraint1.drawStyle: setAttr: No object matches name: rig_ready:export:FACIAL_R_LipUpperOuterSkin_parentConstraint1.drawStyle

2026-07-08 17:14:08 - MayaTools.CNTManager3 - WARNING - [CNTManager3] 실패 - rig_ready:export:FACIAL_R_LipUpperOuterSkin_scaleConstraint1.drawStyle: setAttr: No object matches name: rig_ready:export:FACIAL_R_LipUpperOuterSkin_scaleConstraint1.drawStyle

2026-07-08 17:14:08 - MayaTools.CNTManager3 - WARNING - [CNTManager3] 실패 - rig_ready:export:FACIAL_C_12IPV_LipUpperSkin1_parentConstraint1.drawStyle: setAttr: No object matches name: rig_ready:export:FACIAL_C_12IPV_LipUpperSkin1_parentConstraint1.drawStyle

2026-07-08 17:14:08 - MayaTools.CNTManager3 - WARNING - [CNTManager3] 실패 - rig_ready:export:FACIAL_C_12IPV_LipUpperSkin1_scaleConstraint1.drawStyle: setAttr: No object matches name: rig_ready:export:FACIAL_C_12IPV_LipUpperSkin1_scaleConstraint1.drawStyle

2026-07-08 17:14:08 - MayaTools.CNTManager3 - WARNING - [CNTManager3] 실패 - rig_ready:export:FACIAL_C_12IPV_LipUpperSkin2_parentConstraint1.drawStyle: setAttr: No object matches name: rig_ready:export:FACIAL_C_12IPV_LipUpperSkin2_parentConstraint1.drawStyle

2026-07-08 17:14:08 - MayaTools.CNTManager3 - WARNING - [CNTManager3] 실패 - rig_ready:export:FACIAL_C_12IPV_LipUpperSkin2_scaleConstraint1.drawStyle: setAttr: No object matches name: rig_ready:export:FACIAL_C_12IPV_LipUpperSkin2_scaleConstraint1.drawStyle

2026-07-08 17:14:08 - MayaTools.CNTManager3 - WARNING - [CNTManager3] 실패 - rig_ready:export:FACIAL_L_12IPV_LipUpperSkin_parentConstraint1.drawStyle: setAttr: No object matches name: rig_ready:export:FACIAL_L_12IPV_LipUpperSkin_parentConstraint1.drawStyle

2026-07-08 17:14:08 - MayaTools.CNTManager3 - WARNING - [CNTManager3] 실패 - rig_ready:export:FACIAL_L_12IPV_LipUpperSkin_scaleConstraint1.drawStyle: setAttr: No object matches name: rig_ready:export:FACIAL_L_12IPV_LipUpperSkin_scaleConstraint1.drawStyle

2026-07-08 17:14:08 - MayaTools.CNTManager3 - WARNING - [CNTManager3] 실패 - rig_ready:export:FACIAL_R_12IPV_LipUpperSkin_parentConstraint1.drawStyle: setAttr: No object matches name: rig_ready:export:FACIAL_R_12IPV_LipUpperSkin_parentConstraint1.drawStyle

2026-07-08 17:14:08 - MayaTools.CNTManager3 - WARNING - [CNTManager3] 실패 - rig_ready:export:FACIAL_R_12IPV_LipUpperSkin_scaleConstraint1.drawStyle: setAttr: No object matches name: rig_ready:export:FACIAL_R_12IPV_LipUpperSkin_scaleConstraint1.drawStyle

2026-07-08 17:14:08 - MayaTools.CNTManager3 - WARNING - [CNTManager3] 실패 - rig_ready:export:FACIAL_L_12IPV_LipUpperOuterSkin1_parentConstraint1.drawStyle: setAttr: No object matches name: rig_ready:export:FACIAL_L_12IPV_LipUpperOuterSkin1_parentConstraint1.drawStyle

2026-07-08 17:14:08 - MayaTools.CNTManager3 - WARNING - [CNTManager3] 실패 - rig_ready:export:FACIAL_L_12IPV_LipUpperOuterSkin1_scaleConstraint1.drawStyle: setAttr: No object matches name: rig_ready:export:FACIAL_L_12IPV_LipUpperOuterSkin1_scaleConstraint1.drawStyle

2026-07-08 17:14:08 - MayaTools.CNTManager3 - WARNING - [CNTManager3] 실패 - rig_ready:export:FACIAL_R_12IPV_LipUpperOuterSkin1_parentConstraint1.drawStyle: setAttr: No object matches name: rig_ready:export:FACIAL_R_12IPV_LipUpperOuterSkin1_parentConstraint1.drawStyle

2026-07-08 17:14:08 - MayaTools.CNTManager3 - WARNING - [CNTManager3] 실패 - rig_ready:export:FACIAL_R_12IPV_LipUpperOuterSkin1_scaleConstraint1.drawStyle: setAttr: No object matches name: rig_ready:export:FACIAL_R_12IPV_LipUpperOuterSkin1_scaleConstraint1.drawStyle

2026-07-08 17:14:08 - MayaTools.CNTManager3 - WARNING - [CNTManager3] 실패 - rig_ready:export:FACIAL_L_12IPV_LipUpperOuterSkin2_parentConstraint1.drawStyle: setAttr: No object matches name: rig_ready:export:FACIAL_L_12IPV_LipUpperOuterSkin2_parentConstraint1.drawStyle

2026-07-08 17:14:08 - MayaTools.CNTManager3 - WARNING - [CNTManager3] 실패 - rig_ready:export:FACIAL_L_12IPV_LipUpperOuterSkin2_scaleConstraint1.drawStyle: setAttr: No object matches name: rig_ready:export:FACIAL_L_12IPV_LipUpperOuterSkin2_scaleConstraint1.drawStyle

2026-07-08 17:14:08 - MayaTools.CNTManager3 - WARNING - [CNTManager3] 실패 - rig_ready:export:FACIAL_R_12IPV_LipUpperOuterSkin2_parentConstraint1.drawStyle: setAttr: No object matches name: rig_ready:export:FACIAL_R_12IPV_LipUpperOuterSkin2_parentConstraint1.drawStyle

2026-07-08 17:14:08 - MayaTools.CNTManager3 - WARNING - [CNTManager3] 실패 - rig_ready:export:FACIAL_R_12IPV_LipUpperOuterSkin2_scaleConstraint1.drawStyle: setAttr: No object matches name: rig_ready:export:FACIAL_R_12IPV_LipUpperOuterSkin2_scaleConstraint1.drawStyle

2026-07-08 17:14:08 - MayaTools.CNTManager3 - WARNING - [CNTManager3] 실패 - rig_ready:export:FACIAL_L_12IPV_MouthInteriorUpper1_parentConstraint1.drawStyle: setAttr: No object matches name: rig_ready:export:FACIAL_L_12IPV_MouthInteriorUpper1_parentConstraint1.drawStyle

2026-07-08 17:14:08 - MayaTools.CNTManager3 - WARNING - [CNTManager3] 실패 - rig_ready:export:FACIAL_L_12IPV_MouthInteriorUpper1_scaleConstraint1.drawStyle: setAttr: No object matches name: rig_ready:export:FACIAL_L_12IPV_MouthInteriorUpper1_scaleConstraint1.drawStyle

2026-07-08 17:14:08 - MayaTools.CNTManager3 - WARNING - [CNTManager3] 실패 - rig_ready:export:FACIAL_R_12IPV_MouthInteriorUpper1_parentConstraint1.drawStyle: setAttr: No object matches name: rig_ready:export:FACIAL_R_12IPV_MouthInteriorUpper1_parentConstraint1.drawStyle

2026-07-08 17:14:08 - MayaTools.CNTManager3 - WARNING - [CNTManager3] 실패 - rig_ready:export:FACIAL_R_12IPV_MouthInteriorUpper1_scaleConstraint1.drawStyle: setAttr: No object matches name: rig_ready:export:FACIAL_R_12IPV_MouthInteriorUpper1_scaleConstraint1.drawStyle

2026-07-08 17:14:08 - MayaTools.CNTManager3 - WARNING - [CNTManager3] 실패 - rig_ready:export:FACIAL_L_12IPV_MouthInteriorUpper2_parentConstraint1.drawStyle: setAttr: No object matches name: rig_ready:export:FACIAL_L_12IPV_MouthInteriorUpper2_parentConstraint1.drawStyle

2026-07-08 17:14:08 - MayaTools.CNTManager3 - WARNING - [CNTManager3] 실패 - rig_ready:export:FACIAL_L_12IPV_MouthInteriorUpper2_scaleConstraint1.drawStyle: setAttr: No object matches name: rig_ready:export:FACIAL_L_12IPV_MouthInteriorUpper2_scaleConstraint1.drawStyle

2026-07-08 17:14:08 - MayaTools.CNTManager3 - WARNING - [CNTManager3] 실패 - rig_ready:export:FACIAL_R_12IPV_MouthInteriorUpper2_parentConstraint1.drawStyle: setAttr: No object matches name: rig_ready:export:FACIAL_R_12IPV_MouthInteriorUpper2_parentConstraint1.drawStyle

2026-07-08 17:14:08 - MayaTools.CNTManager3 - WARNING - [CNTManager3] 실패 - rig_ready:export:FACIAL_R_12IPV_MouthInteriorUpper2_scaleConstraint1.drawStyle: setAttr: No object matches name: rig_ready:export:FACIAL_R_12IPV_MouthInteriorUpper2_scaleConstraint1.drawStyle

2026-07-08 17:14:08 - MayaTools.CNTManager3 - WARNING - [CNTManager3] 실패 - rig_ready:export:FACIAL_C_LipUpper1_parentConstraint1.drawStyle: setAttr: No object matches name: rig_ready:export:FACIAL_C_LipUpper1_parentConstraint1.drawStyle

2026-07-08 17:14:08 - MayaTools.CNTManager3 - WARNING - [CNTManager3] 실패 - rig_ready:export:FACIAL_C_LipUpper1_scaleConstraint1.drawStyle: setAttr: No object matches name: rig_ready:export:FACIAL_C_LipUpper1_scaleConstraint1.drawStyle

2026-07-08 17:14:08 - MayaTools.CNTManager3 - WARNING - [CNTManager3] 실패 - rig_ready:export:FACIAL_C_LipUpper2_parentConstraint1.drawStyle: setAttr: No object matches name: rig_ready:export:FACIAL_C_LipUpper2_parentConstraint1.drawStyle

2026-07-08 17:14:08 - MayaTools.CNTManager3 - WARNING - [CNTManager3] 실패 - rig_ready:export:FACIAL_C_LipUpper2_scaleConstraint1.drawStyle: setAttr: No object matches name: rig_ready:export:FACIAL_C_LipUpper2_scaleConstraint1.drawStyle

2026-07-08 17:14:08 - MayaTools.CNTManager3 - WARNING - [CNTManager3] 실패 - rig_ready:export:FACIAL_C_LipUpper3_parentConstraint1.drawStyle: setAttr: No object matches name: rig_ready:export:FACIAL_C_LipUpper3_parentConstraint1.drawStyle

2026-07-08 17:14:08 - MayaTools.CNTManager3 - WARNING - [CNTManager3] 실패 - rig_ready:export:FACIAL_C_LipUpper3_scaleConstraint1.drawStyle: setAttr: No object matches name: rig_ready:export:FACIAL_C_LipUpper3_scaleConstraint1.drawStyle

2026-07-08 17:14:08 - MayaTools.CNTManager3 - WARNING - [CNTManager3] 실패 - rig_ready:export:FACIAL_L_12IPV_LipUpper1_parentConstraint1.drawStyle: setAttr: No object matches name: rig_ready:export:FACIAL_L_12IPV_LipUpper1_parentConstraint1.drawStyle

2026-07-08 17:14:08 - MayaTools.CNTManager3 - WARNING - [CNTManager3] 실패 - rig_ready:export:FACIAL_L_12IPV_LipUpper1_scaleConstraint1.drawStyle: setAttr: No object matches name: rig_ready:export:FACIAL_L_12IPV_LipUpper1_scaleConstraint1.drawStyle

2026-07-08 17:14:08 - MayaTools.CNTManager3 - WARNING - [CNTManager3] 실패 - rig_ready:export:FACIAL_R_12IPV_LipUpper1_parentConstraint1.drawStyle: setAttr: No object matches name: rig_ready:export:FACIAL_R_12IPV_LipUpper1_parentConstraint1.drawStyle

2026-07-08 17:14:08 - MayaTools.CNTManager3 - WARNING - [CNTManager3] 실패 - rig_ready:export:FACIAL_R_12IPV_LipUpper1_scaleConstraint1.drawStyle: setAttr: No object matches name: rig_ready:export:FACIAL_R_12IPV_LipUpper1_scaleConstraint1.drawStyle

2026-07-08 17:14:08 - MayaTools.CNTManager3 - WARNING - [CNTManager3] 실패 - rig_ready:export:FACIAL_L_12IPV_LipUpper2_parentConstraint1.drawStyle: setAttr: No object matches name: rig_ready:export:FACIAL_L_12IPV_LipUpper2_parentConstraint1.drawStyle

2026-07-08 17:14:08 - MayaTools.CNTManager3 - WARNING - [CNTManager3] 실패 - rig_ready:export:FACIAL_L_12IPV_LipUpper2_scaleConstraint1.drawStyle: setAttr: No object matches name: rig_ready:export:FACIAL_L_12IPV_LipUpper2_scaleConstraint1.drawStyle

2026-07-08 17:14:08 - MayaTools.CNTManager3 - WARNING - [CNTManager3] 실패 - rig_ready:export:FACIAL_R_12IPV_LipUpper2_parentConstraint1.drawStyle: setAttr: No object matches name: rig_ready:export:FACIAL_R_12IPV_LipUpper2_parentConstraint1.drawStyle

2026-07-08 17:14:08 - MayaTools.CNTManager3 - WARNING - [CNTManager3] 실패 - rig_ready:export:FACIAL_R_12IPV_LipUpper2_scaleConstraint1.drawStyle: setAttr: No object matches name: rig_ready:export:FACIAL_R_12IPV_LipUpper2_scaleConstraint1.drawStyle

2026-07-08 17:14:08 - MayaTools.CNTManager3 - WARNING - [CNTManager3] 실패 - rig_ready:export:FACIAL_L_12IPV_LipUpper3_parentConstraint1.drawStyle: setAttr: No object matches name: rig_ready:export:FACIAL_L_12IPV_LipUpper3_parentConstraint1.drawStyle

2026-07-08 17:14:08 - MayaTools.CNTManager3 - WARNING - [CNTManager3] 실패 - rig_ready:export:FACIAL_L_12IPV_LipUpper3_scaleConstraint1.drawStyle: setAttr: No object matches name: rig_ready:export:FACIAL_L_12IPV_LipUpper3_scaleConstraint1.drawStyle

2026-07-08 17:14:08 - MayaTools.CNTManager3 - WARNING - [CNTManager3] 실패 - rig_ready:export:FACIAL_R_12IPV_LipUpper3_parentConstraint1.drawStyle: setAttr: No object matches name: rig_ready:export:FACIAL_R_12IPV_LipUpper3_parentConstraint1.drawStyle

2026-07-08 17:14:08 - MayaTools.CNTManager3 - WARNING - [CNTManager3] 실패 - rig_ready:export:FACIAL_R_12IPV_LipUpper3_scaleConstraint1.drawStyle: setAttr: No object matches name: rig_ready:export:FACIAL_R_12IPV_LipUpper3_scaleConstraint1.drawStyle

2026-07-08 17:14:08 - MayaTools.CNTManager3 - WARNING - [CNTManager3] 실패 - rig_ready:export:FACIAL_L_12IPV_LipUpper4_parentConstraint1.drawStyle: setAttr: No object matches name: rig_ready:export:FACIAL_L_12IPV_LipUpper4_parentConstraint1.drawStyle

2026-07-08 17:14:08 - MayaTools.CNTManager3 - WARNING - [CNTManager3] 실패 - rig_ready:export:FACIAL_L_12IPV_LipUpper4_scaleConstraint1.drawStyle: setAttr: No object matches name: rig_ready:export:FACIAL_L_12IPV_LipUpper4_scaleConstraint1.drawStyle

2026-07-08 17:14:08 - MayaTools.CNTManager3 - WARNING - [CNTManager3] 실패 - rig_ready:export:FACIAL_R_12IPV_LipUpper4_parentConstraint1.drawStyle: setAttr: No object matches name: rig_ready:export:FACIAL_R_12IPV_LipUpper4_parentConstraint1.drawStyle

2026-07-08 17:14:08 - MayaTools.CNTManager3 - WARNING - [CNTManager3] 실패 - rig_ready:export:FACIAL_R_12IPV_LipUpper4_scaleConstraint1.drawStyle: setAttr: No object matches name: rig_ready:export:FACIAL_R_12IPV_LipUpper4_scaleConstraint1.drawStyle

2026-07-08 17:14:08 - MayaTools.CNTManager3 - WARNING - [CNTManager3] 실패 - rig_ready:export:FACIAL_L_12IPV_LipUpper5_parentConstraint1.drawStyle: setAttr: No object matches name: rig_ready:export:FACIAL_L_12IPV_LipUpper5_parentConstraint1.drawStyle

2026-07-08 17:14:08 - MayaTools.CNTManager3 - WARNING - [CNTManager3] 실패 - rig_ready:export:FACIAL_L_12IPV_LipUpper5_scaleConstraint1.drawStyle: setAttr: No object matches name: rig_ready:export:FACIAL_L_12IPV_LipUpper5_scaleConstraint1.drawStyle

2026-07-08 17:14:08 - MayaTools.CNTManager3 - WARNING - [CNTManager3] 실패 - rig_ready:export:FACIAL_R_12IPV_LipUpper5_parentConstraint1.drawStyle: setAttr: No object matches name: rig_ready:export:FACIAL_R_12IPV_LipUpper5_parentConstraint1.drawStyle

2026-07-08 17:14:08 - MayaTools.CNTManager3 - WARNING - [CNTManager3] 실패 - rig_ready:export:FACIAL_R_12IPV_LipUpper5_scaleConstraint1.drawStyle: setAttr: No object matches name: rig_ready:export:FACIAL_R_12IPV_LipUpper5_scaleConstraint1.drawStyle

2026-07-08 17:14:08 - MayaTools.CNTManager3 - WARNING - [CNTManager3] 실패 - rig_ready:export:FACIAL_C_LipUpper_parentConstraint1.drawStyle: setAttr: No object matches name: rig_ready:export:FACIAL_C_LipUpper_parentConstraint1.drawStyle

2026-07-08 17:14:08 - MayaTools.CNTManager3 - WARNING - [CNTManager3] 실패 - rig_ready:export:FACIAL_C_LipUpper_scaleConstraint1.drawStyle: setAttr: No object matches name: rig_ready:export:FACIAL_C_LipUpper_scaleConstraint1.drawStyle

2026-07-08 17:14:08 - MayaTools.CNTManager3 - WARNING - [CNTManager3] 실패 - rig_ready:export:FACIAL_L_LipUpper1_parentConstraint1.drawStyle: setAttr: No object matches name: rig_ready:export:FACIAL_L_LipUpper1_parentConstraint1.drawStyle

2026-07-08 17:14:08 - MayaTools.CNTManager3 - WARNING - [CNTManager3] 실패 - rig_ready:export:FACIAL_L_LipUpper1_scaleConstraint1.drawStyle: setAttr: No object matches name: rig_ready:export:FACIAL_L_LipUpper1_scaleConstraint1.drawStyle

2026-07-08 17:14:08 - MayaTools.CNTManager3 - WARNING - [CNTManager3] 실패 - rig_ready:export:FACIAL_L_LipUpper2_parentConstraint1.drawStyle: setAttr: No object matches name: rig_ready:export:FACIAL_L_LipUpper2_parentConstraint1.drawStyle

2026-07-08 17:14:08 - MayaTools.CNTManager3 - WARNING - [CNTManager3] 실패 - rig_ready:export:FACIAL_L_LipUpper2_scaleConstraint1.drawStyle: setAttr: No object matches name: rig_ready:export:FACIAL_L_LipUpper2_scaleConstraint1.drawStyle

2026-07-08 17:14:08 - MayaTools.CNTManager3 - WARNING - [CNTManager3] 실패 - rig_ready:export:FACIAL_L_LipUpper3_parentConstraint1.drawStyle: setAttr: No object matches name: rig_ready:export:FACIAL_L_LipUpper3_parentConstraint1.drawStyle

2026-07-08 17:14:08 - MayaTools.CNTManager3 - WARNING - [CNTManager3] 실패 - rig_ready:export:FACIAL_L_LipUpper3_scaleConstraint1.drawStyle: setAttr: No object matches name: rig_ready:export:FACIAL_L_LipUpper3_scaleConstraint1.drawStyle

2026-07-08 17:14:08 - MayaTools.CNTManager3 - WARNING - [CNTManager3] 실패 - rig_ready:export:FACIAL_L_12IPV_LipUpper6_parentConstraint1.drawStyle: setAttr: No object matches name: rig_ready:export:FACIAL_L_12IPV_LipUpper6_parentConstraint1.drawStyle

2026-07-08 17:14:08 - MayaTools.CNTManager3 - WARNING - [CNTManager3] 실패 - rig_ready:export:FACIAL_L_12IPV_LipUpper6_scaleConstraint1.drawStyle: setAttr: No object matches name: rig_ready:export:FACIAL_L_12IPV_LipUpper6_scaleConstraint1.drawStyle

2026-07-08 17:14:08 - MayaTools.CNTManager3 - WARNING - [CNTManager3] 실패 - rig_ready:export:FACIAL_L_12IPV_LipUpper7_parentConstraint1.drawStyle: setAttr: No object matches name: rig_ready:export:FACIAL_L_12IPV_LipUpper7_parentConstraint1.drawStyle

2026-07-08 17:14:08 - MayaTools.CNTManager3 - WARNING - [CNTManager3] 실패 - rig_ready:export:FACIAL_L_12IPV_LipUpper7_scaleConstraint1.drawStyle: setAttr: No object matches name: rig_ready:export:FACIAL_L_12IPV_LipUpper7_scaleConstraint1.drawStyle

2026-07-08 17:14:08 - MayaTools.CNTManager3 - WARNING - [CNTManager3] 실패 - rig_ready:export:FACIAL_L_12IPV_LipUpper8_parentConstraint1.drawStyle: setAttr: No object matches name: rig_ready:export:FACIAL_L_12IPV_LipUpper8_parentConstraint1.drawStyle

2026-07-08 17:14:08 - MayaTools.CNTManager3 - WARNING - [CNTManager3] 실패 - rig_ready:export:FACIAL_L_12IPV_LipUpper8_scaleConstraint1.drawStyle: setAttr: No object matches name: rig_ready:export:FACIAL_L_12IPV_LipUpper8_scaleConstraint1.drawStyle

2026-07-08 17:14:08 - MayaTools.CNTManager3 - WARNING - [CNTManager3] 실패 - rig_ready:export:FACIAL_L_12IPV_LipUpper9_parentConstraint1.drawStyle: setAttr: No object matches name: rig_ready:export:FACIAL_L_12IPV_LipUpper9_parentConstraint1.drawStyle

2026-07-08 17:14:08 - MayaTools.CNTManager3 - WARNING - [CNTManager3] 실패 - rig_ready:export:FACIAL_L_12IPV_LipUpper9_scaleConstraint1.drawStyle: setAttr: No object matches name: rig_ready:export:FACIAL_L_12IPV_LipUpper9_scaleConstraint1.drawStyle

2026-07-08 17:14:08 - MayaTools.CNTManager3 - WARNING - [CNTManager3] 실패 - rig_ready:export:FACIAL_L_12IPV_LipUpper10_parentConstraint1.drawStyle: setAttr: No object matches name: rig_ready:export:FACIAL_L_12IPV_LipUpper10_parentConstraint1.drawStyle

2026-07-08 17:14:08 - MayaTools.CNTManager3 - WARNING - [CNTManager3] 실패 - rig_ready:export:FACIAL_L_12IPV_LipUpper10_scaleConstraint1.drawStyle: setAttr: No object matches name: rig_ready:export:FACIAL_L_12IPV_LipUpper10_scaleConstraint1.drawStyle

2026-07-08 17:14:08 - MayaTools.CNTManager3 - WARNING - [CNTManager3] 실패 - rig_ready:export:FACIAL_L_12IPV_LipUpper11_parentConstraint1.drawStyle: setAttr: No object matches name: rig_ready:export:FACIAL_L_12IPV_LipUpper11_parentConstraint1.drawStyle

2026-07-08 17:14:08 - MayaTools.CNTManager3 - WARNING - [CNTManager3] 실패 - rig_ready:export:FACIAL_L_12IPV_LipUpper11_scaleConstraint1.drawStyle: setAttr: No object matches name: rig_ready:export:FACIAL_L_12IPV_LipUpper11_scaleConstraint1.drawStyle

2026-07-08 17:14:08 - MayaTools.CNTManager3 - WARNING - [CNTManager3] 실패 - rig_ready:export:FACIAL_L_12IPV_LipUpper12_parentConstraint1.drawStyle: setAttr: No object matches name: rig_ready:export:FACIAL_L_12IPV_LipUpper12_parentConstraint1.drawStyle

2026-07-08 17:14:08 - MayaTools.CNTManager3 - WARNING - [CNTManager3] 실패 - rig_ready:export:FACIAL_L_12IPV_LipUpper12_scaleConstraint1.drawStyle: setAttr: No object matches name: rig_ready:export:FACIAL_L_12IPV_LipUpper12_scaleConstraint1.drawStyle

2026-07-08 17:14:08 - MayaTools.CNTManager3 - WARNING - [CNTManager3] 실패 - rig_ready:export:FACIAL_L_12IPV_LipUpper13_parentConstraint1.drawStyle: setAttr: No object matches name: rig_ready:export:FACIAL_L_12IPV_LipUpper13_parentConstraint1.drawStyle

2026-07-08 17:14:08 - MayaTools.CNTManager3 - WARNING - [CNTManager3] 실패 - rig_ready:export:FACIAL_L_12IPV_LipUpper13_scaleConstraint1.drawStyle: setAttr: No object matches name: rig_ready:export:FACIAL_L_12IPV_LipUpper13_scaleConstraint1.drawStyle

2026-07-08 17:14:08 - MayaTools.CNTManager3 - WARNING - [CNTManager3] 실패 - rig_ready:export:FACIAL_L_12IPV_LipUpper14_parentConstraint1.drawStyle: setAttr: No object matches name: rig_ready:export:FACIAL_L_12IPV_LipUpper14_parentConstraint1.drawStyle

2026-07-08 17:14:08 - MayaTools.CNTManager3 - WARNING - [CNTManager3] 실패 - rig_ready:export:FACIAL_L_12IPV_LipUpper14_scaleConstraint1.drawStyle: setAttr: No object matches name: rig_ready:export:FACIAL_L_12IPV_LipUpper14_scaleConstraint1.drawStyle

2026-07-08 17:14:08 - MayaTools.CNTManager3 - WARNING - [CNTManager3] 실패 - rig_ready:export:FACIAL_L_12IPV_LipUpper15_parentConstraint1.drawStyle: setAttr: No object matches name: rig_ready:export:FACIAL_L_12IPV_LipUpper15_parentConstraint1.drawStyle

2026-07-08 17:14:08 - MayaTools.CNTManager3 - WARNING - [CNTManager3] 실패 - rig_ready:export:FACIAL_L_12IPV_LipUpper15_scaleConstraint1.drawStyle: setAttr: No object matches name: rig_ready:export:FACIAL_L_12IPV_LipUpper15_scaleConstraint1.drawStyle

2026-07-08 17:14:08 - MayaTools.CNTManager3 - WARNING - [CNTManager3] 실패 - rig_ready:export:FACIAL_L_LipUpper_parentConstraint1.drawStyle: setAttr: No object matches name: rig_ready:export:FACIAL_L_LipUpper_parentConstraint1.drawStyle

2026-07-08 17:14:08 - MayaTools.CNTManager3 - WARNING - [CNTManager3] 실패 - rig_ready:export:FACIAL_L_LipUpper_scaleConstraint1.drawStyle: setAttr: No object matches name: rig_ready:export:FACIAL_L_LipUpper_scaleConstraint1.drawStyle

2026-07-08 17:14:08 - MayaTools.CNTManager3 - WARNING - [CNTManager3] 실패 - rig_ready:export:FACIAL_R_LipUpper1_parentConstraint1.drawStyle: setAttr: No object matches name: rig_ready:export:FACIAL_R_LipUpper1_parentConstraint1.drawStyle

2026-07-08 17:14:08 - MayaTools.CNTManager3 - WARNING - [CNTManager3] 실패 - rig_ready:export:FACIAL_R_LipUpper1_scaleConstraint1.drawStyle: setAttr: No object matches name: rig_ready:export:FACIAL_R_LipUpper1_scaleConstraint1.drawStyle

2026-07-08 17:14:08 - MayaTools.CNTManager3 - WARNING - [CNTManager3] 실패 - rig_ready:export:FACIAL_R_LipUpper2_parentConstraint1.drawStyle: setAttr: No object matches name: rig_ready:export:FACIAL_R_LipUpper2_parentConstraint1.drawStyle

2026-07-08 17:14:08 - MayaTools.CNTManager3 - WARNING - [CNTManager3] 실패 - rig_ready:export:FACIAL_R_LipUpper2_scaleConstraint1.drawStyle: setAttr: No object matches name: rig_ready:export:FACIAL_R_LipUpper2_scaleConstraint1.drawStyle

2026-07-08 17:14:08 - MayaTools.CNTManager3 - WARNING - [CNTManager3] 실패 - rig_ready:export:FACIAL_R_LipUpper3_parentConstraint1.drawStyle: setAttr: No object matches name: rig_ready:export:FACIAL_R_LipUpper3_parentConstraint1.drawStyle

2026-07-08 17:14:08 - MayaTools.CNTManager3 - WARNING - [CNTManager3] 실패 - rig_ready:export:FACIAL_R_LipUpper3_scaleConstraint1.drawStyle: setAttr: No object matches name: rig_ready:export:FACIAL_R_LipUpper3_scaleConstraint1.drawStyle

2026-07-08 17:14:08 - MayaTools.CNTManager3 - WARNING - [CNTManager3] 실패 - rig_ready:export:FACIAL_R_12IPV_LipUpper6_parentConstraint1.drawStyle: setAttr: No object matches name: rig_ready:export:FACIAL_R_12IPV_LipUpper6_parentConstraint1.drawStyle

2026-07-08 17:14:08 - MayaTools.CNTManager3 - WARNING - [CNTManager3] 실패 - rig_ready:export:FACIAL_R_12IPV_LipUpper6_scaleConstraint1.drawStyle: setAttr: No object matches name: rig_ready:export:FACIAL_R_12IPV_LipUpper6_scaleConstraint1.drawStyle

2026-07-08 17:14:08 - MayaTools.CNTManager3 - WARNING - [CNTManager3] 실패 - rig_ready:export:FACIAL_R_12IPV_LipUpper7_parentConstraint1.drawStyle: setAttr: No object matches name: rig_ready:export:FACIAL_R_12IPV_LipUpper7_parentConstraint1.drawStyle

2026-07-08 17:14:08 - MayaTools.CNTManager3 - WARNING - [CNTManager3] 실패 - rig_ready:export:FACIAL_R_12IPV_LipUpper7_scaleConstraint1.drawStyle: setAttr: No object matches name: rig_ready:export:FACIAL_R_12IPV_LipUpper7_scaleConstraint1.drawStyle

2026-07-08 17:14:08 - MayaTools.CNTManager3 - WARNING - [CNTManager3] 실패 - rig_ready:export:FACIAL_R_12IPV_LipUpper8_parentConstraint1.drawStyle: setAttr: No object matches name: rig_ready:export:FACIAL_R_12IPV_LipUpper8_parentConstraint1.drawStyle

2026-07-08 17:14:08 - MayaTools.CNTManager3 - WARNING - [CNTManager3] 실패 - rig_ready:export:FACIAL_R_12IPV_LipUpper8_scaleConstraint1.drawStyle: setAttr: No object matches name: rig_ready:export:FACIAL_R_12IPV_LipUpper8_scaleConstraint1.drawStyle

2026-07-08 17:14:08 - MayaTools.CNTManager3 - WARNING - [CNTManager3] 실패 - rig_ready:export:FACIAL_R_12IPV_LipUpper9_parentConstraint1.drawStyle: setAttr: No object matches name: rig_ready:export:FACIAL_R_12IPV_LipUpper9_parentConstraint1.drawStyle

2026-07-08 17:14:08 - MayaTools.CNTManager3 - WARNING - [CNTManager3] 실패 - rig_ready:export:FACIAL_R_12IPV_LipUpper9_scaleConstraint1.drawStyle: setAttr: No object matches name: rig_ready:export:FACIAL_R_12IPV_LipUpper9_scaleConstraint1.drawStyle

2026-07-08 17:14:08 - MayaTools.CNTManager3 - WARNING - [CNTManager3] 실패 - rig_ready:export:FACIAL_R_12IPV_LipUpper10_parentConstraint1.drawStyle: setAttr: No object matches name: rig_ready:export:FACIAL_R_12IPV_LipUpper10_parentConstraint1.drawStyle

2026-07-08 17:14:08 - MayaTools.CNTManager3 - WARNING - [CNTManager3] 실패 - rig_ready:export:FACIAL_R_12IPV_LipUpper10_scaleConstraint1.drawStyle: setAttr: No object matches name: rig_ready:export:FACIAL_R_12IPV_LipUpper10_scaleConstraint1.drawStyle

2026-07-08 17:14:08 - MayaTools.CNTManager3 - WARNING - [CNTManager3] 실패 - rig_ready:export:FACIAL_R_12IPV_LipUpper11_parentConstraint1.drawStyle: setAttr: No object matches name: rig_ready:export:FACIAL_R_12IPV_LipUpper11_parentConstraint1.drawStyle

2026-07-08 17:14:08 - MayaTools.CNTManager3 - WARNING - [CNTManager3] 실패 - rig_ready:export:FACIAL_R_12IPV_LipUpper11_scaleConstraint1.drawStyle: setAttr: No object matches name: rig_ready:export:FACIAL_R_12IPV_LipUpper11_scaleConstraint1.drawStyle

2026-07-08 17:14:08 - MayaTools.CNTManager3 - WARNING - [CNTManager3] 실패 - rig_ready:export:FACIAL_R_12IPV_LipUpper12_parentConstraint1.drawStyle: setAttr: No object matches name: rig_ready:export:FACIAL_R_12IPV_LipUpper12_parentConstraint1.drawStyle

2026-07-08 17:14:08 - MayaTools.CNTManager3 - WARNING - [CNTManager3] 실패 - rig_ready:export:FACIAL_R_12IPV_LipUpper12_scaleConstraint1.drawStyle: setAttr: No object matches name: rig_ready:export:FACIAL_R_12IPV_LipUpper12_scaleConstraint1.drawStyle

2026-07-08 17:14:08 - MayaTools.CNTManager3 - WARNING - [CNTManager3] 실패 - rig_ready:export:FACIAL_R_12IPV_LipUpper13_parentConstraint1.drawStyle: setAttr: No object matches name: rig_ready:export:FACIAL_R_12IPV_LipUpper13_parentConstraint1.drawStyle

2026-07-08 17:14:08 - MayaTools.CNTManager3 - WARNING - [CNTManager3] 실패 - rig_ready:export:FACIAL_R_12IPV_LipUpper13_scaleConstraint1.drawStyle: setAttr: No object matches name: rig_ready:export:FACIAL_R_12IPV_LipUpper13_scaleConstraint1.drawStyle

2026-07-08 17:14:08 - MayaTools.CNTManager3 - WARNING - [CNTManager3] 실패 - rig_ready:export:FACIAL_R_12IPV_LipUpper14_parentConstraint1.drawStyle: setAttr: No object matches name: rig_ready:export:FACIAL_R_12IPV_LipUpper14_parentConstraint1.drawStyle

2026-07-08 17:14:08 - MayaTools.CNTManager3 - WARNING - [CNTManager3] 실패 - rig_ready:export:FACIAL_R_12IPV_LipUpper14_scaleConstraint1.drawStyle: setAttr: No object matches name: rig_ready:export:FACIAL_R_12IPV_LipUpper14_scaleConstraint1.drawStyle

2026-07-08 17:14:08 - MayaTools.CNTManager3 - WARNING - [CNTManager3] 실패 - rig_ready:export:FACIAL_R_12IPV_LipUpper15_parentConstraint1.drawStyle: setAttr: No object matches name: rig_ready:export:FACIAL_R_12IPV_LipUpper15_parentConstraint1.drawStyle

2026-07-08 17:14:08 - MayaTools.CNTManager3 - WARNING - [CNTManager3] 실패 - rig_ready:export:FACIAL_R_12IPV_LipUpper15_scaleConstraint1.drawStyle: setAttr: No object matches name: rig_ready:export:FACIAL_R_12IPV_LipUpper15_scaleConstraint1.drawStyle

2026-07-08 17:14:08 - MayaTools.CNTManager3 - WARNING - [CNTManager3] 실패 - rig_ready:export:FACIAL_R_LipUpper_parentConstraint1.drawStyle: setAttr: No object matches name: rig_ready:export:FACIAL_R_LipUpper_parentConstraint1.drawStyle

2026-07-08 17:14:08 - MayaTools.CNTManager3 - WARNING - [CNTManager3] 실패 - rig_ready:export:FACIAL_R_LipUpper_scaleConstraint1.drawStyle: setAttr: No object matches name: rig_ready:export:FACIAL_R_LipUpper_scaleConstraint1.drawStyle

2026-07-08 17:14:08 - MayaTools.CNTManager3 - WARNING - [CNTManager3] 실패 - rig_ready:export:FACIAL_L_LipUpperOuter1_parentConstraint1.drawStyle: setAttr: No object matches name: rig_ready:export:FACIAL_L_LipUpperOuter1_parentConstraint1.drawStyle

2026-07-08 17:14:08 - MayaTools.CNTManager3 - WARNING - [CNTManager3] 실패 - rig_ready:export:FACIAL_L_LipUpperOuter1_scaleConstraint1.drawStyle: setAttr: No object matches name: rig_ready:export:FACIAL_L_LipUpperOuter1_scaleConstraint1.drawStyle

2026-07-08 17:14:08 - MayaTools.CNTManager3 - WARNING - [CNTManager3] 실패 - rig_ready:export:FACIAL_L_LipUpperOuter2_parentConstraint1.drawStyle: setAttr: No object matches name: rig_ready:export:FACIAL_L_LipUpperOuter2_parentConstraint1.drawStyle

2026-07-08 17:14:08 - MayaTools.CNTManager3 - WARNING - [CNTManager3] 실패 - rig_ready:export:FACIAL_L_LipUpperOuter2_scaleConstraint1.drawStyle: setAttr: No object matches name: rig_ready:export:FACIAL_L_LipUpperOuter2_scaleConstraint1.drawStyle

2026-07-08 17:14:08 - MayaTools.CNTManager3 - WARNING - [CNTManager3] 실패 - rig_ready:export:FACIAL_L_LipUpperOuter3_parentConstraint1.drawStyle: setAttr: No object matches name: rig_ready:export:FACIAL_L_LipUpperOuter3_parentConstraint1.drawStyle

2026-07-08 17:14:08 - MayaTools.CNTManager3 - WARNING - [CNTManager3] 실패 - rig_ready:export:FACIAL_L_LipUpperOuter3_scaleConstraint1.drawStyle: setAttr: No object matches name: rig_ready:export:FACIAL_L_LipUpperOuter3_scaleConstraint1.drawStyle

2026-07-08 17:14:08 - MayaTools.CNTManager3 - WARNING - [CNTManager3] 실패 - rig_ready:export:FACIAL_L_12IPV_LipUpper16_parentConstraint1.drawStyle: setAttr: No object matches name: rig_ready:export:FACIAL_L_12IPV_LipUpper16_parentConstraint1.drawStyle

2026-07-08 17:14:08 - MayaTools.CNTManager3 - WARNING - [CNTManager3] 실패 - rig_ready:export:FACIAL_L_12IPV_LipUpper16_scaleConstraint1.drawStyle: setAttr: No object matches name: rig_ready:export:FACIAL_L_12IPV_LipUpper16_scaleConstraint1.drawStyle

2026-07-08 17:14:08 - MayaTools.CNTManager3 - WARNING - [CNTManager3] 실패 - rig_ready:export:FACIAL_L_12IPV_LipUpper17_parentConstraint1.drawStyle: setAttr: No object matches name: rig_ready:export:FACIAL_L_12IPV_LipUpper17_parentConstraint1.drawStyle

2026-07-08 17:14:08 - MayaTools.CNTManager3 - WARNING - [CNTManager3] 실패 - rig_ready:export:FACIAL_L_12IPV_LipUpper17_scaleConstraint1.drawStyle: setAttr: No object matches name: rig_ready:export:FACIAL_L_12IPV_LipUpper17_scaleConstraint1.drawStyle

2026-07-08 17:14:08 - MayaTools.CNTManager3 - WARNING - [CNTManager3] 실패 - rig_ready:export:FACIAL_L_12IPV_LipUpper18_parentConstraint1.drawStyle: setAttr: No object matches name: rig_ready:export:FACIAL_L_12IPV_LipUpper18_parentConstraint1.drawStyle

2026-07-08 17:14:08 - MayaTools.CNTManager3 - WARNING - [CNTManager3] 실패 - rig_ready:export:FACIAL_L_12IPV_LipUpper18_scaleConstraint1.drawStyle: setAttr: No object matches name: rig_ready:export:FACIAL_L_12IPV_LipUpper18_scaleConstraint1.drawStyle

2026-07-08 17:14:08 - MayaTools.CNTManager3 - WARNING - [CNTManager3] 실패 - rig_ready:export:FACIAL_L_12IPV_LipUpper19_parentConstraint1.drawStyle: setAttr: No object matches name: rig_ready:export:FACIAL_L_12IPV_LipUpper19_parentConstraint1.drawStyle

2026-07-08 17:14:08 - MayaTools.CNTManager3 - WARNING - [CNTManager3] 실패 - rig_ready:export:FACIAL_L_12IPV_LipUpper19_scaleConstraint1.drawStyle: setAttr: No object matches name: rig_ready:export:FACIAL_L_12IPV_LipUpper19_scaleConstraint1.drawStyle

2026-07-08 17:14:08 - MayaTools.CNTManager3 - WARNING - [CNTManager3] 실패 - rig_ready:export:FACIAL_L_12IPV_LipUpper20_parentConstraint1.drawStyle: setAttr: No object matches name: rig_ready:export:FACIAL_L_12IPV_LipUpper20_parentConstraint1.drawStyle

2026-07-08 17:14:08 - MayaTools.CNTManager3 - WARNING - [CNTManager3] 실패 - rig_ready:export:FACIAL_L_12IPV_LipUpper20_scaleConstraint1.drawStyle: setAttr: No object matches name: rig_ready:export:FACIAL_L_12IPV_LipUpper20_scaleConstraint1.drawStyle

2026-07-08 17:14:08 - MayaTools.CNTManager3 - WARNING - [CNTManager3] 실패 - rig_ready:export:FACIAL_L_12IPV_LipUpper21_parentConstraint1.drawStyle: setAttr: No object matches name: rig_ready:export:FACIAL_L_12IPV_LipUpper21_parentConstraint1.drawStyle

2026-07-08 17:14:08 - MayaTools.CNTManager3 - WARNING - [CNTManager3] 실패 - rig_ready:export:FACIAL_L_12IPV_LipUpper21_scaleConstraint1.drawStyle: setAttr: No object matches name: rig_ready:export:FACIAL_L_12IPV_LipUpper21_scaleConstraint1.drawStyle

2026-07-08 17:14:08 - MayaTools.CNTManager3 - WARNING - [CNTManager3] 실패 - rig_ready:export:FACIAL_L_12IPV_LipUpper22_parentConstraint1.drawStyle: setAttr: No object matches name: rig_ready:export:FACIAL_L_12IPV_LipUpper22_parentConstraint1.drawStyle

2026-07-08 17:14:08 - MayaTools.CNTManager3 - WARNING - [CNTManager3] 실패 - rig_ready:export:FACIAL_L_12IPV_LipUpper22_scaleConstraint1.drawStyle: setAttr: No object matches name: rig_ready:export:FACIAL_L_12IPV_LipUpper22_scaleConstraint1.drawStyle

2026-07-08 17:14:08 - MayaTools.CNTManager3 - WARNING - [CNTManager3] 실패 - rig_ready:export:FACIAL_L_12IPV_LipUpper23_parentConstraint1.drawStyle: setAttr: No object matches name: rig_ready:export:FACIAL_L_12IPV_LipUpper23_parentConstraint1.drawStyle

2026-07-08 17:14:08 - MayaTools.CNTManager3 - WARNING - [CNTManager3] 실패 - rig_ready:export:FACIAL_L_12IPV_LipUpper23_scaleConstraint1.drawStyle: setAttr: No object matches name: rig_ready:export:FACIAL_L_12IPV_LipUpper23_scaleConstraint1.drawStyle

2026-07-08 17:14:08 - MayaTools.CNTManager3 - WARNING - [CNTManager3] 실패 - rig_ready:export:FACIAL_L_12IPV_LipUpper24_parentConstraint1.drawStyle: setAttr: No object matches name: rig_ready:export:FACIAL_L_12IPV_LipUpper24_parentConstraint1.drawStyle

2026-07-08 17:14:08 - MayaTools.CNTManager3 - WARNING - [CNTManager3] 실패 - rig_ready:export:FACIAL_L_12IPV_LipUpper24_scaleConstraint1.drawStyle: setAttr: No object matches name: rig_ready:export:FACIAL_L_12IPV_LipUpper24_scaleConstraint1.drawStyle

2026-07-08 17:14:08 - MayaTools.CNTManager3 - WARNING - [CNTManager3] 실패 - rig_ready:export:FACIAL_L_LipUpperOuter_parentConstraint1.drawStyle: setAttr: No object matches name: rig_ready:export:FACIAL_L_LipUpperOuter_parentConstraint1.drawStyle

2026-07-08 17:14:08 - MayaTools.CNTManager3 - WARNING - [CNTManager3] 실패 - rig_ready:export:FACIAL_L_LipUpperOuter_scaleConstraint1.drawStyle: setAttr: No object matches name: rig_ready:export:FACIAL_L_LipUpperOuter_scaleConstraint1.drawStyle

2026-07-08 17:14:08 - MayaTools.CNTManager3 - WARNING - [CNTManager3] 실패 - rig_ready:export:FACIAL_R_LipUpperOuter1_parentConstraint1.drawStyle: setAttr: No object matches name: rig_ready:export:FACIAL_R_LipUpperOuter1_parentConstraint1.drawStyle

2026-07-08 17:14:08 - MayaTools.CNTManager3 - WARNING - [CNTManager3] 실패 - rig_ready:export:FACIAL_R_LipUpperOuter1_scaleConstraint1.drawStyle: setAttr: No object matches name: rig_ready:export:FACIAL_R_LipUpperOuter1_scaleConstraint1.drawStyle

2026-07-08 17:14:08 - MayaTools.CNTManager3 - WARNING - [CNTManager3] 실패 - rig_ready:export:FACIAL_R_LipUpperOuter2_parentConstraint1.drawStyle: setAttr: No object matches name: rig_ready:export:FACIAL_R_LipUpperOuter2_parentConstraint1.drawStyle

2026-07-08 17:14:08 - MayaTools.CNTManager3 - WARNING - [CNTManager3] 실패 - rig_ready:export:FACIAL_R_LipUpperOuter2_scaleConstraint1.drawStyle: setAttr: No object matches name: rig_ready:export:FACIAL_R_LipUpperOuter2_scaleConstraint1.drawStyle

2026-07-08 17:14:08 - MayaTools.CNTManager3 - WARNING - [CNTManager3] 실패 - rig_ready:export:FACIAL_R_LipUpperOuter3_parentConstraint1.drawStyle: setAttr: No object matches name: rig_ready:export:FACIAL_R_LipUpperOuter3_parentConstraint1.drawStyle

2026-07-08 17:14:08 - MayaTools.CNTManager3 - WARNING - [CNTManager3] 실패 - rig_ready:export:FACIAL_R_LipUpperOuter3_scaleConstraint1.drawStyle: setAttr: No object matches name: rig_ready:export:FACIAL_R_LipUpperOuter3_scaleConstraint1.drawStyle

2026-07-08 17:14:08 - MayaTools.CNTManager3 - WARNING - [CNTManager3] 실패 - rig_ready:export:FACIAL_R_12IPV_LipUpper16_parentConstraint1.drawStyle: setAttr: No object matches name: rig_ready:export:FACIAL_R_12IPV_LipUpper16_parentConstraint1.drawStyle

2026-07-08 17:14:08 - MayaTools.CNTManager3 - WARNING - [CNTManager3] 실패 - rig_ready:export:FACIAL_R_12IPV_LipUpper16_scaleConstraint1.drawStyle: setAttr: No object matches name: rig_ready:export:FACIAL_R_12IPV_LipUpper16_scaleConstraint1.drawStyle

2026-07-08 17:14:08 - MayaTools.CNTManager3 - WARNING - [CNTManager3] 실패 - rig_ready:export:FACIAL_R_12IPV_LipUpper17_parentConstraint1.drawStyle: setAttr: No object matches name: rig_ready:export:FACIAL_R_12IPV_LipUpper17_parentConstraint1.drawStyle

2026-07-08 17:14:08 - MayaTools.CNTManager3 - WARNING - [CNTManager3] 실패 - rig_ready:export:FACIAL_R_12IPV_LipUpper17_scaleConstraint1.drawStyle: setAttr: No object matches name: rig_ready:export:FACIAL_R_12IPV_LipUpper17_scaleConstraint1.drawStyle

2026-07-08 17:14:08 - MayaTools.CNTManager3 - WARNING - [CNTManager3] 실패 - rig_ready:export:FACIAL_R_12IPV_LipUpper18_parentConstraint1.drawStyle: setAttr: No object matches name: rig_ready:export:FACIAL_R_12IPV_LipUpper18_parentConstraint1.drawStyle

2026-07-08 17:14:08 - MayaTools.CNTManager3 - WARNING - [CNTManager3] 실패 - rig_ready:export:FACIAL_R_12IPV_LipUpper18_scaleConstraint1.drawStyle: setAttr: No object matches name: rig_ready:export:FACIAL_R_12IPV_LipUpper18_scaleConstraint1.drawStyle

2026-07-08 17:14:08 - MayaTools.CNTManager3 - WARNING - [CNTManager3] 실패 - rig_ready:export:FACIAL_R_12IPV_LipUpper19_parentConstraint1.drawStyle: setAttr: No object matches name: rig_ready:export:FACIAL_R_12IPV_LipUpper19_parentConstraint1.drawStyle

2026-07-08 17:14:08 - MayaTools.CNTManager3 - WARNING - [CNTManager3] 실패 - rig_ready:export:FACIAL_R_12IPV_LipUpper19_scaleConstraint1.drawStyle: setAttr: No object matches name: rig_ready:export:FACIAL_R_12IPV_LipUpper19_scaleConstraint1.drawStyle

2026-07-08 17:14:08 - MayaTools.CNTManager3 - WARNING - [CNTManager3] 실패 - rig_ready:export:FACIAL_R_12IPV_LipUpper20_parentConstraint1.drawStyle: setAttr: No object matches name: rig_ready:export:FACIAL_R_12IPV_LipUpper20_parentConstraint1.drawStyle

2026-07-08 17:14:08 - MayaTools.CNTManager3 - WARNING - [CNTManager3] 실패 - rig_ready:export:FACIAL_R_12IPV_LipUpper20_scaleConstraint1.drawStyle: setAttr: No object matches name: rig_ready:export:FACIAL_R_12IPV_LipUpper20_scaleConstraint1.drawStyle

2026-07-08 17:14:08 - MayaTools.CNTManager3 - WARNING - [CNTManager3] 실패 - rig_ready:export:FACIAL_R_12IPV_LipUpper21_parentConstraint1.drawStyle: setAttr: No object matches name: rig_ready:export:FACIAL_R_12IPV_LipUpper21_parentConstraint1.drawStyle

2026-07-08 17:14:08 - MayaTools.CNTManager3 - WARNING - [CNTManager3] 실패 - rig_ready:export:FACIAL_R_12IPV_LipUpper21_scaleConstraint1.drawStyle: setAttr: No object matches name: rig_ready:export:FACIAL_R_12IPV_LipUpper21_scaleConstraint1.drawStyle

2026-07-08 17:14:08 - MayaTools.CNTManager3 - WARNING - [CNTManager3] 실패 - rig_ready:export:FACIAL_R_12IPV_LipUpper22_parentConstraint1.drawStyle: setAttr: No object matches name: rig_ready:export:FACIAL_R_12IPV_LipUpper22_parentConstraint1.drawStyle

2026-07-08 17:14:08 - MayaTools.CNTManager3 - WARNING - [CNTManager3] 실패 - rig_ready:export:FACIAL_R_12IPV_LipUpper22_scaleConstraint1.drawStyle: setAttr: No object matches name: rig_ready:export:FACIAL_R_12IPV_LipUpper22_scaleConstraint1.drawStyle

2026-07-08 17:14:08 - MayaTools.CNTManager3 - WARNING - [CNTManager3] 실패 - rig_ready:export:FACIAL_R_12IPV_LipUpper23_parentConstraint1.drawStyle: setAttr: No object matches name: rig_ready:export:FACIAL_R_12IPV_LipUpper23_parentConstraint1.drawStyle

2026-07-08 17:14:08 - MayaTools.CNTManager3 - WARNING - [CNTManager3] 실패 - rig_ready:export:FACIAL_R_12IPV_LipUpper23_scaleConstraint1.drawStyle: setAttr: No object matches name: rig_ready:export:FACIAL_R_12IPV_LipUpper23_scaleConstraint1.drawStyle

2026-07-08 17:14:08 - MayaTools.CNTManager3 - WARNING - [CNTManager3] 실패 - rig_ready:export:FACIAL_R_12IPV_LipUpper24_parentConstraint1.drawStyle: setAttr: No object matches name: rig_ready:export:FACIAL_R_12IPV_LipUpper24_parentConstraint1.drawStyle

2026-07-08 17:14:08 - MayaTools.CNTManager3 - WARNING - [CNTManager3] 실패 - rig_ready:export:FACIAL_R_12IPV_LipUpper24_scaleConstraint1.drawStyle: setAttr: No object matches name: rig_ready:export:FACIAL_R_12IPV_LipUpper24_scaleConstraint1.drawStyle

2026-07-08 17:14:08 - MayaTools.CNTManager3 - WARNING - [CNTManager3] 실패 - rig_ready:export:FACIAL_R_LipUpperOuter_parentConstraint1.drawStyle: setAttr: No object matches name: rig_ready:export:FACIAL_R_LipUpperOuter_parentConstraint1.drawStyle

2026-07-08 17:14:08 - MayaTools.CNTManager3 - WARNING - [CNTManager3] 실패 - rig_ready:export:FACIAL_R_LipUpperOuter_scaleConstraint1.drawStyle: setAttr: No object matches name: rig_ready:export:FACIAL_R_LipUpperOuter_scaleConstraint1.drawStyle

2026-07-08 17:14:08 - MayaTools.CNTManager3 - WARNING - [CNTManager3] 실패 - rig_ready:export:FACIAL_L_LipCorner1_parentConstraint1.drawStyle: setAttr: No object matches name: rig_ready:export:FACIAL_L_LipCorner1_parentConstraint1.drawStyle

2026-07-08 17:14:08 - MayaTools.CNTManager3 - WARNING - [CNTManager3] 실패 - rig_ready:export:FACIAL_L_LipCorner1_scaleConstraint1.drawStyle: setAttr: No object matches name: rig_ready:export:FACIAL_L_LipCorner1_scaleConstraint1.drawStyle

2026-07-08 17:14:08 - MayaTools.CNTManager3 - WARNING - [CNTManager3] 실패 - rig_ready:export:FACIAL_L_LipCorner2_parentConstraint1.drawStyle: setAttr: No object matches name: rig_ready:export:FACIAL_L_LipCorner2_parentConstraint1.drawStyle

2026-07-08 17:14:08 - MayaTools.CNTManager3 - WARNING - [CNTManager3] 실패 - rig_ready:export:FACIAL_L_LipCorner2_scaleConstraint1.drawStyle: setAttr: No object matches name: rig_ready:export:FACIAL_L_LipCorner2_scaleConstraint1.drawStyle

2026-07-08 17:14:08 - MayaTools.CNTManager3 - WARNING - [CNTManager3] 실패 - rig_ready:export:FACIAL_L_LipCorner3_parentConstraint1.drawStyle: setAttr: No object matches name: rig_ready:export:FACIAL_L_LipCorner3_parentConstraint1.drawStyle

2026-07-08 17:14:08 - MayaTools.CNTManager3 - WARNING - [CNTManager3] 실패 - rig_ready:export:FACIAL_L_LipCorner3_scaleConstraint1.drawStyle: setAttr: No object matches name: rig_ready:export:FACIAL_L_LipCorner3_scaleConstraint1.drawStyle

2026-07-08 17:14:08 - MayaTools.CNTManager3 - WARNING - [CNTManager3] 실패 - rig_ready:export:FACIAL_L_12IPV_LipCorner1_parentConstraint1.drawStyle: setAttr: No object matches name: rig_ready:export:FACIAL_L_12IPV_LipCorner1_parentConstraint1.drawStyle

2026-07-08 17:14:08 - MayaTools.CNTManager3 - WARNING - [CNTManager3] 실패 - rig_ready:export:FACIAL_L_12IPV_LipCorner1_scaleConstraint1.drawStyle: setAttr: No object matches name: rig_ready:export:FACIAL_L_12IPV_LipCorner1_scaleConstraint1.drawStyle

2026-07-08 17:14:08 - MayaTools.CNTManager3 - WARNING - [CNTManager3] 실패 - rig_ready:export:FACIAL_L_12IPV_LipCorner2_parentConstraint1.drawStyle: setAttr: No object matches name: rig_ready:export:FACIAL_L_12IPV_LipCorner2_parentConstraint1.drawStyle

2026-07-08 17:14:08 - MayaTools.CNTManager3 - WARNING - [CNTManager3] 실패 - rig_ready:export:FACIAL_L_12IPV_LipCorner2_scaleConstraint1.drawStyle: setAttr: No object matches name: rig_ready:export:FACIAL_L_12IPV_LipCorner2_scaleConstraint1.drawStyle

2026-07-08 17:14:08 - MayaTools.CNTManager3 - WARNING - [CNTManager3] 실패 - rig_ready:export:FACIAL_L_12IPV_LipCorner3_parentConstraint1.drawStyle: setAttr: No object matches name: rig_ready:export:FACIAL_L_12IPV_LipCorner3_parentConstraint1.drawStyle

2026-07-08 17:14:08 - MayaTools.CNTManager3 - WARNING - [CNTManager3] 실패 - rig_ready:export:FACIAL_L_12IPV_LipCorner3_scaleConstraint1.drawStyle: setAttr: No object matches name: rig_ready:export:FACIAL_L_12IPV_LipCorner3_scaleConstraint1.drawStyle

2026-07-08 17:14:08 - MayaTools.CNTManager3 - WARNING - [CNTManager3] 실패 - rig_ready:export:FACIAL_L_LipCorner_parentConstraint1.drawStyle: setAttr: No object matches name: rig_ready:export:FACIAL_L_LipCorner_parentConstraint1.drawStyle

2026-07-08 17:14:08 - MayaTools.CNTManager3 - WARNING - [CNTManager3] 실패 - rig_ready:export:FACIAL_L_LipCorner_scaleConstraint1.drawStyle: setAttr: No object matches name: rig_ready:export:FACIAL_L_LipCorner_scaleConstraint1.drawStyle

2026-07-08 17:14:08 - MayaTools.CNTManager3 - WARNING - [CNTManager3] 실패 - rig_ready:export:FACIAL_R_LipCorner1_parentConstraint1.drawStyle: setAttr: No object matches name: rig_ready:export:FACIAL_R_LipCorner1_parentConstraint1.drawStyle

2026-07-08 17:14:08 - MayaTools.CNTManager3 - WARNING - [CNTManager3] 실패 - rig_ready:export:FACIAL_R_LipCorner1_scaleConstraint1.drawStyle: setAttr: No object matches name: rig_ready:export:FACIAL_R_LipCorner1_scaleConstraint1.drawStyle

2026-07-08 17:14:08 - MayaTools.CNTManager3 - WARNING - [CNTManager3] 실패 - rig_ready:export:FACIAL_R_LipCorner2_parentConstraint1.drawStyle: setAttr: No object matches name: rig_ready:export:FACIAL_R_LipCorner2_parentConstraint1.drawStyle

2026-07-08 17:14:08 - MayaTools.CNTManager3 - WARNING - [CNTManager3] 실패 - rig_ready:export:FACIAL_R_LipCorner2_scaleConstraint1.drawStyle: setAttr: No object matches name: rig_ready:export:FACIAL_R_LipCorner2_scaleConstraint1.drawStyle

2026-07-08 17:14:08 - MayaTools.CNTManager3 - WARNING - [CNTManager3] 실패 - rig_ready:export:FACIAL_R_LipCorner3_parentConstraint1.drawStyle: setAttr: No object matches name: rig_ready:export:FACIAL_R_LipCorner3_parentConstraint1.drawStyle

2026-07-08 17:14:08 - MayaTools.CNTManager3 - WARNING - [CNTManager3] 실패 - rig_ready:export:FACIAL_R_LipCorner3_scaleConstraint1.drawStyle: setAttr: No object matches name: rig_ready:export:FACIAL_R_LipCorner3_scaleConstraint1.drawStyle

2026-07-08 17:14:08 - MayaTools.CNTManager3 - WARNING - [CNTManager3] 실패 - rig_ready:export:FACIAL_R_12IPV_LipCorner1_parentConstraint1.drawStyle: setAttr: No object matches name: rig_ready:export:FACIAL_R_12IPV_LipCorner1_parentConstraint1.drawStyle

2026-07-08 17:14:08 - MayaTools.CNTManager3 - WARNING - [CNTManager3] 실패 - rig_ready:export:FACIAL_R_12IPV_LipCorner1_scaleConstraint1.drawStyle: setAttr: No object matches name: rig_ready:export:FACIAL_R_12IPV_LipCorner1_scaleConstraint1.drawStyle

2026-07-08 17:14:08 - MayaTools.CNTManager3 - WARNING - [CNTManager3] 실패 - rig_ready:export:FACIAL_R_12IPV_LipCorner2_parentConstraint1.drawStyle: setAttr: No object matches name: rig_ready:export:FACIAL_R_12IPV_LipCorner2_parentConstraint1.drawStyle

2026-07-08 17:14:08 - MayaTools.CNTManager3 - WARNING - [CNTManager3] 실패 - rig_ready:export:FACIAL_R_12IPV_LipCorner2_scaleConstraint1.drawStyle: setAttr: No object matches name: rig_ready:export:FACIAL_R_12IPV_LipCorner2_scaleConstraint1.drawStyle

2026-07-08 17:14:08 - MayaTools.CNTManager3 - WARNING - [CNTManager3] 실패 - rig_ready:export:FACIAL_R_12IPV_LipCorner3_parentConstraint1.drawStyle: setAttr: No object matches name: rig_ready:export:FACIAL_R_12IPV_LipCorner3_parentConstraint1.drawStyle

2026-07-08 17:14:08 - MayaTools.CNTManager3 - WARNING - [CNTManager3] 실패 - rig_ready:export:FACIAL_R_12IPV_LipCorner3_scaleConstraint1.drawStyle: setAttr: No object matches name: rig_ready:export:FACIAL_R_12IPV_LipCorner3_scaleConstraint1.drawStyle

2026-07-08 17:14:08 - MayaTools.CNTManager3 - WARNING - [CNTManager3] 실패 - rig_ready:export:FACIAL_R_LipCorner_parentConstraint1.drawStyle: setAttr: No object matches name: rig_ready:export:FACIAL_R_LipCorner_parentConstraint1.drawStyle

2026-07-08 17:14:08 - MayaTools.CNTManager3 - WARNING - [CNTManager3] 실패 - rig_ready:export:FACIAL_R_LipCorner_scaleConstraint1.drawStyle: setAttr: No object matches name: rig_ready:export:FACIAL_R_LipCorner_scaleConstraint1.drawStyle

2026-07-08 17:14:08 - MayaTools.CNTManager3 - WARNING - [CNTManager3] 실패 - rig_ready:export:FACIAL_C_MouthUpper_parentConstraint1.drawStyle: setAttr: No object matches name: rig_ready:export:FACIAL_C_MouthUpper_parentConstraint1.drawStyle

2026-07-08 17:14:08 - MayaTools.CNTManager3 - WARNING - [CNTManager3] 실패 - rig_ready:export:FACIAL_C_MouthUpper_scaleConstraint1.drawStyle: setAttr: No object matches name: rig_ready:export:FACIAL_C_MouthUpper_scaleConstraint1.drawStyle

2026-07-08 17:14:08 - MayaTools.CNTManager3 - WARNING - [CNTManager3] 실패 - rig_ready:export:FACIAL_L_JawBulge_parentConstraint1.drawStyle: setAttr: No object matches name: rig_ready:export:FACIAL_L_JawBulge_parentConstraint1.drawStyle

2026-07-08 17:14:08 - MayaTools.CNTManager3 - WARNING - [CNTManager3] 실패 - rig_ready:export:FACIAL_L_JawBulge_scaleConstraint1.drawStyle: setAttr: No object matches name: rig_ready:export:FACIAL_L_JawBulge_scaleConstraint1.drawStyle

2026-07-08 17:14:08 - MayaTools.CNTManager3 - WARNING - [CNTManager3] 실패 - rig_ready:export:FACIAL_R_JawBulge_parentConstraint1.drawStyle: setAttr: No object matches name: rig_ready:export:FACIAL_R_JawBulge_parentConstraint1.drawStyle

2026-07-08 17:14:08 - MayaTools.CNTManager3 - WARNING - [CNTManager3] 실패 - rig_ready:export:FACIAL_R_JawBulge_scaleConstraint1.drawStyle: setAttr: No object matches name: rig_ready:export:FACIAL_R_JawBulge_scaleConstraint1.drawStyle

2026-07-08 17:14:08 - MayaTools.CNTManager3 - WARNING - [CNTManager3] 실패 - rig_ready:export:FACIAL_L_JawRecess_parentConstraint1.drawStyle: setAttr: No object matches name: rig_ready:export:FACIAL_L_JawRecess_parentConstraint1.drawStyle

2026-07-08 17:14:08 - MayaTools.CNTManager3 - WARNING - [CNTManager3] 실패 - rig_ready:export:FACIAL_L_JawRecess_scaleConstraint1.drawStyle: setAttr: No object matches name: rig_ready:export:FACIAL_L_JawRecess_scaleConstraint1.drawStyle

2026-07-08 17:14:08 - MayaTools.CNTManager3 - WARNING - [CNTManager3] 실패 - rig_ready:export:FACIAL_R_JawRecess_parentConstraint1.drawStyle: setAttr: No object matches name: rig_ready:export:FACIAL_R_JawRecess_parentConstraint1.drawStyle

2026-07-08 17:14:08 - MayaTools.CNTManager3 - WARNING - [CNTManager3] 실패 - rig_ready:export:FACIAL_R_JawRecess_scaleConstraint1.drawStyle: setAttr: No object matches name: rig_ready:export:FACIAL_R_JawRecess_scaleConstraint1.drawStyle

2026-07-08 17:14:08 - MayaTools.CNTManager3 - WARNING - [CNTManager3] 실패 - rig_ready:export:FACIAL_L_Masseter_parentConstraint1.drawStyle: setAttr: No object matches name: rig_ready:export:FACIAL_L_Masseter_parentConstraint1.drawStyle

2026-07-08 17:14:08 - MayaTools.CNTManager3 - WARNING - [CNTManager3] 실패 - rig_ready:export:FACIAL_L_Masseter_scaleConstraint1.drawStyle: setAttr: No object matches name: rig_ready:export:FACIAL_L_Masseter_scaleConstraint1.drawStyle

2026-07-08 17:14:08 - MayaTools.CNTManager3 - WARNING - [CNTManager3] 실패 - rig_ready:export:FACIAL_R_Masseter_parentConstraint1.drawStyle: setAttr: No object matches name: rig_ready:export:FACIAL_R_Masseter_parentConstraint1.drawStyle

2026-07-08 17:14:08 - MayaTools.CNTManager3 - WARNING - [CNTManager3] 실패 - rig_ready:export:FACIAL_R_Masseter_scaleConstraint1.drawStyle: setAttr: No object matches name: rig_ready:export:FACIAL_R_Masseter_scaleConstraint1.drawStyle

2026-07-08 17:14:08 - MayaTools.CNTManager3 - WARNING - [CNTManager3] 실패 - rig_ready:export:FACIAL_C_UnderChin_parentConstraint1.drawStyle: setAttr: No object matches name: rig_ready:export:FACIAL_C_UnderChin_parentConstraint1.drawStyle

2026-07-08 17:14:08 - MayaTools.CNTManager3 - WARNING - [CNTManager3] 실패 - rig_ready:export:FACIAL_C_UnderChin_scaleConstraint1.drawStyle: setAttr: No object matches name: rig_ready:export:FACIAL_C_UnderChin_scaleConstraint1.drawStyle

2026-07-08 17:14:08 - MayaTools.CNTManager3 - WARNING - [CNTManager3] 실패 - rig_ready:export:FACIAL_L_12IPV_UnderChin1_parentConstraint1.drawStyle: setAttr: No object matches name: rig_ready:export:FACIAL_L_12IPV_UnderChin1_parentConstraint1.drawStyle

2026-07-08 17:14:08 - MayaTools.CNTManager3 - WARNING - [CNTManager3] 실패 - rig_ready:export:FACIAL_L_12IPV_UnderChin1_scaleConstraint1.drawStyle: setAttr: No object matches name: rig_ready:export:FACIAL_L_12IPV_UnderChin1_scaleConstraint1.drawStyle

2026-07-08 17:14:08 - MayaTools.CNTManager3 - WARNING - [CNTManager3] 실패 - rig_ready:export:FACIAL_R_12IPV_UnderChin1_parentConstraint1.drawStyle: setAttr: No object matches name: rig_ready:export:FACIAL_R_12IPV_UnderChin1_parentConstraint1.drawStyle

2026-07-08 17:14:08 - MayaTools.CNTManager3 - WARNING - [CNTManager3] 실패 - rig_ready:export:FACIAL_R_12IPV_UnderChin1_scaleConstraint1.drawStyle: setAttr: No object matches name: rig_ready:export:FACIAL_R_12IPV_UnderChin1_scaleConstraint1.drawStyle

2026-07-08 17:14:08 - MayaTools.CNTManager3 - WARNING - [CNTManager3] 실패 - rig_ready:export:FACIAL_L_12IPV_UnderChin2_parentConstraint1.drawStyle: setAttr: No object matches name: rig_ready:export:FACIAL_L_12IPV_UnderChin2_parentConstraint1.drawStyle

2026-07-08 17:14:08 - MayaTools.CNTManager3 - WARNING - [CNTManager3] 실패 - rig_ready:export:FACIAL_L_12IPV_UnderChin2_scaleConstraint1.drawStyle: setAttr: No object matches name: rig_ready:export:FACIAL_L_12IPV_UnderChin2_scaleConstraint1.drawStyle

2026-07-08 17:14:08 - MayaTools.CNTManager3 - WARNING - [CNTManager3] 실패 - rig_ready:export:FACIAL_R_12IPV_UnderChin2_parentConstraint1.drawStyle: setAttr: No object matches name: rig_ready:export:FACIAL_R_12IPV_UnderChin2_parentConstraint1.drawStyle

2026-07-08 17:14:08 - MayaTools.CNTManager3 - WARNING - [CNTManager3] 실패 - rig_ready:export:FACIAL_R_12IPV_UnderChin2_scaleConstraint1.drawStyle: setAttr: No object matches name: rig_ready:export:FACIAL_R_12IPV_UnderChin2_scaleConstraint1.drawStyle

2026-07-08 17:14:08 - MayaTools.CNTManager3 - WARNING - [CNTManager3] 실패 - rig_ready:export:FACIAL_L_UnderChin_parentConstraint1.drawStyle: setAttr: No object matches name: rig_ready:export:FACIAL_L_UnderChin_parentConstraint1.drawStyle

2026-07-08 17:14:08 - MayaTools.CNTManager3 - WARNING - [CNTManager3] 실패 - rig_ready:export:FACIAL_L_UnderChin_scaleConstraint1.drawStyle: setAttr: No object matches name: rig_ready:export:FACIAL_L_UnderChin_scaleConstraint1.drawStyle

2026-07-08 17:14:08 - MayaTools.CNTManager3 - WARNING - [CNTManager3] 실패 - rig_ready:export:FACIAL_R_UnderChin_parentConstraint1.drawStyle: setAttr: No object matches name: rig_ready:export:FACIAL_R_UnderChin_parentConstraint1.drawStyle

2026-07-08 17:14:08 - MayaTools.CNTManager3 - WARNING - [CNTManager3] 실패 - rig_ready:export:FACIAL_R_UnderChin_scaleConstraint1.drawStyle: setAttr: No object matches name: rig_ready:export:FACIAL_R_UnderChin_scaleConstraint1.drawStyle

2026-07-08 17:14:08 - MayaTools.CNTManager3 - WARNING - [CNTManager3] 실패 - rig_ready:export:FACIAL_L_12IPV_UnderChin3_parentConstraint1.drawStyle: setAttr: No object matches name: rig_ready:export:FACIAL_L_12IPV_UnderChin3_parentConstraint1.drawStyle

2026-07-08 17:14:08 - MayaTools.CNTManager3 - WARNING - [CNTManager3] 실패 - rig_ready:export:FACIAL_L_12IPV_UnderChin3_scaleConstraint1.drawStyle: setAttr: No object matches name: rig_ready:export:FACIAL_L_12IPV_UnderChin3_scaleConstraint1.drawStyle

2026-07-08 17:14:08 - MayaTools.CNTManager3 - WARNING - [CNTManager3] 실패 - rig_ready:export:FACIAL_R_12IPV_UnderChin3_parentConstraint1.drawStyle: setAttr: No object matches name: rig_ready:export:FACIAL_R_12IPV_UnderChin3_parentConstraint1.drawStyle

2026-07-08 17:14:08 - MayaTools.CNTManager3 - WARNING - [CNTManager3] 실패 - rig_ready:export:FACIAL_R_12IPV_UnderChin3_scaleConstraint1.drawStyle: setAttr: No object matches name: rig_ready:export:FACIAL_R_12IPV_UnderChin3_scaleConstraint1.drawStyle

2026-07-08 17:14:08 - MayaTools.CNTManager3 - WARNING - [CNTManager3] 실패 - rig_ready:export:FACIAL_L_12IPV_UnderChin4_parentConstraint1.drawStyle: setAttr: No object matches name: rig_ready:export:FACIAL_L_12IPV_UnderChin4_parentConstraint1.drawStyle

2026-07-08 17:14:08 - MayaTools.CNTManager3 - WARNING - [CNTManager3] 실패 - rig_ready:export:FACIAL_L_12IPV_UnderChin4_scaleConstraint1.drawStyle: setAttr: No object matches name: rig_ready:export:FACIAL_L_12IPV_UnderChin4_scaleConstraint1.drawStyle

2026-07-08 17:14:08 - MayaTools.CNTManager3 - WARNING - [CNTManager3] 실패 - rig_ready:export:FACIAL_R_12IPV_UnderChin4_parentConstraint1.drawStyle: setAttr: No object matches name: rig_ready:export:FACIAL_R_12IPV_UnderChin4_parentConstraint1.drawStyle

2026-07-08 17:14:08 - MayaTools.CNTManager3 - WARNING - [CNTManager3] 실패 - rig_ready:export:FACIAL_R_12IPV_UnderChin4_scaleConstraint1.drawStyle: setAttr: No object matches name: rig_ready:export:FACIAL_R_12IPV_UnderChin4_scaleConstraint1.drawStyle

2026-07-08 17:14:08 - MayaTools.CNTManager3 - WARNING - [CNTManager3] 실패 - rig_ready:export:FACIAL_L_12IPV_UnderChin5_parentConstraint1.drawStyle: setAttr: No object matches name: rig_ready:export:FACIAL_L_12IPV_UnderChin5_parentConstraint1.drawStyle

2026-07-08 17:14:08 - MayaTools.CNTManager3 - WARNING - [CNTManager3] 실패 - rig_ready:export:FACIAL_L_12IPV_UnderChin5_scaleConstraint1.drawStyle: setAttr: No object matches name: rig_ready:export:FACIAL_L_12IPV_UnderChin5_scaleConstraint1.drawStyle

2026-07-08 17:14:08 - MayaTools.CNTManager3 - WARNING - [CNTManager3] 실패 - rig_ready:export:FACIAL_R_12IPV_UnderChin5_parentConstraint1.drawStyle: setAttr: No object matches name: rig_ready:export:FACIAL_R_12IPV_UnderChin5_parentConstraint1.drawStyle

2026-07-08 17:14:08 - MayaTools.CNTManager3 - WARNING - [CNTManager3] 실패 - rig_ready:export:FACIAL_R_12IPV_UnderChin5_scaleConstraint1.drawStyle: setAttr: No object matches name: rig_ready:export:FACIAL_R_12IPV_UnderChin5_scaleConstraint1.drawStyle

2026-07-08 17:14:08 - MayaTools.CNTManager3 - WARNING - [CNTManager3] 실패 - rig_ready:export:FACIAL_L_12IPV_UnderChin6_parentConstraint1.drawStyle: setAttr: No object matches name: rig_ready:export:FACIAL_L_12IPV_UnderChin6_parentConstraint1.drawStyle

2026-07-08 17:14:08 - MayaTools.CNTManager3 - WARNING - [CNTManager3] 실패 - rig_ready:export:FACIAL_L_12IPV_UnderChin6_scaleConstraint1.drawStyle: setAttr: No object matches name: rig_ready:export:FACIAL_L_12IPV_UnderChin6_scaleConstraint1.drawStyle

2026-07-08 17:14:08 - MayaTools.CNTManager3 - WARNING - [CNTManager3] 실패 - rig_ready:export:FACIAL_R_12IPV_UnderChin6_parentConstraint1.drawStyle: setAttr: No object matches name: rig_ready:export:FACIAL_R_12IPV_UnderChin6_parentConstraint1.drawStyle

2026-07-08 17:14:08 - MayaTools.CNTManager3 - WARNING - [CNTManager3] 실패 - rig_ready:export:FACIAL_R_12IPV_UnderChin6_scaleConstraint1.drawStyle: setAttr: No object matches name: rig_ready:export:FACIAL_R_12IPV_UnderChin6_scaleConstraint1.drawStyle

2026-07-08 17:14:08 - MayaTools.CNTManager3 - WARNING - [CNTManager3] 실패 - rig_ready:export:FACIAL_C_TeethUpper_parentConstraint1.drawStyle: setAttr: No object matches name: rig_ready:export:FACIAL_C_TeethUpper_parentConstraint1.drawStyle

2026-07-08 17:14:08 - MayaTools.CNTManager3 - WARNING - [CNTManager3] 실패 - rig_ready:export:FACIAL_C_TeethUpper_scaleConstraint1.drawStyle: setAttr: No object matches name: rig_ready:export:FACIAL_C_TeethUpper_scaleConstraint1.drawStyle

2026-07-08 17:14:08 - MayaTools.CNTManager3 - WARNING - [CNTManager3] 실패 - rig_ready:export:FACIAL_C_LipLowerSkin_parentConstraint1.drawStyle: setAttr: No object matches name: rig_ready:export:FACIAL_C_LipLowerSkin_parentConstraint1.drawStyle

2026-07-08 17:14:08 - MayaTools.CNTManager3 - WARNING - [CNTManager3] 실패 - rig_ready:export:FACIAL_C_LipLowerSkin_scaleConstraint1.drawStyle: setAttr: No object matches name: rig_ready:export:FACIAL_C_LipLowerSkin_scaleConstraint1.drawStyle

2026-07-08 17:14:08 - MayaTools.CNTManager3 - WARNING - [CNTManager3] 실패 - rig_ready:export:FACIAL_L_LipLowerSkin_parentConstraint1.drawStyle: setAttr: No object matches name: rig_ready:export:FACIAL_L_LipLowerSkin_parentConstraint1.drawStyle

2026-07-08 17:14:08 - MayaTools.CNTManager3 - WARNING - [CNTManager3] 실패 - rig_ready:export:FACIAL_L_LipLowerSkin_scaleConstraint1.drawStyle: setAttr: No object matches name: rig_ready:export:FACIAL_L_LipLowerSkin_scaleConstraint1.drawStyle

2026-07-08 17:14:08 - MayaTools.CNTManager3 - WARNING - [CNTManager3] 실패 - rig_ready:export:FACIAL_R_LipLowerSkin_parentConstraint1.drawStyle: setAttr: No object matches name: rig_ready:export:FACIAL_R_LipLowerSkin_parentConstraint1.drawStyle

2026-07-08 17:14:08 - MayaTools.CNTManager3 - WARNING - [CNTManager3] 실패 - rig_ready:export:FACIAL_R_LipLowerSkin_scaleConstraint1.drawStyle: setAttr: No object matches name: rig_ready:export:FACIAL_R_LipLowerSkin_scaleConstraint1.drawStyle

2026-07-08 17:14:08 - MayaTools.CNTManager3 - WARNING - [CNTManager3] 실패 - rig_ready:export:FACIAL_L_LipLowerOuterSkin_parentConstraint1.drawStyle: setAttr: No object matches name: rig_ready:export:FACIAL_L_LipLowerOuterSkin_parentConstraint1.drawStyle

2026-07-08 17:14:08 - MayaTools.CNTManager3 - WARNING - [CNTManager3] 실패 - rig_ready:export:FACIAL_L_LipLowerOuterSkin_scaleConstraint1.drawStyle: setAttr: No object matches name: rig_ready:export:FACIAL_L_LipLowerOuterSkin_scaleConstraint1.drawStyle

2026-07-08 17:14:08 - MayaTools.CNTManager3 - WARNING - [CNTManager3] 실패 - rig_ready:export:FACIAL_R_LipLowerOuterSkin_parentConstraint1.drawStyle: setAttr: No object matches name: rig_ready:export:FACIAL_R_LipLowerOuterSkin_parentConstraint1.drawStyle

2026-07-08 17:14:08 - MayaTools.CNTManager3 - WARNING - [CNTManager3] 실패 - rig_ready:export:FACIAL_R_LipLowerOuterSkin_scaleConstraint1.drawStyle: setAttr: No object matches name: rig_ready:export:FACIAL_R_LipLowerOuterSkin_scaleConstraint1.drawStyle

2026-07-08 17:14:08 - MayaTools.CNTManager3 - WARNING - [CNTManager3] 실패 - rig_ready:export:FACIAL_C_12IPV_LipLowerSkin1_parentConstraint1.drawStyle: setAttr: No object matches name: rig_ready:export:FACIAL_C_12IPV_LipLowerSkin1_parentConstraint1.drawStyle

2026-07-08 17:14:08 - MayaTools.CNTManager3 - WARNING - [CNTManager3] 실패 - rig_ready:export:FACIAL_C_12IPV_LipLowerSkin1_scaleConstraint1.drawStyle: setAttr: No object matches name: rig_ready:export:FACIAL_C_12IPV_LipLowerSkin1_scaleConstraint1.drawStyle

2026-07-08 17:14:08 - MayaTools.CNTManager3 - WARNING - [CNTManager3] 실패 - rig_ready:export:FACIAL_C_12IPV_LipLowerSkin2_parentConstraint1.drawStyle: setAttr: No object matches name: rig_ready:export:FACIAL_C_12IPV_LipLowerSkin2_parentConstraint1.drawStyle

2026-07-08 17:14:08 - MayaTools.CNTManager3 - WARNING - [CNTManager3] 실패 - rig_ready:export:FACIAL_C_12IPV_LipLowerSkin2_scaleConstraint1.drawStyle: setAttr: No object matches name: rig_ready:export:FACIAL_C_12IPV_LipLowerSkin2_scaleConstraint1.drawStyle

2026-07-08 17:14:08 - MayaTools.CNTManager3 - WARNING - [CNTManager3] 실패 - rig_ready:export:FACIAL_L_12IPV_LipLowerSkin_parentConstraint1.drawStyle: setAttr: No object matches name: rig_ready:export:FACIAL_L_12IPV_LipLowerSkin_parentConstraint1.drawStyle

2026-07-08 17:14:08 - MayaTools.CNTManager3 - WARNING - [CNTManager3] 실패 - rig_ready:export:FACIAL_L_12IPV_LipLowerSkin_scaleConstraint1.drawStyle: setAttr: No object matches name: rig_ready:export:FACIAL_L_12IPV_LipLowerSkin_scaleConstraint1.drawStyle

2026-07-08 17:14:08 - MayaTools.CNTManager3 - WARNING - [CNTManager3] 실패 - rig_ready:export:FACIAL_R_12IPV_LipLowerSkin_parentConstraint1.drawStyle: setAttr: No object matches name: rig_ready:export:FACIAL_R_12IPV_LipLowerSkin_parentConstraint1.drawStyle

2026-07-08 17:14:08 - MayaTools.CNTManager3 - WARNING - [CNTManager3] 실패 - rig_ready:export:FACIAL_R_12IPV_LipLowerSkin_scaleConstraint1.drawStyle: setAttr: No object matches name: rig_ready:export:FACIAL_R_12IPV_LipLowerSkin_scaleConstraint1.drawStyle

2026-07-08 17:14:08 - MayaTools.CNTManager3 - WARNING - [CNTManager3] 실패 - rig_ready:export:FACIAL_L_12IPV_LipLowerOuterSkin1_parentConstraint1.drawStyle: setAttr: No object matches name: rig_ready:export:FACIAL_L_12IPV_LipLowerOuterSkin1_parentConstraint1.drawStyle

2026-07-08 17:14:08 - MayaTools.CNTManager3 - WARNING - [CNTManager3] 실패 - rig_ready:export:FACIAL_L_12IPV_LipLowerOuterSkin1_scaleConstraint1.drawStyle: setAttr: No object matches name: rig_ready:export:FACIAL_L_12IPV_LipLowerOuterSkin1_scaleConstraint1.drawStyle

2026-07-08 17:14:08 - MayaTools.CNTManager3 - WARNING - [CNTManager3] 실패 - rig_ready:export:FACIAL_R_12IPV_LipLowerOuterSkin1_parentConstraint1.drawStyle: setAttr: No object matches name: rig_ready:export:FACIAL_R_12IPV_LipLowerOuterSkin1_parentConstraint1.drawStyle

2026-07-08 17:14:08 - MayaTools.CNTManager3 - WARNING - [CNTManager3] 실패 - rig_ready:export:FACIAL_R_12IPV_LipLowerOuterSkin1_scaleConstraint1.drawStyle: setAttr: No object matches name: rig_ready:export:FACIAL_R_12IPV_LipLowerOuterSkin1_scaleConstraint1.drawStyle

2026-07-08 17:14:08 - MayaTools.CNTManager3 - WARNING - [CNTManager3] 실패 - rig_ready:export:FACIAL_L_12IPV_LipLowerOuterSkin2_parentConstraint1.drawStyle: setAttr: No object matches name: rig_ready:export:FACIAL_L_12IPV_LipLowerOuterSkin2_parentConstraint1.drawStyle

2026-07-08 17:14:08 - MayaTools.CNTManager3 - WARNING - [CNTManager3] 실패 - rig_ready:export:FACIAL_L_12IPV_LipLowerOuterSkin2_scaleConstraint1.drawStyle: setAttr: No object matches name: rig_ready:export:FACIAL_L_12IPV_LipLowerOuterSkin2_scaleConstraint1.drawStyle

2026-07-08 17:14:08 - MayaTools.CNTManager3 - WARNING - [CNTManager3] 실패 - rig_ready:export:FACIAL_R_12IPV_LipLowerOuterSkin2_parentConstraint1.drawStyle: setAttr: No object matches name: rig_ready:export:FACIAL_R_12IPV_LipLowerOuterSkin2_parentConstraint1.drawStyle

2026-07-08 17:14:08 - MayaTools.CNTManager3 - WARNING - [CNTManager3] 실패 - rig_ready:export:FACIAL_R_12IPV_LipLowerOuterSkin2_scaleConstraint1.drawStyle: setAttr: No object matches name: rig_ready:export:FACIAL_R_12IPV_LipLowerOuterSkin2_scaleConstraint1.drawStyle

2026-07-08 17:14:08 - MayaTools.CNTManager3 - WARNING - [CNTManager3] 실패 - rig_ready:export:FACIAL_L_12IPV_LipLowerOuterSkin3_parentConstraint1.drawStyle: setAttr: No object matches name: rig_ready:export:FACIAL_L_12IPV_LipLowerOuterSkin3_parentConstraint1.drawStyle

2026-07-08 17:14:08 - MayaTools.CNTManager3 - WARNING - [CNTManager3] 실패 - rig_ready:export:FACIAL_L_12IPV_LipLowerOuterSkin3_scaleConstraint1.drawStyle: setAttr: No object matches name: rig_ready:export:FACIAL_L_12IPV_LipLowerOuterSkin3_scaleConstraint1.drawStyle

2026-07-08 17:14:08 - MayaTools.CNTManager3 - WARNING - [CNTManager3] 실패 - rig_ready:export:FACIAL_R_12IPV_LipLowerOuterSkin3_parentConstraint1.drawStyle: setAttr: No object matches name: rig_ready:export:FACIAL_R_12IPV_LipLowerOuterSkin3_parentConstraint1.drawStyle

2026-07-08 17:14:08 - MayaTools.CNTManager3 - WARNING - [CNTManager3] 실패 - rig_ready:export:FACIAL_R_12IPV_LipLowerOuterSkin3_scaleConstraint1.drawStyle: setAttr: No object matches name: rig_ready:export:FACIAL_R_12IPV_LipLowerOuterSkin3_scaleConstraint1.drawStyle

2026-07-08 17:14:08 - MayaTools.CNTManager3 - WARNING - [CNTManager3] 실패 - rig_ready:export:FACIAL_L_12IPV_MouthInteriorLower1_parentConstraint1.drawStyle: setAttr: No object matches name: rig_ready:export:FACIAL_L_12IPV_MouthInteriorLower1_parentConstraint1.drawStyle

2026-07-08 17:14:08 - MayaTools.CNTManager3 - WARNING - [CNTManager3] 실패 - rig_ready:export:FACIAL_L_12IPV_MouthInteriorLower1_scaleConstraint1.drawStyle: setAttr: No object matches name: rig_ready:export:FACIAL_L_12IPV_MouthInteriorLower1_scaleConstraint1.drawStyle

2026-07-08 17:14:08 - MayaTools.CNTManager3 - WARNING - [CNTManager3] 실패 - rig_ready:export:FACIAL_R_12IPV_MouthInteriorLower1_parentConstraint1.drawStyle: setAttr: No object matches name: rig_ready:export:FACIAL_R_12IPV_MouthInteriorLower1_parentConstraint1.drawStyle

2026-07-08 17:14:08 - MayaTools.CNTManager3 - WARNING - [CNTManager3] 실패 - rig_ready:export:FACIAL_R_12IPV_MouthInteriorLower1_scaleConstraint1.drawStyle: setAttr: No object matches name: rig_ready:export:FACIAL_R_12IPV_MouthInteriorLower1_scaleConstraint1.drawStyle

2026-07-08 17:14:08 - MayaTools.CNTManager3 - WARNING - [CNTManager3] 실패 - rig_ready:export:FACIAL_L_12IPV_MouthInteriorLower2_parentConstraint1.drawStyle: setAttr: No object matches name: rig_ready:export:FACIAL_L_12IPV_MouthInteriorLower2_parentConstraint1.drawStyle

2026-07-08 17:14:08 - MayaTools.CNTManager3 - WARNING - [CNTManager3] 실패 - rig_ready:export:FACIAL_L_12IPV_MouthInteriorLower2_scaleConstraint1.drawStyle: setAttr: No object matches name: rig_ready:export:FACIAL_L_12IPV_MouthInteriorLower2_scaleConstraint1.drawStyle

2026-07-08 17:14:08 - MayaTools.CNTManager3 - WARNING - [CNTManager3] 실패 - rig_ready:export:FACIAL_R_12IPV_MouthInteriorLower2_parentConstraint1.drawStyle: setAttr: No object matches name: rig_ready:export:FACIAL_R_12IPV_MouthInteriorLower2_parentConstraint1.drawStyle

2026-07-08 17:14:08 - MayaTools.CNTManager3 - WARNING - [CNTManager3] 실패 - rig_ready:export:FACIAL_R_12IPV_MouthInteriorLower2_scaleConstraint1.drawStyle: setAttr: No object matches name: rig_ready:export:FACIAL_R_12IPV_MouthInteriorLower2_scaleConstraint1.drawStyle

2026-07-08 17:14:08 - MayaTools.CNTManager3 - WARNING - [CNTManager3] 실패 - rig_ready:export:FACIAL_C_LipLower1_parentConstraint1.drawStyle: setAttr: No object matches name: rig_ready:export:FACIAL_C_LipLower1_parentConstraint1.drawStyle

2026-07-08 17:14:08 - MayaTools.CNTManager3 - WARNING - [CNTManager3] 실패 - rig_ready:export:FACIAL_C_LipLower1_scaleConstraint1.drawStyle: setAttr: No object matches name: rig_ready:export:FACIAL_C_LipLower1_scaleConstraint1.drawStyle

2026-07-08 17:14:08 - MayaTools.CNTManager3 - WARNING - [CNTManager3] 실패 - rig_ready:export:FACIAL_C_LipLower2_parentConstraint1.drawStyle: setAttr: No object matches name: rig_ready:export:FACIAL_C_LipLower2_parentConstraint1.drawStyle

2026-07-08 17:14:08 - MayaTools.CNTManager3 - WARNING - [CNTManager3] 실패 - rig_ready:export:FACIAL_C_LipLower2_scaleConstraint1.drawStyle: setAttr: No object matches name: rig_ready:export:FACIAL_C_LipLower2_scaleConstraint1.drawStyle

2026-07-08 17:14:08 - MayaTools.CNTManager3 - WARNING - [CNTManager3] 실패 - rig_ready:export:FACIAL_C_LipLower3_parentConstraint1.drawStyle: setAttr: No object matches name: rig_ready:export:FACIAL_C_LipLower3_parentConstraint1.drawStyle

2026-07-08 17:14:08 - MayaTools.CNTManager3 - WARNING - [CNTManager3] 실패 - rig_ready:export:FACIAL_C_LipLower3_scaleConstraint1.drawStyle: setAttr: No object matches name: rig_ready:export:FACIAL_C_LipLower3_scaleConstraint1.drawStyle

2026-07-08 17:14:08 - MayaTools.CNTManager3 - WARNING - [CNTManager3] 실패 - rig_ready:export:FACIAL_L_12IPV_LipLower1_parentConstraint1.drawStyle: setAttr: No object matches name: rig_ready:export:FACIAL_L_12IPV_LipLower1_parentConstraint1.drawStyle

2026-07-08 17:14:08 - MayaTools.CNTManager3 - WARNING - [CNTManager3] 실패 - rig_ready:export:FACIAL_L_12IPV_LipLower1_scaleConstraint1.drawStyle: setAttr: No object matches name: rig_ready:export:FACIAL_L_12IPV_LipLower1_scaleConstraint1.drawStyle

2026-07-08 17:14:08 - MayaTools.CNTManager3 - WARNING - [CNTManager3] 실패 - rig_ready:export:FACIAL_R_12IPV_LipLower1_parentConstraint1.drawStyle: setAttr: No object matches name: rig_ready:export:FACIAL_R_12IPV_LipLower1_parentConstraint1.drawStyle

2026-07-08 17:14:08 - MayaTools.CNTManager3 - WARNING - [CNTManager3] 실패 - rig_ready:export:FACIAL_R_12IPV_LipLower1_scaleConstraint1.drawStyle: setAttr: No object matches name: rig_ready:export:FACIAL_R_12IPV_LipLower1_scaleConstraint1.drawStyle

2026-07-08 17:14:08 - MayaTools.CNTManager3 - WARNING - [CNTManager3] 실패 - rig_ready:export:FACIAL_L_12IPV_LipLower2_parentConstraint1.drawStyle: setAttr: No object matches name: rig_ready:export:FACIAL_L_12IPV_LipLower2_parentConstraint1.drawStyle

2026-07-08 17:14:08 - MayaTools.CNTManager3 - WARNING - [CNTManager3] 실패 - rig_ready:export:FACIAL_L_12IPV_LipLower2_scaleConstraint1.drawStyle: setAttr: No object matches name: rig_ready:export:FACIAL_L_12IPV_LipLower2_scaleConstraint1.drawStyle

2026-07-08 17:14:08 - MayaTools.CNTManager3 - WARNING - [CNTManager3] 실패 - rig_ready:export:FACIAL_R_12IPV_LipLower2_parentConstraint1.drawStyle: setAttr: No object matches name: rig_ready:export:FACIAL_R_12IPV_LipLower2_parentConstraint1.drawStyle

2026-07-08 17:14:08 - MayaTools.CNTManager3 - WARNING - [CNTManager3] 실패 - rig_ready:export:FACIAL_R_12IPV_LipLower2_scaleConstraint1.drawStyle: setAttr: No object matches name: rig_ready:export:FACIAL_R_12IPV_LipLower2_scaleConstraint1.drawStyle

2026-07-08 17:14:08 - MayaTools.CNTManager3 - WARNING - [CNTManager3] 실패 - rig_ready:export:FACIAL_L_12IPV_LipLower3_parentConstraint1.drawStyle: setAttr: No object matches name: rig_ready:export:FACIAL_L_12IPV_LipLower3_parentConstraint1.drawStyle

2026-07-08 17:14:08 - MayaTools.CNTManager3 - WARNING - [CNTManager3] 실패 - rig_ready:export:FACIAL_L_12IPV_LipLower3_scaleConstraint1.drawStyle: setAttr: No object matches name: rig_ready:export:FACIAL_L_12IPV_LipLower3_scaleConstraint1.drawStyle

2026-07-08 17:14:08 - MayaTools.CNTManager3 - WARNING - [CNTManager3] 실패 - rig_ready:export:FACIAL_R_12IPV_LipLower3_parentConstraint1.drawStyle: setAttr: No object matches name: rig_ready:export:FACIAL_R_12IPV_LipLower3_parentConstraint1.drawStyle

2026-07-08 17:14:08 - MayaTools.CNTManager3 - WARNING - [CNTManager3] 실패 - rig_ready:export:FACIAL_R_12IPV_LipLower3_scaleConstraint1.drawStyle: setAttr: No object matches name: rig_ready:export:FACIAL_R_12IPV_LipLower3_scaleConstraint1.drawStyle

2026-07-08 17:14:08 - MayaTools.CNTManager3 - WARNING - [CNTManager3] 실패 - rig_ready:export:FACIAL_L_12IPV_LipLower4_parentConstraint1.drawStyle: setAttr: No object matches name: rig_ready:export:FACIAL_L_12IPV_LipLower4_parentConstraint1.drawStyle

2026-07-08 17:14:08 - MayaTools.CNTManager3 - WARNING - [CNTManager3] 실패 - rig_ready:export:FACIAL_L_12IPV_LipLower4_scaleConstraint1.drawStyle: setAttr: No object matches name: rig_ready:export:FACIAL_L_12IPV_LipLower4_scaleConstraint1.drawStyle

2026-07-08 17:14:08 - MayaTools.CNTManager3 - WARNING - [CNTManager3] 실패 - rig_ready:export:FACIAL_R_12IPV_LipLower4_parentConstraint1.drawStyle: setAttr: No object matches name: rig_ready:export:FACIAL_R_12IPV_LipLower4_parentConstraint1.drawStyle

2026-07-08 17:14:08 - MayaTools.CNTManager3 - WARNING - [CNTManager3] 실패 - rig_ready:export:FACIAL_R_12IPV_LipLower4_scaleConstraint1.drawStyle: setAttr: No object matches name: rig_ready:export:FACIAL_R_12IPV_LipLower4_scaleConstraint1.drawStyle

2026-07-08 17:14:08 - MayaTools.CNTManager3 - WARNING - [CNTManager3] 실패 - rig_ready:export:FACIAL_L_12IPV_LipLower5_parentConstraint1.drawStyle: setAttr: No object matches name: rig_ready:export:FACIAL_L_12IPV_LipLower5_parentConstraint1.drawStyle

2026-07-08 17:14:08 - MayaTools.CNTManager3 - WARNING - [CNTManager3] 실패 - rig_ready:export:FACIAL_L_12IPV_LipLower5_scaleConstraint1.drawStyle: setAttr: No object matches name: rig_ready:export:FACIAL_L_12IPV_LipLower5_scaleConstraint1.drawStyle

2026-07-08 17:14:08 - MayaTools.CNTManager3 - WARNING - [CNTManager3] 실패 - rig_ready:export:FACIAL_R_12IPV_LipLower5_parentConstraint1.drawStyle: setAttr: No object matches name: rig_ready:export:FACIAL_R_12IPV_LipLower5_parentConstraint1.drawStyle

2026-07-08 17:14:08 - MayaTools.CNTManager3 - WARNING - [CNTManager3] 실패 - rig_ready:export:FACIAL_R_12IPV_LipLower5_scaleConstraint1.drawStyle: setAttr: No object matches name: rig_ready:export:FACIAL_R_12IPV_LipLower5_scaleConstraint1.drawStyle

2026-07-08 17:14:08 - MayaTools.CNTManager3 - WARNING - [CNTManager3] 실패 - rig_ready:export:FACIAL_C_LipLower_parentConstraint1.drawStyle: setAttr: No object matches name: rig_ready:export:FACIAL_C_LipLower_parentConstraint1.drawStyle

2026-07-08 17:14:08 - MayaTools.CNTManager3 - WARNING - [CNTManager3] 실패 - rig_ready:export:FACIAL_C_LipLower_scaleConstraint1.drawStyle: setAttr: No object matches name: rig_ready:export:FACIAL_C_LipLower_scaleConstraint1.drawStyle

2026-07-08 17:14:08 - MayaTools.CNTManager3 - WARNING - [CNTManager3] 실패 - rig_ready:export:FACIAL_L_LipLower1_parentConstraint1.drawStyle: setAttr: No object matches name: rig_ready:export:FACIAL_L_LipLower1_parentConstraint1.drawStyle

2026-07-08 17:14:08 - MayaTools.CNTManager3 - WARNING - [CNTManager3] 실패 - rig_ready:export:FACIAL_L_LipLower1_scaleConstraint1.drawStyle: setAttr: No object matches name: rig_ready:export:FACIAL_L_LipLower1_scaleConstraint1.drawStyle

2026-07-08 17:14:08 - MayaTools.CNTManager3 - WARNING - [CNTManager3] 실패 - rig_ready:export:FACIAL_L_LipLower2_parentConstraint1.drawStyle: setAttr: No object matches name: rig_ready:export:FACIAL_L_LipLower2_parentConstraint1.drawStyle

2026-07-08 17:14:08 - MayaTools.CNTManager3 - WARNING - [CNTManager3] 실패 - rig_ready:export:FACIAL_L_LipLower2_scaleConstraint1.drawStyle: setAttr: No object matches name: rig_ready:export:FACIAL_L_LipLower2_scaleConstraint1.drawStyle

2026-07-08 17:14:08 - MayaTools.CNTManager3 - WARNING - [CNTManager3] 실패 - rig_ready:export:FACIAL_L_LipLower3_parentConstraint1.drawStyle: setAttr: No object matches name: rig_ready:export:FACIAL_L_LipLower3_parentConstraint1.drawStyle

2026-07-08 17:14:08 - MayaTools.CNTManager3 - WARNING - [CNTManager3] 실패 - rig_ready:export:FACIAL_L_LipLower3_scaleConstraint1.drawStyle: setAttr: No object matches name: rig_ready:export:FACIAL_L_LipLower3_scaleConstraint1.drawStyle

2026-07-08 17:14:08 - MayaTools.CNTManager3 - WARNING - [CNTManager3] 실패 - rig_ready:export:FACIAL_L_12IPV_LipLower6_parentConstraint1.drawStyle: setAttr: No object matches name: rig_ready:export:FACIAL_L_12IPV_LipLower6_parentConstraint1.drawStyle

2026-07-08 17:14:08 - MayaTools.CNTManager3 - WARNING - [CNTManager3] 실패 - rig_ready:export:FACIAL_L_12IPV_LipLower6_scaleConstraint1.drawStyle: setAttr: No object matches name: rig_ready:export:FACIAL_L_12IPV_LipLower6_scaleConstraint1.drawStyle

2026-07-08 17:14:08 - MayaTools.CNTManager3 - WARNING - [CNTManager3] 실패 - rig_ready:export:FACIAL_L_12IPV_LipLower7_parentConstraint1.drawStyle: setAttr: No object matches name: rig_ready:export:FACIAL_L_12IPV_LipLower7_parentConstraint1.drawStyle

2026-07-08 17:14:08 - MayaTools.CNTManager3 - WARNING - [CNTManager3] 실패 - rig_ready:export:FACIAL_L_12IPV_LipLower7_scaleConstraint1.drawStyle: setAttr: No object matches name: rig_ready:export:FACIAL_L_12IPV_LipLower7_scaleConstraint1.drawStyle

2026-07-08 17:14:08 - MayaTools.CNTManager3 - WARNING - [CNTManager3] 실패 - rig_ready:export:FACIAL_L_12IPV_LipLower8_parentConstraint1.drawStyle: setAttr: No object matches name: rig_ready:export:FACIAL_L_12IPV_LipLower8_parentConstraint1.drawStyle

2026-07-08 17:14:08 - MayaTools.CNTManager3 - WARNING - [CNTManager3] 실패 - rig_ready:export:FACIAL_L_12IPV_LipLower8_scaleConstraint1.drawStyle: setAttr: No object matches name: rig_ready:export:FACIAL_L_12IPV_LipLower8_scaleConstraint1.drawStyle

2026-07-08 17:14:08 - MayaTools.CNTManager3 - WARNING - [CNTManager3] 실패 - rig_ready:export:FACIAL_L_12IPV_LipLower9_parentConstraint1.drawStyle: setAttr: No object matches name: rig_ready:export:FACIAL_L_12IPV_LipLower9_parentConstraint1.drawStyle

2026-07-08 17:14:08 - MayaTools.CNTManager3 - WARNING - [CNTManager3] 실패 - rig_ready:export:FACIAL_L_12IPV_LipLower9_scaleConstraint1.drawStyle: setAttr: No object matches name: rig_ready:export:FACIAL_L_12IPV_LipLower9_scaleConstraint1.drawStyle

2026-07-08 17:14:08 - MayaTools.CNTManager3 - WARNING - [CNTManager3] 실패 - rig_ready:export:FACIAL_L_12IPV_LipLower10_parentConstraint1.drawStyle: setAttr: No object matches name: rig_ready:export:FACIAL_L_12IPV_LipLower10_parentConstraint1.drawStyle

2026-07-08 17:14:08 - MayaTools.CNTManager3 - WARNING - [CNTManager3] 실패 - rig_ready:export:FACIAL_L_12IPV_LipLower10_scaleConstraint1.drawStyle: setAttr: No object matches name: rig_ready:export:FACIAL_L_12IPV_LipLower10_scaleConstraint1.drawStyle

2026-07-08 17:14:08 - MayaTools.CNTManager3 - WARNING - [CNTManager3] 실패 - rig_ready:export:FACIAL_L_12IPV_LipLower11_parentConstraint1.drawStyle: setAttr: No object matches name: rig_ready:export:FACIAL_L_12IPV_LipLower11_parentConstraint1.drawStyle

2026-07-08 17:14:08 - MayaTools.CNTManager3 - WARNING - [CNTManager3] 실패 - rig_ready:export:FACIAL_L_12IPV_LipLower11_scaleConstraint1.drawStyle: setAttr: No object matches name: rig_ready:export:FACIAL_L_12IPV_LipLower11_scaleConstraint1.drawStyle

2026-07-08 17:14:08 - MayaTools.CNTManager3 - WARNING - [CNTManager3] 실패 - rig_ready:export:FACIAL_L_12IPV_LipLower12_parentConstraint1.drawStyle: setAttr: No object matches name: rig_ready:export:FACIAL_L_12IPV_LipLower12_parentConstraint1.drawStyle

2026-07-08 17:14:08 - MayaTools.CNTManager3 - WARNING - [CNTManager3] 실패 - rig_ready:export:FACIAL_L_12IPV_LipLower12_scaleConstraint1.drawStyle: setAttr: No object matches name: rig_ready:export:FACIAL_L_12IPV_LipLower12_scaleConstraint1.drawStyle

2026-07-08 17:14:08 - MayaTools.CNTManager3 - WARNING - [CNTManager3] 실패 - rig_ready:export:FACIAL_L_12IPV_LipLower13_parentConstraint1.drawStyle: setAttr: No object matches name: rig_ready:export:FACIAL_L_12IPV_LipLower13_parentConstraint1.drawStyle

2026-07-08 17:14:08 - MayaTools.CNTManager3 - WARNING - [CNTManager3] 실패 - rig_ready:export:FACIAL_L_12IPV_LipLower13_scaleConstraint1.drawStyle: setAttr: No object matches name: rig_ready:export:FACIAL_L_12IPV_LipLower13_scaleConstraint1.drawStyle

2026-07-08 17:14:08 - MayaTools.CNTManager3 - WARNING - [CNTManager3] 실패 - rig_ready:export:FACIAL_L_12IPV_LipLower14_parentConstraint1.drawStyle: setAttr: No object matches name: rig_ready:export:FACIAL_L_12IPV_LipLower14_parentConstraint1.drawStyle

2026-07-08 17:14:08 - MayaTools.CNTManager3 - WARNING - [CNTManager3] 실패 - rig_ready:export:FACIAL_L_12IPV_LipLower14_scaleConstraint1.drawStyle: setAttr: No object matches name: rig_ready:export:FACIAL_L_12IPV_LipLower14_scaleConstraint1.drawStyle

2026-07-08 17:14:08 - MayaTools.CNTManager3 - WARNING - [CNTManager3] 실패 - rig_ready:export:FACIAL_L_12IPV_LipLower15_parentConstraint1.drawStyle: setAttr: No object matches name: rig_ready:export:FACIAL_L_12IPV_LipLower15_parentConstraint1.drawStyle

2026-07-08 17:14:08 - MayaTools.CNTManager3 - WARNING - [CNTManager3] 실패 - rig_ready:export:FACIAL_L_12IPV_LipLower15_scaleConstraint1.drawStyle: setAttr: No object matches name: rig_ready:export:FACIAL_L_12IPV_LipLower15_scaleConstraint1.drawStyle

2026-07-08 17:14:08 - MayaTools.CNTManager3 - WARNING - [CNTManager3] 실패 - rig_ready:export:FACIAL_L_LipLower_parentConstraint1.drawStyle: setAttr: No object matches name: rig_ready:export:FACIAL_L_LipLower_parentConstraint1.drawStyle

2026-07-08 17:14:08 - MayaTools.CNTManager3 - WARNING - [CNTManager3] 실패 - rig_ready:export:FACIAL_L_LipLower_scaleConstraint1.drawStyle: setAttr: No object matches name: rig_ready:export:FACIAL_L_LipLower_scaleConstraint1.drawStyle

2026-07-08 17:14:08 - MayaTools.CNTManager3 - WARNING - [CNTManager3] 실패 - rig_ready:export:FACIAL_R_LipLower1_parentConstraint1.drawStyle: setAttr: No object matches name: rig_ready:export:FACIAL_R_LipLower1_parentConstraint1.drawStyle

2026-07-08 17:14:08 - MayaTools.CNTManager3 - WARNING - [CNTManager3] 실패 - rig_ready:export:FACIAL_R_LipLower1_scaleConstraint1.drawStyle: setAttr: No object matches name: rig_ready:export:FACIAL_R_LipLower1_scaleConstraint1.drawStyle

2026-07-08 17:14:08 - MayaTools.CNTManager3 - WARNING - [CNTManager3] 실패 - rig_ready:export:FACIAL_R_LipLower2_parentConstraint1.drawStyle: setAttr: No object matches name: rig_ready:export:FACIAL_R_LipLower2_parentConstraint1.drawStyle

2026-07-08 17:14:08 - MayaTools.CNTManager3 - WARNING - [CNTManager3] 실패 - rig_ready:export:FACIAL_R_LipLower2_scaleConstraint1.drawStyle: setAttr: No object matches name: rig_ready:export:FACIAL_R_LipLower2_scaleConstraint1.drawStyle

2026-07-08 17:14:08 - MayaTools.CNTManager3 - WARNING - [CNTManager3] 실패 - rig_ready:export:FACIAL_R_LipLower3_parentConstraint1.drawStyle: setAttr: No object matches name: rig_ready:export:FACIAL_R_LipLower3_parentConstraint1.drawStyle

2026-07-08 17:14:08 - MayaTools.CNTManager3 - WARNING - [CNTManager3] 실패 - rig_ready:export:FACIAL_R_LipLower3_scaleConstraint1.drawStyle: setAttr: No object matches name: rig_ready:export:FACIAL_R_LipLower3_scaleConstraint1.drawStyle

2026-07-08 17:14:08 - MayaTools.CNTManager3 - WARNING - [CNTManager3] 실패 - rig_ready:export:FACIAL_R_12IPV_LipLower6_parentConstraint1.drawStyle: setAttr: No object matches name: rig_ready:export:FACIAL_R_12IPV_LipLower6_parentConstraint1.drawStyle

2026-07-08 17:14:08 - MayaTools.CNTManager3 - WARNING - [CNTManager3] 실패 - rig_ready:export:FACIAL_R_12IPV_LipLower6_scaleConstraint1.drawStyle: setAttr: No object matches name: rig_ready:export:FACIAL_R_12IPV_LipLower6_scaleConstraint1.drawStyle

2026-07-08 17:14:08 - MayaTools.CNTManager3 - WARNING - [CNTManager3] 실패 - rig_ready:export:FACIAL_R_12IPV_LipLower7_parentConstraint1.drawStyle: setAttr: No object matches name: rig_ready:export:FACIAL_R_12IPV_LipLower7_parentConstraint1.drawStyle

2026-07-08 17:14:08 - MayaTools.CNTManager3 - WARNING - [CNTManager3] 실패 - rig_ready:export:FACIAL_R_12IPV_LipLower7_scaleConstraint1.drawStyle: setAttr: No object matches name: rig_ready:export:FACIAL_R_12IPV_LipLower7_scaleConstraint1.drawStyle

2026-07-08 17:14:08 - MayaTools.CNTManager3 - WARNING - [CNTManager3] 실패 - rig_ready:export:FACIAL_R_12IPV_LipLower8_parentConstraint1.drawStyle: setAttr: No object matches name: rig_ready:export:FACIAL_R_12IPV_LipLower8_parentConstraint1.drawStyle

2026-07-08 17:14:08 - MayaTools.CNTManager3 - WARNING - [CNTManager3] 실패 - rig_ready:export:FACIAL_R_12IPV_LipLower8_scaleConstraint1.drawStyle: setAttr: No object matches name: rig_ready:export:FACIAL_R_12IPV_LipLower8_scaleConstraint1.drawStyle

2026-07-08 17:14:08 - MayaTools.CNTManager3 - WARNING - [CNTManager3] 실패 - rig_ready:export:FACIAL_R_12IPV_LipLower9_parentConstraint1.drawStyle: setAttr: No object matches name: rig_ready:export:FACIAL_R_12IPV_LipLower9_parentConstraint1.drawStyle

2026-07-08 17:14:08 - MayaTools.CNTManager3 - WARNING - [CNTManager3] 실패 - rig_ready:export:FACIAL_R_12IPV_LipLower9_scaleConstraint1.drawStyle: setAttr: No object matches name: rig_ready:export:FACIAL_R_12IPV_LipLower9_scaleConstraint1.drawStyle

2026-07-08 17:14:08 - MayaTools.CNTManager3 - WARNING - [CNTManager3] 실패 - rig_ready:export:FACIAL_R_12IPV_LipLower10_parentConstraint1.drawStyle: setAttr: No object matches name: rig_ready:export:FACIAL_R_12IPV_LipLower10_parentConstraint1.drawStyle

2026-07-08 17:14:08 - MayaTools.CNTManager3 - WARNING - [CNTManager3] 실패 - rig_ready:export:FACIAL_R_12IPV_LipLower10_scaleConstraint1.drawStyle: setAttr: No object matches name: rig_ready:export:FACIAL_R_12IPV_LipLower10_scaleConstraint1.drawStyle

2026-07-08 17:14:08 - MayaTools.CNTManager3 - WARNING - [CNTManager3] 실패 - rig_ready:export:FACIAL_R_12IPV_LipLower11_parentConstraint1.drawStyle: setAttr: No object matches name: rig_ready:export:FACIAL_R_12IPV_LipLower11_parentConstraint1.drawStyle

2026-07-08 17:14:08 - MayaTools.CNTManager3 - WARNING - [CNTManager3] 실패 - rig_ready:export:FACIAL_R_12IPV_LipLower11_scaleConstraint1.drawStyle: setAttr: No object matches name: rig_ready:export:FACIAL_R_12IPV_LipLower11_scaleConstraint1.drawStyle

2026-07-08 17:14:08 - MayaTools.CNTManager3 - WARNING - [CNTManager3] 실패 - rig_ready:export:FACIAL_R_12IPV_LipLower12_parentConstraint1.drawStyle: setAttr: No object matches name: rig_ready:export:FACIAL_R_12IPV_LipLower12_parentConstraint1.drawStyle

2026-07-08 17:14:08 - MayaTools.CNTManager3 - WARNING - [CNTManager3] 실패 - rig_ready:export:FACIAL_R_12IPV_LipLower12_scaleConstraint1.drawStyle: setAttr: No object matches name: rig_ready:export:FACIAL_R_12IPV_LipLower12_scaleConstraint1.drawStyle

2026-07-08 17:14:08 - MayaTools.CNTManager3 - WARNING - [CNTManager3] 실패 - rig_ready:export:FACIAL_R_12IPV_LipLower13_parentConstraint1.drawStyle: setAttr: No object matches name: rig_ready:export:FACIAL_R_12IPV_LipLower13_parentConstraint1.drawStyle

2026-07-08 17:14:08 - MayaTools.CNTManager3 - WARNING - [CNTManager3] 실패 - rig_ready:export:FACIAL_R_12IPV_LipLower13_scaleConstraint1.drawStyle: setAttr: No object matches name: rig_ready:export:FACIAL_R_12IPV_LipLower13_scaleConstraint1.drawStyle

2026-07-08 17:14:08 - MayaTools.CNTManager3 - WARNING - [CNTManager3] 실패 - rig_ready:export:FACIAL_R_12IPV_LipLower14_parentConstraint1.drawStyle: setAttr: No object matches name: rig_ready:export:FACIAL_R_12IPV_LipLower14_parentConstraint1.drawStyle

2026-07-08 17:14:08 - MayaTools.CNTManager3 - WARNING - [CNTManager3] 실패 - rig_ready:export:FACIAL_R_12IPV_LipLower14_scaleConstraint1.drawStyle: setAttr: No object matches name: rig_ready:export:FACIAL_R_12IPV_LipLower14_scaleConstraint1.drawStyle

2026-07-08 17:14:08 - MayaTools.CNTManager3 - WARNING - [CNTManager3] 실패 - rig_ready:export:FACIAL_R_12IPV_LipLower15_parentConstraint1.drawStyle: setAttr: No object matches name: rig_ready:export:FACIAL_R_12IPV_LipLower15_parentConstraint1.drawStyle

2026-07-08 17:14:08 - MayaTools.CNTManager3 - WARNING - [CNTManager3] 실패 - rig_ready:export:FACIAL_R_12IPV_LipLower15_scaleConstraint1.drawStyle: setAttr: No object matches name: rig_ready:export:FACIAL_R_12IPV_LipLower15_scaleConstraint1.drawStyle

2026-07-08 17:14:08 - MayaTools.CNTManager3 - WARNING - [CNTManager3] 실패 - rig_ready:export:FACIAL_R_LipLower_parentConstraint1.drawStyle: setAttr: No object matches name: rig_ready:export:FACIAL_R_LipLower_parentConstraint1.drawStyle

2026-07-08 17:14:08 - MayaTools.CNTManager3 - WARNING - [CNTManager3] 실패 - rig_ready:export:FACIAL_R_LipLower_scaleConstraint1.drawStyle: setAttr: No object matches name: rig_ready:export:FACIAL_R_LipLower_scaleConstraint1.drawStyle

2026-07-08 17:14:08 - MayaTools.CNTManager3 - WARNING - [CNTManager3] 실패 - rig_ready:export:FACIAL_L_LipLowerOuter1_parentConstraint1.drawStyle: setAttr: No object matches name: rig_ready:export:FACIAL_L_LipLowerOuter1_parentConstraint1.drawStyle

2026-07-08 17:14:08 - MayaTools.CNTManager3 - WARNING - [CNTManager3] 실패 - rig_ready:export:FACIAL_L_LipLowerOuter1_scaleConstraint1.drawStyle: setAttr: No object matches name: rig_ready:export:FACIAL_L_LipLowerOuter1_scaleConstraint1.drawStyle

2026-07-08 17:14:08 - MayaTools.CNTManager3 - WARNING - [CNTManager3] 실패 - rig_ready:export:FACIAL_L_LipLowerOuter2_parentConstraint1.drawStyle: setAttr: No object matches name: rig_ready:export:FACIAL_L_LipLowerOuter2_parentConstraint1.drawStyle

2026-07-08 17:14:08 - MayaTools.CNTManager3 - WARNING - [CNTManager3] 실패 - rig_ready:export:FACIAL_L_LipLowerOuter2_scaleConstraint1.drawStyle: setAttr: No object matches name: rig_ready:export:FACIAL_L_LipLowerOuter2_scaleConstraint1.drawStyle

2026-07-08 17:14:08 - MayaTools.CNTManager3 - WARNING - [CNTManager3] 실패 - rig_ready:export:FACIAL_L_LipLowerOuter3_parentConstraint1.drawStyle: setAttr: No object matches name: rig_ready:export:FACIAL_L_LipLowerOuter3_parentConstraint1.drawStyle

2026-07-08 17:14:08 - MayaTools.CNTManager3 - WARNING - [CNTManager3] 실패 - rig_ready:export:FACIAL_L_LipLowerOuter3_scaleConstraint1.drawStyle: setAttr: No object matches name: rig_ready:export:FACIAL_L_LipLowerOuter3_scaleConstraint1.drawStyle

2026-07-08 17:14:08 - MayaTools.CNTManager3 - WARNING - [CNTManager3] 실패 - rig_ready:export:FACIAL_L_12IPV_LipLower16_parentConstraint1.drawStyle: setAttr: No object matches name: rig_ready:export:FACIAL_L_12IPV_LipLower16_parentConstraint1.drawStyle

2026-07-08 17:14:08 - MayaTools.CNTManager3 - WARNING - [CNTManager3] 실패 - rig_ready:export:FACIAL_L_12IPV_LipLower16_scaleConstraint1.drawStyle: setAttr: No object matches name: rig_ready:export:FACIAL_L_12IPV_LipLower16_scaleConstraint1.drawStyle

2026-07-08 17:14:08 - MayaTools.CNTManager3 - WARNING - [CNTManager3] 실패 - rig_ready:export:FACIAL_L_12IPV_LipLower17_parentConstraint1.drawStyle: setAttr: No object matches name: rig_ready:export:FACIAL_L_12IPV_LipLower17_parentConstraint1.drawStyle

2026-07-08 17:14:08 - MayaTools.CNTManager3 - WARNING - [CNTManager3] 실패 - rig_ready:export:FACIAL_L_12IPV_LipLower17_scaleConstraint1.drawStyle: setAttr: No object matches name: rig_ready:export:FACIAL_L_12IPV_LipLower17_scaleConstraint1.drawStyle

2026-07-08 17:14:08 - MayaTools.CNTManager3 - WARNING - [CNTManager3] 실패 - rig_ready:export:FACIAL_L_12IPV_LipLower18_parentConstraint1.drawStyle: setAttr: No object matches name: rig_ready:export:FACIAL_L_12IPV_LipLower18_parentConstraint1.drawStyle

2026-07-08 17:14:08 - MayaTools.CNTManager3 - WARNING - [CNTManager3] 실패 - rig_ready:export:FACIAL_L_12IPV_LipLower18_scaleConstraint1.drawStyle: setAttr: No object matches name: rig_ready:export:FACIAL_L_12IPV_LipLower18_scaleConstraint1.drawStyle

2026-07-08 17:14:08 - MayaTools.CNTManager3 - WARNING - [CNTManager3] 실패 - rig_ready:export:FACIAL_L_12IPV_LipLower19_parentConstraint1.drawStyle: setAttr: No object matches name: rig_ready:export:FACIAL_L_12IPV_LipLower19_parentConstraint1.drawStyle

2026-07-08 17:14:08 - MayaTools.CNTManager3 - WARNING - [CNTManager3] 실패 - rig_ready:export:FACIAL_L_12IPV_LipLower19_scaleConstraint1.drawStyle: setAttr: No object matches name: rig_ready:export:FACIAL_L_12IPV_LipLower19_scaleConstraint1.drawStyle

2026-07-08 17:14:08 - MayaTools.CNTManager3 - WARNING - [CNTManager3] 실패 - rig_ready:export:FACIAL_L_12IPV_LipLower20_parentConstraint1.drawStyle: setAttr: No object matches name: rig_ready:export:FACIAL_L_12IPV_LipLower20_parentConstraint1.drawStyle

2026-07-08 17:14:08 - MayaTools.CNTManager3 - WARNING - [CNTManager3] 실패 - rig_ready:export:FACIAL_L_12IPV_LipLower20_scaleConstraint1.drawStyle: setAttr: No object matches name: rig_ready:export:FACIAL_L_12IPV_LipLower20_scaleConstraint1.drawStyle

2026-07-08 17:14:08 - MayaTools.CNTManager3 - WARNING - [CNTManager3] 실패 - rig_ready:export:FACIAL_L_12IPV_LipLower21_parentConstraint1.drawStyle: setAttr: No object matches name: rig_ready:export:FACIAL_L_12IPV_LipLower21_parentConstraint1.drawStyle

2026-07-08 17:14:08 - MayaTools.CNTManager3 - WARNING - [CNTManager3] 실패 - rig_ready:export:FACIAL_L_12IPV_LipLower21_scaleConstraint1.drawStyle: setAttr: No object matches name: rig_ready:export:FACIAL_L_12IPV_LipLower21_scaleConstraint1.drawStyle

2026-07-08 17:14:08 - MayaTools.CNTManager3 - WARNING - [CNTManager3] 실패 - rig_ready:export:FACIAL_L_12IPV_LipLower22_parentConstraint1.drawStyle: setAttr: No object matches name: rig_ready:export:FACIAL_L_12IPV_LipLower22_parentConstraint1.drawStyle

2026-07-08 17:14:08 - MayaTools.CNTManager3 - WARNING - [CNTManager3] 실패 - rig_ready:export:FACIAL_L_12IPV_LipLower22_scaleConstraint1.drawStyle: setAttr: No object matches name: rig_ready:export:FACIAL_L_12IPV_LipLower22_scaleConstraint1.drawStyle

2026-07-08 17:14:08 - MayaTools.CNTManager3 - WARNING - [CNTManager3] 실패 - rig_ready:export:FACIAL_L_12IPV_LipLower23_parentConstraint1.drawStyle: setAttr: No object matches name: rig_ready:export:FACIAL_L_12IPV_LipLower23_parentConstraint1.drawStyle

2026-07-08 17:14:08 - MayaTools.CNTManager3 - WARNING - [CNTManager3] 실패 - rig_ready:export:FACIAL_L_12IPV_LipLower23_scaleConstraint1.drawStyle: setAttr: No object matches name: rig_ready:export:FACIAL_L_12IPV_LipLower23_scaleConstraint1.drawStyle

2026-07-08 17:14:08 - MayaTools.CNTManager3 - WARNING - [CNTManager3] 실패 - rig_ready:export:FACIAL_L_12IPV_LipLower24_parentConstraint1.drawStyle: setAttr: No object matches name: rig_ready:export:FACIAL_L_12IPV_LipLower24_parentConstraint1.drawStyle

2026-07-08 17:14:08 - MayaTools.CNTManager3 - WARNING - [CNTManager3] 실패 - rig_ready:export:FACIAL_L_12IPV_LipLower24_scaleConstraint1.drawStyle: setAttr: No object matches name: rig_ready:export:FACIAL_L_12IPV_LipLower24_scaleConstraint1.drawStyle

2026-07-08 17:14:08 - MayaTools.CNTManager3 - WARNING - [CNTManager3] 실패 - rig_ready:export:FACIAL_L_LipLowerOuter_parentConstraint1.drawStyle: setAttr: No object matches name: rig_ready:export:FACIAL_L_LipLowerOuter_parentConstraint1.drawStyle

2026-07-08 17:14:08 - MayaTools.CNTManager3 - WARNING - [CNTManager3] 실패 - rig_ready:export:FACIAL_L_LipLowerOuter_scaleConstraint1.drawStyle: setAttr: No object matches name: rig_ready:export:FACIAL_L_LipLowerOuter_scaleConstraint1.drawStyle

2026-07-08 17:14:08 - MayaTools.CNTManager3 - WARNING - [CNTManager3] 실패 - rig_ready:export:FACIAL_R_LipLowerOuter1_parentConstraint1.drawStyle: setAttr: No object matches name: rig_ready:export:FACIAL_R_LipLowerOuter1_parentConstraint1.drawStyle

2026-07-08 17:14:08 - MayaTools.CNTManager3 - WARNING - [CNTManager3] 실패 - rig_ready:export:FACIAL_R_LipLowerOuter1_scaleConstraint1.drawStyle: setAttr: No object matches name: rig_ready:export:FACIAL_R_LipLowerOuter1_scaleConstraint1.drawStyle

2026-07-08 17:14:08 - MayaTools.CNTManager3 - WARNING - [CNTManager3] 실패 - rig_ready:export:FACIAL_R_LipLowerOuter2_parentConstraint1.drawStyle: setAttr: No object matches name: rig_ready:export:FACIAL_R_LipLowerOuter2_parentConstraint1.drawStyle

2026-07-08 17:14:08 - MayaTools.CNTManager3 - WARNING - [CNTManager3] 실패 - rig_ready:export:FACIAL_R_LipLowerOuter2_scaleConstraint1.drawStyle: setAttr: No object matches name: rig_ready:export:FACIAL_R_LipLowerOuter2_scaleConstraint1.drawStyle

2026-07-08 17:14:08 - MayaTools.CNTManager3 - WARNING - [CNTManager3] 실패 - rig_ready:export:FACIAL_R_LipLowerOuter3_parentConstraint1.drawStyle: setAttr: No object matches name: rig_ready:export:FACIAL_R_LipLowerOuter3_parentConstraint1.drawStyle

2026-07-08 17:14:08 - MayaTools.CNTManager3 - WARNING - [CNTManager3] 실패 - rig_ready:export:FACIAL_R_LipLowerOuter3_scaleConstraint1.drawStyle: setAttr: No object matches name: rig_ready:export:FACIAL_R_LipLowerOuter3_scaleConstraint1.drawStyle

2026-07-08 17:14:08 - MayaTools.CNTManager3 - WARNING - [CNTManager3] 실패 - rig_ready:export:FACIAL_R_12IPV_LipLower16_parentConstraint1.drawStyle: setAttr: No object matches name: rig_ready:export:FACIAL_R_12IPV_LipLower16_parentConstraint1.drawStyle

2026-07-08 17:14:08 - MayaTools.CNTManager3 - WARNING - [CNTManager3] 실패 - rig_ready:export:FACIAL_R_12IPV_LipLower16_scaleConstraint1.drawStyle: setAttr: No object matches name: rig_ready:export:FACIAL_R_12IPV_LipLower16_scaleConstraint1.drawStyle

2026-07-08 17:14:08 - MayaTools.CNTManager3 - WARNING - [CNTManager3] 실패 - rig_ready:export:FACIAL_R_12IPV_LipLower17_parentConstraint1.drawStyle: setAttr: No object matches name: rig_ready:export:FACIAL_R_12IPV_LipLower17_parentConstraint1.drawStyle

2026-07-08 17:14:08 - MayaTools.CNTManager3 - WARNING - [CNTManager3] 실패 - rig_ready:export:FACIAL_R_12IPV_LipLower17_scaleConstraint1.drawStyle: setAttr: No object matches name: rig_ready:export:FACIAL_R_12IPV_LipLower17_scaleConstraint1.drawStyle

2026-07-08 17:14:08 - MayaTools.CNTManager3 - WARNING - [CNTManager3] 실패 - rig_ready:export:FACIAL_R_12IPV_LipLower18_parentConstraint1.drawStyle: setAttr: No object matches name: rig_ready:export:FACIAL_R_12IPV_LipLower18_parentConstraint1.drawStyle

2026-07-08 17:14:08 - MayaTools.CNTManager3 - WARNING - [CNTManager3] 실패 - rig_ready:export:FACIAL_R_12IPV_LipLower18_scaleConstraint1.drawStyle: setAttr: No object matches name: rig_ready:export:FACIAL_R_12IPV_LipLower18_scaleConstraint1.drawStyle

2026-07-08 17:14:08 - MayaTools.CNTManager3 - WARNING - [CNTManager3] 실패 - rig_ready:export:FACIAL_R_12IPV_LipLower19_parentConstraint1.drawStyle: setAttr: No object matches name: rig_ready:export:FACIAL_R_12IPV_LipLower19_parentConstraint1.drawStyle

2026-07-08 17:14:08 - MayaTools.CNTManager3 - WARNING - [CNTManager3] 실패 - rig_ready:export:FACIAL_R_12IPV_LipLower19_scaleConstraint1.drawStyle: setAttr: No object matches name: rig_ready:export:FACIAL_R_12IPV_LipLower19_scaleConstraint1.drawStyle

2026-07-08 17:14:08 - MayaTools.CNTManager3 - WARNING - [CNTManager3] 실패 - rig_ready:export:FACIAL_R_12IPV_LipLower20_parentConstraint1.drawStyle: setAttr: No object matches name: rig_ready:export:FACIAL_R_12IPV_LipLower20_parentConstraint1.drawStyle

2026-07-08 17:14:08 - MayaTools.CNTManager3 - WARNING - [CNTManager3] 실패 - rig_ready:export:FACIAL_R_12IPV_LipLower20_scaleConstraint1.drawStyle: setAttr: No object matches name: rig_ready:export:FACIAL_R_12IPV_LipLower20_scaleConstraint1.drawStyle

2026-07-08 17:14:08 - MayaTools.CNTManager3 - WARNING - [CNTManager3] 실패 - rig_ready:export:FACIAL_R_12IPV_LipLower21_parentConstraint1.drawStyle: setAttr: No object matches name: rig_ready:export:FACIAL_R_12IPV_LipLower21_parentConstraint1.drawStyle

2026-07-08 17:14:08 - MayaTools.CNTManager3 - WARNING - [CNTManager3] 실패 - rig_ready:export:FACIAL_R_12IPV_LipLower21_scaleConstraint1.drawStyle: setAttr: No object matches name: rig_ready:export:FACIAL_R_12IPV_LipLower21_scaleConstraint1.drawStyle

2026-07-08 17:14:08 - MayaTools.CNTManager3 - WARNING - [CNTManager3] 실패 - rig_ready:export:FACIAL_R_12IPV_LipLower22_parentConstraint1.drawStyle: setAttr: No object matches name: rig_ready:export:FACIAL_R_12IPV_LipLower22_parentConstraint1.drawStyle

2026-07-08 17:14:08 - MayaTools.CNTManager3 - WARNING - [CNTManager3] 실패 - rig_ready:export:FACIAL_R_12IPV_LipLower22_scaleConstraint1.drawStyle: setAttr: No object matches name: rig_ready:export:FACIAL_R_12IPV_LipLower22_scaleConstraint1.drawStyle

2026-07-08 17:14:08 - MayaTools.CNTManager3 - WARNING - [CNTManager3] 실패 - rig_ready:export:FACIAL_R_12IPV_LipLower23_parentConstraint1.drawStyle: setAttr: No object matches name: rig_ready:export:FACIAL_R_12IPV_LipLower23_parentConstraint1.drawStyle

2026-07-08 17:14:08 - MayaTools.CNTManager3 - WARNING - [CNTManager3] 실패 - rig_ready:export:FACIAL_R_12IPV_LipLower23_scaleConstraint1.drawStyle: setAttr: No object matches name: rig_ready:export:FACIAL_R_12IPV_LipLower23_scaleConstraint1.drawStyle

2026-07-08 17:14:08 - MayaTools.CNTManager3 - WARNING - [CNTManager3] 실패 - rig_ready:export:FACIAL_R_12IPV_LipLower24_parentConstraint1.drawStyle: setAttr: No object matches name: rig_ready:export:FACIAL_R_12IPV_LipLower24_parentConstraint1.drawStyle

2026-07-08 17:14:08 - MayaTools.CNTManager3 - WARNING - [CNTManager3] 실패 - rig_ready:export:FACIAL_R_12IPV_LipLower24_scaleConstraint1.drawStyle: setAttr: No object matches name: rig_ready:export:FACIAL_R_12IPV_LipLower24_scaleConstraint1.drawStyle

2026-07-08 17:14:08 - MayaTools.CNTManager3 - WARNING - [CNTManager3] 실패 - rig_ready:export:FACIAL_R_LipLowerOuter_parentConstraint1.drawStyle: setAttr: No object matches name: rig_ready:export:FACIAL_R_LipLowerOuter_parentConstraint1.drawStyle

2026-07-08 17:14:08 - MayaTools.CNTManager3 - WARNING - [CNTManager3] 실패 - rig_ready:export:FACIAL_R_LipLowerOuter_scaleConstraint1.drawStyle: setAttr: No object matches name: rig_ready:export:FACIAL_R_LipLowerOuter_scaleConstraint1.drawStyle

2026-07-08 17:14:08 - MayaTools.CNTManager3 - WARNING - [CNTManager3] 실패 - rig_ready:export:FACIAL_C_MouthLower_parentConstraint1.drawStyle: setAttr: No object matches name: rig_ready:export:FACIAL_C_MouthLower_parentConstraint1.drawStyle

2026-07-08 17:14:08 - MayaTools.CNTManager3 - WARNING - [CNTManager3] 실패 - rig_ready:export:FACIAL_C_MouthLower_scaleConstraint1.drawStyle: setAttr: No object matches name: rig_ready:export:FACIAL_C_MouthLower_scaleConstraint1.drawStyle

2026-07-08 17:14:08 - MayaTools.CNTManager3 - WARNING - [CNTManager3] 실패 - rig_ready:export:FACIAL_C_TongueUpper1_parentConstraint1.drawStyle: setAttr: No object matches name: rig_ready:export:FACIAL_C_TongueUpper1_parentConstraint1.drawStyle

2026-07-08 17:14:08 - MayaTools.CNTManager3 - WARNING - [CNTManager3] 실패 - rig_ready:export:FACIAL_C_TongueUpper1_scaleConstraint1.drawStyle: setAttr: No object matches name: rig_ready:export:FACIAL_C_TongueUpper1_scaleConstraint1.drawStyle

2026-07-08 17:14:08 - MayaTools.CNTManager3 - WARNING - [CNTManager3] 실패 - rig_ready:export:FACIAL_L_TongueSide1_parentConstraint1.drawStyle: setAttr: No object matches name: rig_ready:export:FACIAL_L_TongueSide1_parentConstraint1.drawStyle

2026-07-08 17:14:08 - MayaTools.CNTManager3 - WARNING - [CNTManager3] 실패 - rig_ready:export:FACIAL_L_TongueSide1_scaleConstraint1.drawStyle: setAttr: No object matches name: rig_ready:export:FACIAL_L_TongueSide1_scaleConstraint1.drawStyle

2026-07-08 17:14:08 - MayaTools.CNTManager3 - WARNING - [CNTManager3] 실패 - rig_ready:export:FACIAL_R_TongueSide1_parentConstraint1.drawStyle: setAttr: No object matches name: rig_ready:export:FACIAL_R_TongueSide1_parentConstraint1.drawStyle

2026-07-08 17:14:08 - MayaTools.CNTManager3 - WARNING - [CNTManager3] 실패 - rig_ready:export:FACIAL_R_TongueSide1_scaleConstraint1.drawStyle: setAttr: No object matches name: rig_ready:export:FACIAL_R_TongueSide1_scaleConstraint1.drawStyle

2026-07-08 17:14:08 - MayaTools.CNTManager3 - WARNING - [CNTManager3] 실패 - rig_ready:export:FACIAL_C_TongueUpper2_parentConstraint1.drawStyle: setAttr: No object matches name: rig_ready:export:FACIAL_C_TongueUpper2_parentConstraint1.drawStyle

2026-07-08 17:14:08 - MayaTools.CNTManager3 - WARNING - [CNTManager3] 실패 - rig_ready:export:FACIAL_C_TongueUpper2_scaleConstraint1.drawStyle: setAttr: No object matches name: rig_ready:export:FACIAL_C_TongueUpper2_scaleConstraint1.drawStyle

2026-07-08 17:14:08 - MayaTools.CNTManager3 - WARNING - [CNTManager3] 실패 - rig_ready:export:FACIAL_L_TongueSide2_parentConstraint1.drawStyle: setAttr: No object matches name: rig_ready:export:FACIAL_L_TongueSide2_parentConstraint1.drawStyle

2026-07-08 17:14:08 - MayaTools.CNTManager3 - WARNING - [CNTManager3] 실패 - rig_ready:export:FACIAL_L_TongueSide2_scaleConstraint1.drawStyle: setAttr: No object matches name: rig_ready:export:FACIAL_L_TongueSide2_scaleConstraint1.drawStyle

2026-07-08 17:14:08 - MayaTools.CNTManager3 - WARNING - [CNTManager3] 실패 - rig_ready:export:FACIAL_R_TongueSide2_parentConstraint1.drawStyle: setAttr: No object matches name: rig_ready:export:FACIAL_R_TongueSide2_parentConstraint1.drawStyle

2026-07-08 17:14:08 - MayaTools.CNTManager3 - WARNING - [CNTManager3] 실패 - rig_ready:export:FACIAL_R_TongueSide2_scaleConstraint1.drawStyle: setAttr: No object matches name: rig_ready:export:FACIAL_R_TongueSide2_scaleConstraint1.drawStyle

2026-07-08 17:14:08 - MayaTools.CNTManager3 - WARNING - [CNTManager3] 실패 - rig_ready:export:FACIAL_C_TongueUpper3_parentConstraint1.drawStyle: setAttr: No object matches name: rig_ready:export:FACIAL_C_TongueUpper3_parentConstraint1.drawStyle

2026-07-08 17:14:08 - MayaTools.CNTManager3 - WARNING - [CNTManager3] 실패 - rig_ready:export:FACIAL_C_TongueUpper3_scaleConstraint1.drawStyle: setAttr: No object matches name: rig_ready:export:FACIAL_C_TongueUpper3_scaleConstraint1.drawStyle

2026-07-08 17:14:08 - MayaTools.CNTManager3 - WARNING - [CNTManager3] 실패 - rig_ready:export:FACIAL_C_TongueLower3_parentConstraint1.drawStyle: setAttr: No object matches name: rig_ready:export:FACIAL_C_TongueLower3_parentConstraint1.drawStyle

2026-07-08 17:14:08 - MayaTools.CNTManager3 - WARNING - [CNTManager3] 실패 - rig_ready:export:FACIAL_C_TongueLower3_scaleConstraint1.drawStyle: setAttr: No object matches name: rig_ready:export:FACIAL_C_TongueLower3_scaleConstraint1.drawStyle

2026-07-08 17:14:08 - MayaTools.CNTManager3 - WARNING - [CNTManager3] 실패 - rig_ready:export:FACIAL_L_TongueSide3_parentConstraint1.drawStyle: setAttr: No object matches name: rig_ready:export:FACIAL_L_TongueSide3_parentConstraint1.drawStyle

2026-07-08 17:14:08 - MayaTools.CNTManager3 - WARNING - [CNTManager3] 실패 - rig_ready:export:FACIAL_L_TongueSide3_scaleConstraint1.drawStyle: setAttr: No object matches name: rig_ready:export:FACIAL_L_TongueSide3_scaleConstraint1.drawStyle

2026-07-08 17:14:08 - MayaTools.CNTManager3 - WARNING - [CNTManager3] 실패 - rig_ready:export:FACIAL_R_TongueSide3_parentConstraint1.drawStyle: setAttr: No object matches name: rig_ready:export:FACIAL_R_TongueSide3_parentConstraint1.drawStyle

2026-07-08 17:14:08 - MayaTools.CNTManager3 - WARNING - [CNTManager3] 실패 - rig_ready:export:FACIAL_R_TongueSide3_scaleConstraint1.drawStyle: setAttr: No object matches name: rig_ready:export:FACIAL_R_TongueSide3_scaleConstraint1.drawStyle

2026-07-08 17:14:08 - MayaTools.CNTManager3 - WARNING - [CNTManager3] 실패 - rig_ready:export:FACIAL_L_TongueSide4_parentConstraint1.drawStyle: setAttr: No object matches name: rig_ready:export:FACIAL_L_TongueSide4_parentConstraint1.drawStyle

2026-07-08 17:14:08 - MayaTools.CNTManager3 - WARNING - [CNTManager3] 실패 - rig_ready:export:FACIAL_L_TongueSide4_scaleConstraint1.drawStyle: setAttr: No object matches name: rig_ready:export:FACIAL_L_TongueSide4_scaleConstraint1.drawStyle

2026-07-08 17:14:08 - MayaTools.CNTManager3 - WARNING - [CNTManager3] 실패 - rig_ready:export:FACIAL_R_TongueSide4_parentConstraint1.drawStyle: setAttr: No object matches name: rig_ready:export:FACIAL_R_TongueSide4_parentConstraint1.drawStyle

2026-07-08 17:14:08 - MayaTools.CNTManager3 - WARNING - [CNTManager3] 실패 - rig_ready:export:FACIAL_R_TongueSide4_scaleConstraint1.drawStyle: setAttr: No object matches name: rig_ready:export:FACIAL_R_TongueSide4_scaleConstraint1.drawStyle

2026-07-08 17:14:08 - MayaTools.CNTManager3 - WARNING - [CNTManager3] 실패 - rig_ready:export:FACIAL_C_Tongue4_parentConstraint1.drawStyle: setAttr: No object matches name: rig_ready:export:FACIAL_C_Tongue4_parentConstraint1.drawStyle

2026-07-08 17:14:08 - MayaTools.CNTManager3 - WARNING - [CNTManager3] 실패 - rig_ready:export:FACIAL_C_Tongue4_scaleConstraint1.drawStyle: setAttr: No object matches name: rig_ready:export:FACIAL_C_Tongue4_scaleConstraint1.drawStyle

2026-07-08 17:14:08 - MayaTools.CNTManager3 - WARNING - [CNTManager3] 실패 - rig_ready:export:FACIAL_C_Tongue3_parentConstraint1.drawStyle: setAttr: No object matches name: rig_ready:export:FACIAL_C_Tongue3_parentConstraint1.drawStyle

2026-07-08 17:14:08 - MayaTools.CNTManager3 - WARNING - [CNTManager3] 실패 - rig_ready:export:FACIAL_C_Tongue3_scaleConstraint1.drawStyle: setAttr: No object matches name: rig_ready:export:FACIAL_C_Tongue3_scaleConstraint1.drawStyle

2026-07-08 17:14:08 - MayaTools.CNTManager3 - WARNING - [CNTManager3] 실패 - rig_ready:export:FACIAL_C_Tongue2_parentConstraint1.drawStyle: setAttr: No object matches name: rig_ready:export:FACIAL_C_Tongue2_parentConstraint1.drawStyle

2026-07-08 17:14:08 - MayaTools.CNTManager3 - WARNING - [CNTManager3] 실패 - rig_ready:export:FACIAL_C_Tongue2_scaleConstraint1.drawStyle: setAttr: No object matches name: rig_ready:export:FACIAL_C_Tongue2_scaleConstraint1.drawStyle

2026-07-08 17:14:08 - MayaTools.CNTManager3 - WARNING - [CNTManager3] 실패 - rig_ready:export:FACIAL_C_Tongue1_parentConstraint1.drawStyle: setAttr: No object matches name: rig_ready:export:FACIAL_C_Tongue1_parentConstraint1.drawStyle

2026-07-08 17:14:08 - MayaTools.CNTManager3 - WARNING - [CNTManager3] 실패 - rig_ready:export:FACIAL_C_Tongue1_scaleConstraint1.drawStyle: setAttr: No object matches name: rig_ready:export:FACIAL_C_Tongue1_scaleConstraint1.drawStyle

2026-07-08 17:14:08 - MayaTools.CNTManager3 - WARNING - [CNTManager3] 실패 - rig_ready:export:FACIAL_C_TeethLower_parentConstraint1.drawStyle: setAttr: No object matches name: rig_ready:export:FACIAL_C_TeethLower_parentConstraint1.drawStyle

2026-07-08 17:14:08 - MayaTools.CNTManager3 - WARNING - [CNTManager3] 실패 - rig_ready:export:FACIAL_C_TeethLower_scaleConstraint1.drawStyle: setAttr: No object matches name: rig_ready:export:FACIAL_C_TeethLower_scaleConstraint1.drawStyle

2026-07-08 17:14:08 - MayaTools.CNTManager3 - WARNING - [CNTManager3] 실패 - rig_ready:export:FACIAL_C_LowerLipRotation_parentConstraint1.drawStyle: setAttr: No object matches name: rig_ready:export:FACIAL_C_LowerLipRotation_parentConstraint1.drawStyle

2026-07-08 17:14:08 - MayaTools.CNTManager3 - WARNING - [CNTManager3] 실패 - rig_ready:export:FACIAL_C_LowerLipRotation_scaleConstraint1.drawStyle: setAttr: No object matches name: rig_ready:export:FACIAL_C_LowerLipRotation_scaleConstraint1.drawStyle

2026-07-08 17:14:08 - MayaTools.CNTManager3 - WARNING - [CNTManager3] 실패 - rig_ready:export:FACIAL_C_Jawline_parentConstraint1.drawStyle: setAttr: No object matches name: rig_ready:export:FACIAL_C_Jawline_parentConstraint1.drawStyle

2026-07-08 17:14:08 - MayaTools.CNTManager3 - WARNING - [CNTManager3] 실패 - rig_ready:export:FACIAL_C_Jawline_scaleConstraint1.drawStyle: setAttr: No object matches name: rig_ready:export:FACIAL_C_Jawline_scaleConstraint1.drawStyle

2026-07-08 17:14:08 - MayaTools.CNTManager3 - WARNING - [CNTManager3] 실패 - rig_ready:export:FACIAL_L_12IPV_Jawline1_parentConstraint1.drawStyle: setAttr: No object matches name: rig_ready:export:FACIAL_L_12IPV_Jawline1_parentConstraint1.drawStyle

2026-07-08 17:14:08 - MayaTools.CNTManager3 - WARNING - [CNTManager3] 실패 - rig_ready:export:FACIAL_L_12IPV_Jawline1_scaleConstraint1.drawStyle: setAttr: No object matches name: rig_ready:export:FACIAL_L_12IPV_Jawline1_scaleConstraint1.drawStyle

2026-07-08 17:14:08 - MayaTools.CNTManager3 - WARNING - [CNTManager3] 실패 - rig_ready:export:FACIAL_R_12IPV_Jawline1_parentConstraint1.drawStyle: setAttr: No object matches name: rig_ready:export:FACIAL_R_12IPV_Jawline1_parentConstraint1.drawStyle

2026-07-08 17:14:08 - MayaTools.CNTManager3 - WARNING - [CNTManager3] 실패 - rig_ready:export:FACIAL_R_12IPV_Jawline1_scaleConstraint1.drawStyle: setAttr: No object matches name: rig_ready:export:FACIAL_R_12IPV_Jawline1_scaleConstraint1.drawStyle

2026-07-08 17:14:08 - MayaTools.CNTManager3 - WARNING - [CNTManager3] 실패 - rig_ready:export:FACIAL_L_12IPV_Jawline2_parentConstraint1.drawStyle: setAttr: No object matches name: rig_ready:export:FACIAL_L_12IPV_Jawline2_parentConstraint1.drawStyle

2026-07-08 17:14:08 - MayaTools.CNTManager3 - WARNING - [CNTManager3] 실패 - rig_ready:export:FACIAL_L_12IPV_Jawline2_scaleConstraint1.drawStyle: setAttr: No object matches name: rig_ready:export:FACIAL_L_12IPV_Jawline2_scaleConstraint1.drawStyle

2026-07-08 17:14:08 - MayaTools.CNTManager3 - WARNING - [CNTManager3] 실패 - rig_ready:export:FACIAL_R_12IPV_Jawline2_parentConstraint1.drawStyle: setAttr: No object matches name: rig_ready:export:FACIAL_R_12IPV_Jawline2_parentConstraint1.drawStyle

2026-07-08 17:14:08 - MayaTools.CNTManager3 - WARNING - [CNTManager3] 실패 - rig_ready:export:FACIAL_R_12IPV_Jawline2_scaleConstraint1.drawStyle: setAttr: No object matches name: rig_ready:export:FACIAL_R_12IPV_Jawline2_scaleConstraint1.drawStyle

2026-07-08 17:14:08 - MayaTools.CNTManager3 - WARNING - [CNTManager3] 실패 - rig_ready:export:FACIAL_L_Jawline1_parentConstraint1.drawStyle: setAttr: No object matches name: rig_ready:export:FACIAL_L_Jawline1_parentConstraint1.drawStyle

2026-07-08 17:14:08 - MayaTools.CNTManager3 - WARNING - [CNTManager3] 실패 - rig_ready:export:FACIAL_L_Jawline1_scaleConstraint1.drawStyle: setAttr: No object matches name: rig_ready:export:FACIAL_L_Jawline1_scaleConstraint1.drawStyle

2026-07-08 17:14:08 - MayaTools.CNTManager3 - WARNING - [CNTManager3] 실패 - rig_ready:export:FACIAL_L_Jawline2_parentConstraint1.drawStyle: setAttr: No object matches name: rig_ready:export:FACIAL_L_Jawline2_parentConstraint1.drawStyle

2026-07-08 17:14:08 - MayaTools.CNTManager3 - WARNING - [CNTManager3] 실패 - rig_ready:export:FACIAL_L_Jawline2_scaleConstraint1.drawStyle: setAttr: No object matches name: rig_ready:export:FACIAL_L_Jawline2_scaleConstraint1.drawStyle

2026-07-08 17:14:08 - MayaTools.CNTManager3 - WARNING - [CNTManager3] 실패 - rig_ready:export:FACIAL_L_12IPV_Jawline3_parentConstraint1.drawStyle: setAttr: No object matches name: rig_ready:export:FACIAL_L_12IPV_Jawline3_parentConstraint1.drawStyle

2026-07-08 17:14:08 - MayaTools.CNTManager3 - WARNING - [CNTManager3] 실패 - rig_ready:export:FACIAL_L_12IPV_Jawline3_scaleConstraint1.drawStyle: setAttr: No object matches name: rig_ready:export:FACIAL_L_12IPV_Jawline3_scaleConstraint1.drawStyle

2026-07-08 17:14:08 - MayaTools.CNTManager3 - WARNING - [CNTManager3] 실패 - rig_ready:export:FACIAL_L_12IPV_Jawline4_parentConstraint1.drawStyle: setAttr: No object matches name: rig_ready:export:FACIAL_L_12IPV_Jawline4_parentConstraint1.drawStyle

2026-07-08 17:14:08 - MayaTools.CNTManager3 - WARNING - [CNTManager3] 실패 - rig_ready:export:FACIAL_L_12IPV_Jawline4_scaleConstraint1.drawStyle: setAttr: No object matches name: rig_ready:export:FACIAL_L_12IPV_Jawline4_scaleConstraint1.drawStyle

2026-07-08 17:14:08 - MayaTools.CNTManager3 - WARNING - [CNTManager3] 실패 - rig_ready:export:FACIAL_L_12IPV_Jawline5_parentConstraint1.drawStyle: setAttr: No object matches name: rig_ready:export:FACIAL_L_12IPV_Jawline5_parentConstraint1.drawStyle

2026-07-08 17:14:08 - MayaTools.CNTManager3 - WARNING - [CNTManager3] 실패 - rig_ready:export:FACIAL_L_12IPV_Jawline5_scaleConstraint1.drawStyle: setAttr: No object matches name: rig_ready:export:FACIAL_L_12IPV_Jawline5_scaleConstraint1.drawStyle

2026-07-08 17:14:08 - MayaTools.CNTManager3 - WARNING - [CNTManager3] 실패 - rig_ready:export:FACIAL_L_12IPV_Jawline6_parentConstraint1.drawStyle: setAttr: No object matches name: rig_ready:export:FACIAL_L_12IPV_Jawline6_parentConstraint1.drawStyle

2026-07-08 17:14:08 - MayaTools.CNTManager3 - WARNING - [CNTManager3] 실패 - rig_ready:export:FACIAL_L_12IPV_Jawline6_scaleConstraint1.drawStyle: setAttr: No object matches name: rig_ready:export:FACIAL_L_12IPV_Jawline6_scaleConstraint1.drawStyle

2026-07-08 17:14:08 - MayaTools.CNTManager3 - WARNING - [CNTManager3] 실패 - rig_ready:export:FACIAL_L_Jawline_parentConstraint1.drawStyle: setAttr: No object matches name: rig_ready:export:FACIAL_L_Jawline_parentConstraint1.drawStyle

2026-07-08 17:14:08 - MayaTools.CNTManager3 - WARNING - [CNTManager3] 실패 - rig_ready:export:FACIAL_L_Jawline_scaleConstraint1.drawStyle: setAttr: No object matches name: rig_ready:export:FACIAL_L_Jawline_scaleConstraint1.drawStyle

2026-07-08 17:14:08 - MayaTools.CNTManager3 - WARNING - [CNTManager3] 실패 - rig_ready:export:FACIAL_R_Jawline1_parentConstraint1.drawStyle: setAttr: No object matches name: rig_ready:export:FACIAL_R_Jawline1_parentConstraint1.drawStyle

2026-07-08 17:14:08 - MayaTools.CNTManager3 - WARNING - [CNTManager3] 실패 - rig_ready:export:FACIAL_R_Jawline1_scaleConstraint1.drawStyle: setAttr: No object matches name: rig_ready:export:FACIAL_R_Jawline1_scaleConstraint1.drawStyle

2026-07-08 17:14:08 - MayaTools.CNTManager3 - WARNING - [CNTManager3] 실패 - rig_ready:export:FACIAL_R_Jawline2_parentConstraint1.drawStyle: setAttr: No object matches name: rig_ready:export:FACIAL_R_Jawline2_parentConstraint1.drawStyle

2026-07-08 17:14:08 - MayaTools.CNTManager3 - WARNING - [CNTManager3] 실패 - rig_ready:export:FACIAL_R_Jawline2_scaleConstraint1.drawStyle: setAttr: No object matches name: rig_ready:export:FACIAL_R_Jawline2_scaleConstraint1.drawStyle

2026-07-08 17:14:08 - MayaTools.CNTManager3 - WARNING - [CNTManager3] 실패 - rig_ready:export:FACIAL_R_12IPV_Jawline3_parentConstraint1.drawStyle: setAttr: No object matches name: rig_ready:export:FACIAL_R_12IPV_Jawline3_parentConstraint1.drawStyle

2026-07-08 17:14:08 - MayaTools.CNTManager3 - WARNING - [CNTManager3] 실패 - rig_ready:export:FACIAL_R_12IPV_Jawline3_scaleConstraint1.drawStyle: setAttr: No object matches name: rig_ready:export:FACIAL_R_12IPV_Jawline3_scaleConstraint1.drawStyle

2026-07-08 17:14:08 - MayaTools.CNTManager3 - WARNING - [CNTManager3] 실패 - rig_ready:export:FACIAL_R_12IPV_Jawline4_parentConstraint1.drawStyle: setAttr: No object matches name: rig_ready:export:FACIAL_R_12IPV_Jawline4_parentConstraint1.drawStyle

2026-07-08 17:14:08 - MayaTools.CNTManager3 - WARNING - [CNTManager3] 실패 - rig_ready:export:FACIAL_R_12IPV_Jawline4_scaleConstraint1.drawStyle: setAttr: No object matches name: rig_ready:export:FACIAL_R_12IPV_Jawline4_scaleConstraint1.drawStyle

2026-07-08 17:14:08 - MayaTools.CNTManager3 - WARNING - [CNTManager3] 실패 - rig_ready:export:FACIAL_R_12IPV_Jawline5_parentConstraint1.drawStyle: setAttr: No object matches name: rig_ready:export:FACIAL_R_12IPV_Jawline5_parentConstraint1.drawStyle

2026-07-08 17:14:08 - MayaTools.CNTManager3 - WARNING - [CNTManager3] 실패 - rig_ready:export:FACIAL_R_12IPV_Jawline5_scaleConstraint1.drawStyle: setAttr: No object matches name: rig_ready:export:FACIAL_R_12IPV_Jawline5_scaleConstraint1.drawStyle

2026-07-08 17:14:08 - MayaTools.CNTManager3 - WARNING - [CNTManager3] 실패 - rig_ready:export:FACIAL_R_12IPV_Jawline6_parentConstraint1.drawStyle: setAttr: No object matches name: rig_ready:export:FACIAL_R_12IPV_Jawline6_parentConstraint1.drawStyle

2026-07-08 17:14:08 - MayaTools.CNTManager3 - WARNING - [CNTManager3] 실패 - rig_ready:export:FACIAL_R_12IPV_Jawline6_scaleConstraint1.drawStyle: setAttr: No object matches name: rig_ready:export:FACIAL_R_12IPV_Jawline6_scaleConstraint1.drawStyle

2026-07-08 17:14:08 - MayaTools.CNTManager3 - WARNING - [CNTManager3] 실패 - rig_ready:export:FACIAL_R_Jawline_parentConstraint1.drawStyle: setAttr: No object matches name: rig_ready:export:FACIAL_R_Jawline_parentConstraint1.drawStyle

2026-07-08 17:14:08 - MayaTools.CNTManager3 - WARNING - [CNTManager3] 실패 - rig_ready:export:FACIAL_R_Jawline_scaleConstraint1.drawStyle: setAttr: No object matches name: rig_ready:export:FACIAL_R_Jawline_scaleConstraint1.drawStyle

2026-07-08 17:14:08 - MayaTools.CNTManager3 - WARNING - [CNTManager3] 실패 - rig_ready:export:FACIAL_L_ChinSide_parentConstraint1.drawStyle: setAttr: No object matches name: rig_ready:export:FACIAL_L_ChinSide_parentConstraint1.drawStyle

2026-07-08 17:14:08 - MayaTools.CNTManager3 - WARNING - [CNTManager3] 실패 - rig_ready:export:FACIAL_L_ChinSide_scaleConstraint1.drawStyle: setAttr: No object matches name: rig_ready:export:FACIAL_L_ChinSide_scaleConstraint1.drawStyle

2026-07-08 17:14:08 - MayaTools.CNTManager3 - WARNING - [CNTManager3] 실패 - rig_ready:export:FACIAL_R_ChinSide_parentConstraint1.drawStyle: setAttr: No object matches name: rig_ready:export:FACIAL_R_ChinSide_parentConstraint1.drawStyle

2026-07-08 17:14:08 - MayaTools.CNTManager3 - WARNING - [CNTManager3] 실패 - rig_ready:export:FACIAL_R_ChinSide_scaleConstraint1.drawStyle: setAttr: No object matches name: rig_ready:export:FACIAL_R_ChinSide_scaleConstraint1.drawStyle

2026-07-08 17:14:08 - MayaTools.CNTManager3 - WARNING - [CNTManager3] 실패 - rig_ready:export:FACIAL_L_12IPV_ChinS1_parentConstraint1.drawStyle: setAttr: No object matches name: rig_ready:export:FACIAL_L_12IPV_ChinS1_parentConstraint1.drawStyle

2026-07-08 17:14:08 - MayaTools.CNTManager3 - WARNING - [CNTManager3] 실패 - rig_ready:export:FACIAL_L_12IPV_ChinS1_scaleConstraint1.drawStyle: setAttr: No object matches name: rig_ready:export:FACIAL_L_12IPV_ChinS1_scaleConstraint1.drawStyle

2026-07-08 17:14:08 - MayaTools.CNTManager3 - WARNING - [CNTManager3] 실패 - rig_ready:export:FACIAL_R_12IPV_ChinS1_parentConstraint1.drawStyle: setAttr: No object matches name: rig_ready:export:FACIAL_R_12IPV_ChinS1_parentConstraint1.drawStyle

2026-07-08 17:14:08 - MayaTools.CNTManager3 - WARNING - [CNTManager3] 실패 - rig_ready:export:FACIAL_R_12IPV_ChinS1_scaleConstraint1.drawStyle: setAttr: No object matches name: rig_ready:export:FACIAL_R_12IPV_ChinS1_scaleConstraint1.drawStyle

2026-07-08 17:14:08 - MayaTools.CNTManager3 - WARNING - [CNTManager3] 실패 - rig_ready:export:FACIAL_L_12IPV_ChinS2_parentConstraint1.drawStyle: setAttr: No object matches name: rig_ready:export:FACIAL_L_12IPV_ChinS2_parentConstraint1.drawStyle

2026-07-08 17:14:08 - MayaTools.CNTManager3 - WARNING - [CNTManager3] 실패 - rig_ready:export:FACIAL_L_12IPV_ChinS2_scaleConstraint1.drawStyle: setAttr: No object matches name: rig_ready:export:FACIAL_L_12IPV_ChinS2_scaleConstraint1.drawStyle

2026-07-08 17:14:08 - MayaTools.CNTManager3 - WARNING - [CNTManager3] 실패 - rig_ready:export:FACIAL_R_12IPV_ChinS2_parentConstraint1.drawStyle: setAttr: No object matches name: rig_ready:export:FACIAL_R_12IPV_ChinS2_parentConstraint1.drawStyle

2026-07-08 17:14:08 - MayaTools.CNTManager3 - WARNING - [CNTManager3] 실패 - rig_ready:export:FACIAL_R_12IPV_ChinS2_scaleConstraint1.drawStyle: setAttr: No object matches name: rig_ready:export:FACIAL_R_12IPV_ChinS2_scaleConstraint1.drawStyle

2026-07-08 17:14:08 - MayaTools.CNTManager3 - WARNING - [CNTManager3] 실패 - rig_ready:export:FACIAL_L_12IPV_ChinS3_parentConstraint1.drawStyle: setAttr: No object matches name: rig_ready:export:FACIAL_L_12IPV_ChinS3_parentConstraint1.drawStyle

2026-07-08 17:14:08 - MayaTools.CNTManager3 - WARNING - [CNTManager3] 실패 - rig_ready:export:FACIAL_L_12IPV_ChinS3_scaleConstraint1.drawStyle: setAttr: No object matches name: rig_ready:export:FACIAL_L_12IPV_ChinS3_scaleConstraint1.drawStyle

2026-07-08 17:14:08 - MayaTools.CNTManager3 - WARNING - [CNTManager3] 실패 - rig_ready:export:FACIAL_R_12IPV_ChinS3_parentConstraint1.drawStyle: setAttr: No object matches name: rig_ready:export:FACIAL_R_12IPV_ChinS3_parentConstraint1.drawStyle

2026-07-08 17:14:08 - MayaTools.CNTManager3 - WARNING - [CNTManager3] 실패 - rig_ready:export:FACIAL_R_12IPV_ChinS3_scaleConstraint1.drawStyle: setAttr: No object matches name: rig_ready:export:FACIAL_R_12IPV_ChinS3_scaleConstraint1.drawStyle

2026-07-08 17:14:08 - MayaTools.CNTManager3 - WARNING - [CNTManager3] 실패 - rig_ready:export:FACIAL_L_12IPV_ChinS4_parentConstraint1.drawStyle: setAttr: No object matches name: rig_ready:export:FACIAL_L_12IPV_ChinS4_parentConstraint1.drawStyle

2026-07-08 17:14:08 - MayaTools.CNTManager3 - WARNING - [CNTManager3] 실패 - rig_ready:export:FACIAL_L_12IPV_ChinS4_scaleConstraint1.drawStyle: setAttr: No object matches name: rig_ready:export:FACIAL_L_12IPV_ChinS4_scaleConstraint1.drawStyle

2026-07-08 17:14:08 - MayaTools.CNTManager3 - WARNING - [CNTManager3] 실패 - rig_ready:export:FACIAL_R_12IPV_ChinS4_parentConstraint1.drawStyle: setAttr: No object matches name: rig_ready:export:FACIAL_R_12IPV_ChinS4_parentConstraint1.drawStyle

2026-07-08 17:14:08 - MayaTools.CNTManager3 - WARNING - [CNTManager3] 실패 - rig_ready:export:FACIAL_R_12IPV_ChinS4_scaleConstraint1.drawStyle: setAttr: No object matches name: rig_ready:export:FACIAL_R_12IPV_ChinS4_scaleConstraint1.drawStyle

2026-07-08 17:14:08 - MayaTools.CNTManager3 - WARNING - [CNTManager3] 실패 - rig_ready:export:FACIAL_C_Chin1_parentConstraint1.drawStyle: setAttr: No object matches name: rig_ready:export:FACIAL_C_Chin1_parentConstraint1.drawStyle

2026-07-08 17:14:08 - MayaTools.CNTManager3 - WARNING - [CNTManager3] 실패 - rig_ready:export:FACIAL_C_Chin1_scaleConstraint1.drawStyle: setAttr: No object matches name: rig_ready:export:FACIAL_C_Chin1_scaleConstraint1.drawStyle

2026-07-08 17:14:08 - MayaTools.CNTManager3 - WARNING - [CNTManager3] 실패 - rig_ready:export:FACIAL_L_Chin1_parentConstraint1.drawStyle: setAttr: No object matches name: rig_ready:export:FACIAL_L_Chin1_parentConstraint1.drawStyle

2026-07-08 17:14:08 - MayaTools.CNTManager3 - WARNING - [CNTManager3] 실패 - rig_ready:export:FACIAL_L_Chin1_scaleConstraint1.drawStyle: setAttr: No object matches name: rig_ready:export:FACIAL_L_Chin1_scaleConstraint1.drawStyle

2026-07-08 17:14:08 - MayaTools.CNTManager3 - WARNING - [CNTManager3] 실패 - rig_ready:export:FACIAL_R_Chin1_parentConstraint1.drawStyle: setAttr: No object matches name: rig_ready:export:FACIAL_R_Chin1_parentConstraint1.drawStyle

2026-07-08 17:14:08 - MayaTools.CNTManager3 - WARNING - [CNTManager3] 실패 - rig_ready:export:FACIAL_R_Chin1_scaleConstraint1.drawStyle: setAttr: No object matches name: rig_ready:export:FACIAL_R_Chin1_scaleConstraint1.drawStyle

2026-07-08 17:14:08 - MayaTools.CNTManager3 - WARNING - [CNTManager3] 실패 - rig_ready:export:FACIAL_C_Chin2_parentConstraint1.drawStyle: setAttr: No object matches name: rig_ready:export:FACIAL_C_Chin2_parentConstraint1.drawStyle

2026-07-08 17:14:08 - MayaTools.CNTManager3 - WARNING - [CNTManager3] 실패 - rig_ready:export:FACIAL_C_Chin2_scaleConstraint1.drawStyle: setAttr: No object matches name: rig_ready:export:FACIAL_C_Chin2_scaleConstraint1.drawStyle

2026-07-08 17:14:08 - MayaTools.CNTManager3 - WARNING - [CNTManager3] 실패 - rig_ready:export:FACIAL_L_Chin2_parentConstraint1.drawStyle: setAttr: No object matches name: rig_ready:export:FACIAL_L_Chin2_parentConstraint1.drawStyle

2026-07-08 17:14:08 - MayaTools.CNTManager3 - WARNING - [CNTManager3] 실패 - rig_ready:export:FACIAL_L_Chin2_scaleConstraint1.drawStyle: setAttr: No object matches name: rig_ready:export:FACIAL_L_Chin2_scaleConstraint1.drawStyle

2026-07-08 17:14:08 - MayaTools.CNTManager3 - WARNING - [CNTManager3] 실패 - rig_ready:export:FACIAL_R_Chin2_parentConstraint1.drawStyle: setAttr: No object matches name: rig_ready:export:FACIAL_R_Chin2_parentConstraint1.drawStyle

2026-07-08 17:14:08 - MayaTools.CNTManager3 - WARNING - [CNTManager3] 실패 - rig_ready:export:FACIAL_R_Chin2_scaleConstraint1.drawStyle: setAttr: No object matches name: rig_ready:export:FACIAL_R_Chin2_scaleConstraint1.drawStyle

2026-07-08 17:14:08 - MayaTools.CNTManager3 - WARNING - [CNTManager3] 실패 - rig_ready:export:FACIAL_C_Chin3_parentConstraint1.drawStyle: setAttr: No object matches name: rig_ready:export:FACIAL_C_Chin3_parentConstraint1.drawStyle

2026-07-08 17:14:08 - MayaTools.CNTManager3 - WARNING - [CNTManager3] 실패 - rig_ready:export:FACIAL_C_Chin3_scaleConstraint1.drawStyle: setAttr: No object matches name: rig_ready:export:FACIAL_C_Chin3_scaleConstraint1.drawStyle

2026-07-08 17:14:08 - MayaTools.CNTManager3 - WARNING - [CNTManager3] 실패 - rig_ready:export:FACIAL_L_Chin3_parentConstraint1.drawStyle: setAttr: No object matches name: rig_ready:export:FACIAL_L_Chin3_parentConstraint1.drawStyle

2026-07-08 17:14:08 - MayaTools.CNTManager3 - WARNING - [CNTManager3] 실패 - rig_ready:export:FACIAL_L_Chin3_scaleConstraint1.drawStyle: setAttr: No object matches name: rig_ready:export:FACIAL_L_Chin3_scaleConstraint1.drawStyle

2026-07-08 17:14:08 - MayaTools.CNTManager3 - WARNING - [CNTManager3] 실패 - rig_ready:export:FACIAL_R_Chin3_parentConstraint1.drawStyle: setAttr: No object matches name: rig_ready:export:FACIAL_R_Chin3_parentConstraint1.drawStyle

2026-07-08 17:14:08 - MayaTools.CNTManager3 - WARNING - [CNTManager3] 실패 - rig_ready:export:FACIAL_R_Chin3_scaleConstraint1.drawStyle: setAttr: No object matches name: rig_ready:export:FACIAL_R_Chin3_scaleConstraint1.drawStyle

2026-07-08 17:14:08 - MayaTools.CNTManager3 - WARNING - [CNTManager3] 실패 - rig_ready:export:FACIAL_L_12IPV_Chin1_parentConstraint1.drawStyle: setAttr: No object matches name: rig_ready:export:FACIAL_L_12IPV_Chin1_parentConstraint1.drawStyle

2026-07-08 17:14:08 - MayaTools.CNTManager3 - WARNING - [CNTManager3] 실패 - rig_ready:export:FACIAL_L_12IPV_Chin1_scaleConstraint1.drawStyle: setAttr: No object matches name: rig_ready:export:FACIAL_L_12IPV_Chin1_scaleConstraint1.drawStyle

2026-07-08 17:14:08 - MayaTools.CNTManager3 - WARNING - [CNTManager3] 실패 - rig_ready:export:FACIAL_R_12IPV_Chin1_parentConstraint1.drawStyle: setAttr: No object matches name: rig_ready:export:FACIAL_R_12IPV_Chin1_parentConstraint1.drawStyle

2026-07-08 17:14:08 - MayaTools.CNTManager3 - WARNING - [CNTManager3] 실패 - rig_ready:export:FACIAL_R_12IPV_Chin1_scaleConstraint1.drawStyle: setAttr: No object matches name: rig_ready:export:FACIAL_R_12IPV_Chin1_scaleConstraint1.drawStyle

2026-07-08 17:14:08 - MayaTools.CNTManager3 - WARNING - [CNTManager3] 실패 - rig_ready:export:FACIAL_L_12IPV_Chin2_parentConstraint1.drawStyle: setAttr: No object matches name: rig_ready:export:FACIAL_L_12IPV_Chin2_parentConstraint1.drawStyle

2026-07-08 17:14:08 - MayaTools.CNTManager3 - WARNING - [CNTManager3] 실패 - rig_ready:export:FACIAL_L_12IPV_Chin2_scaleConstraint1.drawStyle: setAttr: No object matches name: rig_ready:export:FACIAL_L_12IPV_Chin2_scaleConstraint1.drawStyle

2026-07-08 17:14:08 - MayaTools.CNTManager3 - WARNING - [CNTManager3] 실패 - rig_ready:export:FACIAL_R_12IPV_Chin2_parentConstraint1.drawStyle: setAttr: No object matches name: rig_ready:export:FACIAL_R_12IPV_Chin2_parentConstraint1.drawStyle

2026-07-08 17:14:08 - MayaTools.CNTManager3 - WARNING - [CNTManager3] 실패 - rig_ready:export:FACIAL_R_12IPV_Chin2_scaleConstraint1.drawStyle: setAttr: No object matches name: rig_ready:export:FACIAL_R_12IPV_Chin2_scaleConstraint1.drawStyle

2026-07-08 17:14:08 - MayaTools.CNTManager3 - WARNING - [CNTManager3] 실패 - rig_ready:export:FACIAL_C_12IPV_Chin3_parentConstraint1.drawStyle: setAttr: No object matches name: rig_ready:export:FACIAL_C_12IPV_Chin3_parentConstraint1.drawStyle

2026-07-08 17:14:08 - MayaTools.CNTManager3 - WARNING - [CNTManager3] 실패 - rig_ready:export:FACIAL_C_12IPV_Chin3_scaleConstraint1.drawStyle: setAttr: No object matches name: rig_ready:export:FACIAL_C_12IPV_Chin3_scaleConstraint1.drawStyle

2026-07-08 17:14:08 - MayaTools.CNTManager3 - WARNING - [CNTManager3] 실패 - rig_ready:export:FACIAL_C_12IPV_Chin4_parentConstraint1.drawStyle: setAttr: No object matches name: rig_ready:export:FACIAL_C_12IPV_Chin4_parentConstraint1.drawStyle

2026-07-08 17:14:08 - MayaTools.CNTManager3 - WARNING - [CNTManager3] 실패 - rig_ready:export:FACIAL_C_12IPV_Chin4_scaleConstraint1.drawStyle: setAttr: No object matches name: rig_ready:export:FACIAL_C_12IPV_Chin4_scaleConstraint1.drawStyle

2026-07-08 17:14:08 - MayaTools.CNTManager3 - WARNING - [CNTManager3] 실패 - rig_ready:export:FACIAL_L_12IPV_Chin5_parentConstraint1.drawStyle: setAttr: No object matches name: rig_ready:export:FACIAL_L_12IPV_Chin5_parentConstraint1.drawStyle

2026-07-08 17:14:08 - MayaTools.CNTManager3 - WARNING - [CNTManager3] 실패 - rig_ready:export:FACIAL_L_12IPV_Chin5_scaleConstraint1.drawStyle: setAttr: No object matches name: rig_ready:export:FACIAL_L_12IPV_Chin5_scaleConstraint1.drawStyle

2026-07-08 17:14:08 - MayaTools.CNTManager3 - WARNING - [CNTManager3] 실패 - rig_ready:export:FACIAL_R_12IPV_Chin5_parentConstraint1.drawStyle: setAttr: No object matches name: rig_ready:export:FACIAL_R_12IPV_Chin5_parentConstraint1.drawStyle

2026-07-08 17:14:08 - MayaTools.CNTManager3 - WARNING - [CNTManager3] 실패 - rig_ready:export:FACIAL_R_12IPV_Chin5_scaleConstraint1.drawStyle: setAttr: No object matches name: rig_ready:export:FACIAL_R_12IPV_Chin5_scaleConstraint1.drawStyle

2026-07-08 17:14:08 - MayaTools.CNTManager3 - WARNING - [CNTManager3] 실패 - rig_ready:export:FACIAL_L_12IPV_Chin6_parentConstraint1.drawStyle: setAttr: No object matches name: rig_ready:export:FACIAL_L_12IPV_Chin6_parentConstraint1.drawStyle

2026-07-08 17:14:08 - MayaTools.CNTManager3 - WARNING - [CNTManager3] 실패 - rig_ready:export:FACIAL_L_12IPV_Chin6_scaleConstraint1.drawStyle: setAttr: No object matches name: rig_ready:export:FACIAL_L_12IPV_Chin6_scaleConstraint1.drawStyle

2026-07-08 17:14:08 - MayaTools.CNTManager3 - WARNING - [CNTManager3] 실패 - rig_ready:export:FACIAL_R_12IPV_Chin6_parentConstraint1.drawStyle: setAttr: No object matches name: rig_ready:export:FACIAL_R_12IPV_Chin6_parentConstraint1.drawStyle

2026-07-08 17:14:08 - MayaTools.CNTManager3 - WARNING - [CNTManager3] 실패 - rig_ready:export:FACIAL_R_12IPV_Chin6_scaleConstraint1.drawStyle: setAttr: No object matches name: rig_ready:export:FACIAL_R_12IPV_Chin6_scaleConstraint1.drawStyle

2026-07-08 17:14:08 - MayaTools.CNTManager3 - WARNING - [CNTManager3] 실패 - rig_ready:export:FACIAL_L_12IPV_Chin7_parentConstraint1.drawStyle: setAttr: No object matches name: rig_ready:export:FACIAL_L_12IPV_Chin7_parentConstraint1.drawStyle

2026-07-08 17:14:08 - MayaTools.CNTManager3 - WARNING - [CNTManager3] 실패 - rig_ready:export:FACIAL_L_12IPV_Chin7_scaleConstraint1.drawStyle: setAttr: No object matches name: rig_ready:export:FACIAL_L_12IPV_Chin7_scaleConstraint1.drawStyle

2026-07-08 17:14:08 - MayaTools.CNTManager3 - WARNING - [CNTManager3] 실패 - rig_ready:export:FACIAL_R_12IPV_Chin7_parentConstraint1.drawStyle: setAttr: No object matches name: rig_ready:export:FACIAL_R_12IPV_Chin7_parentConstraint1.drawStyle

2026-07-08 17:14:08 - MayaTools.CNTManager3 - WARNING - [CNTManager3] 실패 - rig_ready:export:FACIAL_R_12IPV_Chin7_scaleConstraint1.drawStyle: setAttr: No object matches name: rig_ready:export:FACIAL_R_12IPV_Chin7_scaleConstraint1.drawStyle

2026-07-08 17:14:08 - MayaTools.CNTManager3 - WARNING - [CNTManager3] 실패 - rig_ready:export:FACIAL_L_12IPV_Chin8_parentConstraint1.drawStyle: setAttr: No object matches name: rig_ready:export:FACIAL_L_12IPV_Chin8_parentConstraint1.drawStyle

2026-07-08 17:14:08 - MayaTools.CNTManager3 - WARNING - [CNTManager3] 실패 - rig_ready:export:FACIAL_L_12IPV_Chin8_scaleConstraint1.drawStyle: setAttr: No object matches name: rig_ready:export:FACIAL_L_12IPV_Chin8_scaleConstraint1.drawStyle

2026-07-08 17:14:08 - MayaTools.CNTManager3 - WARNING - [CNTManager3] 실패 - rig_ready:export:FACIAL_R_12IPV_Chin8_parentConstraint1.drawStyle: setAttr: No object matches name: rig_ready:export:FACIAL_R_12IPV_Chin8_parentConstraint1.drawStyle

2026-07-08 17:14:08 - MayaTools.CNTManager3 - WARNING - [CNTManager3] 실패 - rig_ready:export:FACIAL_R_12IPV_Chin8_scaleConstraint1.drawStyle: setAttr: No object matches name: rig_ready:export:FACIAL_R_12IPV_Chin8_scaleConstraint1.drawStyle

2026-07-08 17:14:08 - MayaTools.CNTManager3 - WARNING - [CNTManager3] 실패 - rig_ready:export:FACIAL_L_12IPV_Chin9_parentConstraint1.drawStyle: setAttr: No object matches name: rig_ready:export:FACIAL_L_12IPV_Chin9_parentConstraint1.drawStyle

2026-07-08 17:14:08 - MayaTools.CNTManager3 - WARNING - [CNTManager3] 실패 - rig_ready:export:FACIAL_L_12IPV_Chin9_scaleConstraint1.drawStyle: setAttr: No object matches name: rig_ready:export:FACIAL_L_12IPV_Chin9_scaleConstraint1.drawStyle

2026-07-08 17:14:08 - MayaTools.CNTManager3 - WARNING - [CNTManager3] 실패 - rig_ready:export:FACIAL_R_12IPV_Chin9_parentConstraint1.drawStyle: setAttr: No object matches name: rig_ready:export:FACIAL_R_12IPV_Chin9_parentConstraint1.drawStyle

2026-07-08 17:14:08 - MayaTools.CNTManager3 - WARNING - [CNTManager3] 실패 - rig_ready:export:FACIAL_R_12IPV_Chin9_scaleConstraint1.drawStyle: setAttr: No object matches name: rig_ready:export:FACIAL_R_12IPV_Chin9_scaleConstraint1.drawStyle

2026-07-08 17:14:08 - MayaTools.CNTManager3 - WARNING - [CNTManager3] 실패 - rig_ready:export:FACIAL_L_12IPV_Chin10_parentConstraint1.drawStyle: setAttr: No object matches name: rig_ready:export:FACIAL_L_12IPV_Chin10_parentConstraint1.drawStyle

2026-07-08 17:14:08 - MayaTools.CNTManager3 - WARNING - [CNTManager3] 실패 - rig_ready:export:FACIAL_L_12IPV_Chin10_scaleConstraint1.drawStyle: setAttr: No object matches name: rig_ready:export:FACIAL_L_12IPV_Chin10_scaleConstraint1.drawStyle

2026-07-08 17:14:08 - MayaTools.CNTManager3 - WARNING - [CNTManager3] 실패 - rig_ready:export:FACIAL_R_12IPV_Chin10_parentConstraint1.drawStyle: setAttr: No object matches name: rig_ready:export:FACIAL_R_12IPV_Chin10_parentConstraint1.drawStyle

2026-07-08 17:14:08 - MayaTools.CNTManager3 - WARNING - [CNTManager3] 실패 - rig_ready:export:FACIAL_R_12IPV_Chin10_scaleConstraint1.drawStyle: setAttr: No object matches name: rig_ready:export:FACIAL_R_12IPV_Chin10_scaleConstraint1.drawStyle

2026-07-08 17:14:08 - MayaTools.CNTManager3 - WARNING - [CNTManager3] 실패 - rig_ready:export:FACIAL_L_12IPV_Chin11_parentConstraint1.drawStyle: setAttr: No object matches name: rig_ready:export:FACIAL_L_12IPV_Chin11_parentConstraint1.drawStyle

2026-07-08 17:14:09 - MayaTools.CNTManager3 - WARNING - [CNTManager3] 실패 - rig_ready:export:FACIAL_L_12IPV_Chin11_scaleConstraint1.drawStyle: setAttr: No object matches name: rig_ready:export:FACIAL_L_12IPV_Chin11_scaleConstraint1.drawStyle

2026-07-08 17:14:09 - MayaTools.CNTManager3 - WARNING - [CNTManager3] 실패 - rig_ready:export:FACIAL_R_12IPV_Chin11_parentConstraint1.drawStyle: setAttr: No object matches name: rig_ready:export:FACIAL_R_12IPV_Chin11_parentConstraint1.drawStyle

2026-07-08 17:14:09 - MayaTools.CNTManager3 - WARNING - [CNTManager3] 실패 - rig_ready:export:FACIAL_R_12IPV_Chin11_scaleConstraint1.drawStyle: setAttr: No object matches name: rig_ready:export:FACIAL_R_12IPV_Chin11_scaleConstraint1.drawStyle

2026-07-08 17:14:09 - MayaTools.CNTManager3 - WARNING - [CNTManager3] 실패 - rig_ready:export:FACIAL_L_12IPV_Chin12_parentConstraint1.drawStyle: setAttr: No object matches name: rig_ready:export:FACIAL_L_12IPV_Chin12_parentConstraint1.drawStyle

2026-07-08 17:14:09 - MayaTools.CNTManager3 - WARNING - [CNTManager3] 실패 - rig_ready:export:FACIAL_L_12IPV_Chin12_scaleConstraint1.drawStyle: setAttr: No object matches name: rig_ready:export:FACIAL_L_12IPV_Chin12_scaleConstraint1.drawStyle

2026-07-08 17:14:09 - MayaTools.CNTManager3 - WARNING - [CNTManager3] 실패 - rig_ready:export:FACIAL_R_12IPV_Chin12_parentConstraint1.drawStyle: setAttr: No object matches name: rig_ready:export:FACIAL_R_12IPV_Chin12_parentConstraint1.drawStyle

2026-07-08 17:14:09 - MayaTools.CNTManager3 - WARNING - [CNTManager3] 실패 - rig_ready:export:FACIAL_R_12IPV_Chin12_scaleConstraint1.drawStyle: setAttr: No object matches name: rig_ready:export:FACIAL_R_12IPV_Chin12_scaleConstraint1.drawStyle

2026-07-08 17:14:09 - MayaTools.CNTManager3 - WARNING - [CNTManager3] 실패 - rig_ready:export:FACIAL_L_12IPV_Chin13_parentConstraint1.drawStyle: setAttr: No object matches name: rig_ready:export:FACIAL_L_12IPV_Chin13_parentConstraint1.drawStyle

2026-07-08 17:14:09 - MayaTools.CNTManager3 - WARNING - [CNTManager3] 실패 - rig_ready:export:FACIAL_L_12IPV_Chin13_scaleConstraint1.drawStyle: setAttr: No object matches name: rig_ready:export:FACIAL_L_12IPV_Chin13_scaleConstraint1.drawStyle

2026-07-08 17:14:09 - MayaTools.CNTManager3 - WARNING - [CNTManager3] 실패 - rig_ready:export:FACIAL_R_12IPV_Chin13_parentConstraint1.drawStyle: setAttr: No object matches name: rig_ready:export:FACIAL_R_12IPV_Chin13_parentConstraint1.drawStyle

2026-07-08 17:14:09 - MayaTools.CNTManager3 - WARNING - [CNTManager3] 실패 - rig_ready:export:FACIAL_R_12IPV_Chin13_scaleConstraint1.drawStyle: setAttr: No object matches name: rig_ready:export:FACIAL_R_12IPV_Chin13_scaleConstraint1.drawStyle

2026-07-08 17:14:09 - MayaTools.CNTManager3 - WARNING - [CNTManager3] 실패 - rig_ready:export:FACIAL_L_12IPV_Chin14_parentConstraint1.drawStyle: setAttr: No object matches name: rig_ready:export:FACIAL_L_12IPV_Chin14_parentConstraint1.drawStyle

2026-07-08 17:14:09 - MayaTools.CNTManager3 - WARNING - [CNTManager3] 실패 - rig_ready:export:FACIAL_L_12IPV_Chin14_scaleConstraint1.drawStyle: setAttr: No object matches name: rig_ready:export:FACIAL_L_12IPV_Chin14_scaleConstraint1.drawStyle

2026-07-08 17:14:09 - MayaTools.CNTManager3 - WARNING - [CNTManager3] 실패 - rig_ready:export:FACIAL_R_12IPV_Chin14_parentConstraint1.drawStyle: setAttr: No object matches name: rig_ready:export:FACIAL_R_12IPV_Chin14_parentConstraint1.drawStyle

2026-07-08 17:14:09 - MayaTools.CNTManager3 - WARNING - [CNTManager3] 실패 - rig_ready:export:FACIAL_R_12IPV_Chin14_scaleConstraint1.drawStyle: setAttr: No object matches name: rig_ready:export:FACIAL_R_12IPV_Chin14_scaleConstraint1.drawStyle

2026-07-08 17:14:09 - MayaTools.CNTManager3 - WARNING - [CNTManager3] 실패 - rig_ready:export:FACIAL_C_Chin_parentConstraint1.drawStyle: setAttr: No object matches name: rig_ready:export:FACIAL_C_Chin_parentConstraint1.drawStyle

2026-07-08 17:14:09 - MayaTools.CNTManager3 - WARNING - [CNTManager3] 실패 - rig_ready:export:FACIAL_C_Chin_scaleConstraint1.drawStyle: setAttr: No object matches name: rig_ready:export:FACIAL_C_Chin_scaleConstraint1.drawStyle

2026-07-08 17:14:09 - MayaTools.CNTManager3 - WARNING - [CNTManager3] 실패 - rig_ready:export:FACIAL_C_Jaw_parentConstraint1.drawStyle: setAttr: No object matches name: rig_ready:export:FACIAL_C_Jaw_parentConstraint1.drawStyle

2026-07-08 17:14:09 - MayaTools.CNTManager3 - WARNING - [CNTManager3] 실패 - rig_ready:export:FACIAL_C_Jaw_scaleConstraint1.drawStyle: setAttr: No object matches name: rig_ready:export:FACIAL_C_Jaw_scaleConstraint1.drawStyle

2026-07-08 17:14:09 - MayaTools.CNTManager3 - WARNING - [CNTManager3] 실패 - rig_ready:export:FACIAL_C_FacialRoot_parentConstraint1.drawStyle: setAttr: No object matches name: rig_ready:export:FACIAL_C_FacialRoot_parentConstraint1.drawStyle

2026-07-08 17:14:09 - MayaTools.CNTManager3 - WARNING - [CNTManager3] 실패 - rig_ready:export:FACIAL_C_FacialRoot_scaleConstraint1.drawStyle: setAttr: No object matches name: rig_ready:export:FACIAL_C_FacialRoot_scaleConstraint1.drawStyle

2026-07-08 17:14:09 - MayaTools.CNTManager3 - WARNING - [CNTManager3] 실패 - rig_ready:export:dyn_head_earring_l_parentConstraint1.drawStyle: setAttr: No object matches name: rig_ready:export:dyn_head_earring_l_parentConstraint1.drawStyle

2026-07-08 17:14:09 - MayaTools.CNTManager3 - WARNING - [CNTManager3] 실패 - rig_ready:export:dyn_head_earring_l_scaleConstraint1.drawStyle: setAttr: No object matches name: rig_ready:export:dyn_head_earring_l_scaleConstraint1.drawStyle

2026-07-08 17:14:09 - MayaTools.CNTManager3 - WARNING - [CNTManager3] 실패 - rig_ready:export:dyn_head_earring_r_parentConstraint1.drawStyle: setAttr: No object matches name: rig_ready:export:dyn_head_earring_r_parentConstraint1.drawStyle

2026-07-08 17:14:09 - MayaTools.CNTManager3 - WARNING - [CNTManager3] 실패 - rig_ready:export:dyn_head_earring_r_scaleConstraint1.drawStyle: setAttr: No object matches name: rig_ready:export:dyn_head_earring_r_scaleConstraint1.drawStyle

2026-07-08 17:14:09 - MayaTools.CNTManager3 - WARNING - [CNTManager3] 실패 - rig_ready:export:dyn_head_hair_01_parentConstraint1.drawStyle: setAttr: No object matches name: rig_ready:export:dyn_head_hair_01_parentConstraint1.drawStyle

2026-07-08 17:14:09 - MayaTools.CNTManager3 - WARNING - [CNTManager3] 실패 - rig_ready:export:dyn_head_hair_01_scaleConstraint1.drawStyle: setAttr: No object matches name: rig_ready:export:dyn_head_hair_01_scaleConstraint1.drawStyle

2026-07-08 17:14:09 - MayaTools.CNTManager3 - WARNING - [CNTManager3] 실패 - rig_ready:export:dyn_head_hair_02_parentConstraint1.drawStyle: setAttr: No object matches name: rig_ready:export:dyn_head_hair_02_parentConstraint1.drawStyle

2026-07-08 17:14:09 - MayaTools.CNTManager3 - WARNING - [CNTManager3] 실패 - rig_ready:export:dyn_head_hair_02_scaleConstraint1.drawStyle: setAttr: No object matches name: rig_ready:export:dyn_head_hair_02_scaleConstraint1.drawStyle

2026-07-08 17:14:09 - MayaTools.CNTManager3 - WARNING - [CNTManager3] 실패 - rig_ready:export:dyn_head_hair_03_parentConstraint1.drawStyle: setAttr: No object matches name: rig_ready:export:dyn_head_hair_03_parentConstraint1.drawStyle

2026-07-08 17:14:09 - MayaTools.CNTManager3 - WARNING - [CNTManager3] 실패 - rig_ready:export:dyn_head_hair_03_scaleConstraint1.drawStyle: setAttr: No object matches name: rig_ready:export:dyn_head_hair_03_scaleConstraint1.drawStyle

2026-07-08 17:14:09 - MayaTools.CNTManager3 - WARNING - [CNTManager3] 실패 - rig_ready:export:dyn_head_hair_04_parentConstraint1.drawStyle: setAttr: No object matches name: rig_ready:export:dyn_head_hair_04_parentConstraint1.drawStyle

2026-07-08 17:14:09 - MayaTools.CNTManager3 - WARNING - [CNTManager3] 실패 - rig_ready:export:dyn_head_hair_04_scaleConstraint1.drawStyle: setAttr: No object matches name: rig_ready:export:dyn_head_hair_04_scaleConstraint1.drawStyle

2026-07-08 17:14:09 - MayaTools.CNTManager3 - WARNING - [CNTManager3] 실패 - rig_ready:export:dyn_head_hair_05_parentConstraint1.drawStyle: setAttr: No object matches name: rig_ready:export:dyn_head_hair_05_parentConstraint1.drawStyle

2026-07-08 17:14:09 - MayaTools.CNTManager3 - WARNING - [CNTManager3] 실패 - rig_ready:export:dyn_head_hair_05_scaleConstraint1.drawStyle: setAttr: No object matches name: rig_ready:export:dyn_head_hair_05_scaleConstraint1.drawStyle

2026-07-08 17:14:09 - MayaTools.CNTManager3 - WARNING - [CNTManager3] 실패 - rig_ready:export:dyn_head_hair_06_parentConstraint1.drawStyle: setAttr: No object matches name: rig_ready:export:dyn_head_hair_06_parentConstraint1.drawStyle

2026-07-08 17:14:09 - MayaTools.CNTManager3 - WARNING - [CNTManager3] 실패 - rig_ready:export:dyn_head_hair_06_scaleConstraint1.drawStyle: setAttr: No object matches name: rig_ready:export:dyn_head_hair_06_scaleConstraint1.drawStyle

2026-07-08 17:14:09 - MayaTools.CNTManager3 - WARNING - [CNTManager3] 실패 - rig_ready:export:dyn_head_hair_strand_01_3_parentConstraint1.drawStyle: setAttr: No object matches name: rig_ready:export:dyn_head_hair_strand_01_3_parentConstraint1.drawStyle

2026-07-08 17:14:09 - MayaTools.CNTManager3 - WARNING - [CNTManager3] 실패 - rig_ready:export:dyn_head_hair_strand_01_3_scaleConstraint1.drawStyle: setAttr: No object matches name: rig_ready:export:dyn_head_hair_strand_01_3_scaleConstraint1.drawStyle

2026-07-08 17:14:09 - MayaTools.CNTManager3 - WARNING - [CNTManager3] 실패 - rig_ready:export:dyn_head_hair_strand_01_2_parentConstraint1.drawStyle: setAttr: No object matches name: rig_ready:export:dyn_head_hair_strand_01_2_parentConstraint1.drawStyle

2026-07-08 17:14:09 - MayaTools.CNTManager3 - WARNING - [CNTManager3] 실패 - rig_ready:export:dyn_head_hair_strand_01_2_scaleConstraint1.drawStyle: setAttr: No object matches name: rig_ready:export:dyn_head_hair_strand_01_2_scaleConstraint1.drawStyle

2026-07-08 17:14:09 - MayaTools.CNTManager3 - WARNING - [CNTManager3] 실패 - rig_ready:export:dyn_head_hair_strand_01_1_parentConstraint1.drawStyle: setAttr: No object matches name: rig_ready:export:dyn_head_hair_strand_01_1_parentConstraint1.drawStyle

2026-07-08 17:14:09 - MayaTools.CNTManager3 - WARNING - [CNTManager3] 실패 - rig_ready:export:dyn_head_hair_strand_01_1_scaleConstraint1.drawStyle: setAttr: No object matches name: rig_ready:export:dyn_head_hair_strand_01_1_scaleConstraint1.drawStyle

2026-07-08 17:14:09 - MayaTools.CNTManager3 - WARNING - [CNTManager3] 실패 - rig_ready:export:dyn_head_hair_strand_02_3_parentConstraint1.drawStyle: setAttr: No object matches name: rig_ready:export:dyn_head_hair_strand_02_3_parentConstraint1.drawStyle

2026-07-08 17:14:09 - MayaTools.CNTManager3 - WARNING - [CNTManager3] 실패 - rig_ready:export:dyn_head_hair_strand_02_3_scaleConstraint1.drawStyle: setAttr: No object matches name: rig_ready:export:dyn_head_hair_strand_02_3_scaleConstraint1.drawStyle

2026-07-08 17:14:09 - MayaTools.CNTManager3 - WARNING - [CNTManager3] 실패 - rig_ready:export:dyn_head_hair_strand_02_2_parentConstraint1.drawStyle: setAttr: No object matches name: rig_ready:export:dyn_head_hair_strand_02_2_parentConstraint1.drawStyle

2026-07-08 17:14:09 - MayaTools.CNTManager3 - WARNING - [CNTManager3] 실패 - rig_ready:export:dyn_head_hair_strand_02_2_scaleConstraint1.drawStyle: setAttr: No object matches name: rig_ready:export:dyn_head_hair_strand_02_2_scaleConstraint1.drawStyle

2026-07-08 17:14:09 - MayaTools.CNTManager3 - WARNING - [CNTManager3] 실패 - rig_ready:export:dyn_head_hair_strand_02_1_parentConstraint1.drawStyle: setAttr: No object matches name: rig_ready:export:dyn_head_hair_strand_02_1_parentConstraint1.drawStyle

2026-07-08 17:14:09 - MayaTools.CNTManager3 - WARNING - [CNTManager3] 실패 - rig_ready:export:dyn_head_hair_strand_02_1_scaleConstraint1.drawStyle: setAttr: No object matches name: rig_ready:export:dyn_head_hair_strand_02_1_scaleConstraint1.drawStyle

2026-07-08 17:14:09 - MayaTools.CNTManager3 - WARNING - [CNTManager3] 실패 - rig_ready:export:dyn_head_ponytail_04_parentConstraint1.drawStyle: setAttr: No object matches name: rig_ready:export:dyn_head_ponytail_04_parentConstraint1.drawStyle

2026-07-08 17:14:09 - MayaTools.CNTManager3 - WARNING - [CNTManager3] 실패 - rig_ready:export:dyn_head_ponytail_04_scaleConstraint1.drawStyle: setAttr: No object matches name: rig_ready:export:dyn_head_ponytail_04_scaleConstraint1.drawStyle

2026-07-08 17:14:09 - MayaTools.CNTManager3 - WARNING - [CNTManager3] 실패 - rig_ready:export:dyn_head_ponytail_03_parentConstraint1.drawStyle: setAttr: No object matches name: rig_ready:export:dyn_head_ponytail_03_parentConstraint1.drawStyle

2026-07-08 17:14:09 - MayaTools.CNTManager3 - WARNING - [CNTManager3] 실패 - rig_ready:export:dyn_head_ponytail_03_scaleConstraint1.drawStyle: setAttr: No object matches name: rig_ready:export:dyn_head_ponytail_03_scaleConstraint1.drawStyle

2026-07-08 17:14:09 - MayaTools.CNTManager3 - WARNING - [CNTManager3] 실패 - rig_ready:export:dyn_head_ponytail_02_parentConstraint1.drawStyle: setAttr: No object matches name: rig_ready:export:dyn_head_ponytail_02_parentConstraint1.drawStyle

2026-07-08 17:14:09 - MayaTools.CNTManager3 - WARNING - [CNTManager3] 실패 - rig_ready:export:dyn_head_ponytail_02_scaleConstraint1.drawStyle: setAttr: No object matches name: rig_ready:export:dyn_head_ponytail_02_scaleConstraint1.drawStyle

2026-07-08 17:14:09 - MayaTools.CNTManager3 - WARNING - [CNTManager3] 실패 - rig_ready:export:dyn_head_ponytail_01_parentConstraint1.drawStyle: setAttr: No object matches name: rig_ready:export:dyn_head_ponytail_01_parentConstraint1.drawStyle

2026-07-08 17:14:09 - MayaTools.CNTManager3 - WARNING - [CNTManager3] 실패 - rig_ready:export:dyn_head_ponytail_01_scaleConstraint1.drawStyle: setAttr: No object matches name: rig_ready:export:dyn_head_ponytail_01_scaleConstraint1.drawStyle

2026-07-08 17:14:09 - MayaTools.CNTManager3 - WARNING - [CNTManager3] 실패 - rig_ready:export:head_parentConstraint1.drawStyle: setAttr: No object matches name: rig_ready:export:head_parentConstraint1.drawStyle

2026-07-08 17:14:09 - MayaTools.CNTManager3 - WARNING - [CNTManager3] 실패 - rig_ready:export:head_scaleConstraint1.drawStyle: setAttr: No object matches name: rig_ready:export:head_scaleConstraint1.drawStyle

2026-07-08 17:14:09 - MayaTools.CNTManager3 - WARNING - [CNTManager3] 실패 - rig_ready:export:FACIAL_C_AdamsApple_parentConstraint1.drawStyle: setAttr: No object matches name: rig_ready:export:FACIAL_C_AdamsApple_parentConstraint1.drawStyle

2026-07-08 17:14:09 - MayaTools.CNTManager3 - WARNING - [CNTManager3] 실패 - rig_ready:export:FACIAL_C_AdamsApple_scaleConstraint1.drawStyle: setAttr: No object matches name: rig_ready:export:FACIAL_C_AdamsApple_scaleConstraint1.drawStyle

2026-07-08 17:14:09 - MayaTools.CNTManager3 - WARNING - [CNTManager3] 실패 - rig_ready:export:FACIAL_C_12IPV_AdamsA1_parentConstraint1.drawStyle: setAttr: No object matches name: rig_ready:export:FACIAL_C_12IPV_AdamsA1_parentConstraint1.drawStyle

2026-07-08 17:14:09 - MayaTools.CNTManager3 - WARNING - [CNTManager3] 실패 - rig_ready:export:FACIAL_C_12IPV_AdamsA1_scaleConstraint1.drawStyle: setAttr: No object matches name: rig_ready:export:FACIAL_C_12IPV_AdamsA1_scaleConstraint1.drawStyle

2026-07-08 17:14:09 - MayaTools.CNTManager3 - WARNING - [CNTManager3] 실패 - rig_ready:export:FACIAL_C_12IPV_AdamsA2_parentConstraint1.drawStyle: setAttr: No object matches name: rig_ready:export:FACIAL_C_12IPV_AdamsA2_parentConstraint1.drawStyle

2026-07-08 17:14:09 - MayaTools.CNTManager3 - WARNING - [CNTManager3] 실패 - rig_ready:export:FACIAL_C_12IPV_AdamsA2_scaleConstraint1.drawStyle: setAttr: No object matches name: rig_ready:export:FACIAL_C_12IPV_AdamsA2_scaleConstraint1.drawStyle

2026-07-08 17:14:09 - MayaTools.CNTManager3 - WARNING - [CNTManager3] 실패 - rig_ready:export:FACIAL_L_NeckA1_parentConstraint1.drawStyle: setAttr: No object matches name: rig_ready:export:FACIAL_L_NeckA1_parentConstraint1.drawStyle

2026-07-08 17:14:09 - MayaTools.CNTManager3 - WARNING - [CNTManager3] 실패 - rig_ready:export:FACIAL_L_NeckA1_scaleConstraint1.drawStyle: setAttr: No object matches name: rig_ready:export:FACIAL_L_NeckA1_scaleConstraint1.drawStyle

2026-07-08 17:14:09 - MayaTools.CNTManager3 - WARNING - [CNTManager3] 실패 - rig_ready:export:FACIAL_R_NeckA1_parentConstraint1.drawStyle: setAttr: No object matches name: rig_ready:export:FACIAL_R_NeckA1_parentConstraint1.drawStyle

2026-07-08 17:14:09 - MayaTools.CNTManager3 - WARNING - [CNTManager3] 실패 - rig_ready:export:FACIAL_R_NeckA1_scaleConstraint1.drawStyle: setAttr: No object matches name: rig_ready:export:FACIAL_R_NeckA1_scaleConstraint1.drawStyle

2026-07-08 17:14:09 - MayaTools.CNTManager3 - WARNING - [CNTManager3] 실패 - rig_ready:export:FACIAL_L_NeckA2_parentConstraint1.drawStyle: setAttr: No object matches name: rig_ready:export:FACIAL_L_NeckA2_parentConstraint1.drawStyle

2026-07-08 17:14:09 - MayaTools.CNTManager3 - WARNING - [CNTManager3] 실패 - rig_ready:export:FACIAL_L_NeckA2_scaleConstraint1.drawStyle: setAttr: No object matches name: rig_ready:export:FACIAL_L_NeckA2_scaleConstraint1.drawStyle

2026-07-08 17:14:09 - MayaTools.CNTManager3 - WARNING - [CNTManager3] 실패 - rig_ready:export:FACIAL_R_NeckA2_parentConstraint1.drawStyle: setAttr: No object matches name: rig_ready:export:FACIAL_R_NeckA2_parentConstraint1.drawStyle

2026-07-08 17:14:09 - MayaTools.CNTManager3 - WARNING - [CNTManager3] 실패 - rig_ready:export:FACIAL_R_NeckA2_scaleConstraint1.drawStyle: setAttr: No object matches name: rig_ready:export:FACIAL_R_NeckA2_scaleConstraint1.drawStyle

2026-07-08 17:14:09 - MayaTools.CNTManager3 - WARNING - [CNTManager3] 실패 - rig_ready:export:FACIAL_L_NeckA3_parentConstraint1.drawStyle: setAttr: No object matches name: rig_ready:export:FACIAL_L_NeckA3_parentConstraint1.drawStyle

2026-07-08 17:14:09 - MayaTools.CNTManager3 - WARNING - [CNTManager3] 실패 - rig_ready:export:FACIAL_L_NeckA3_scaleConstraint1.drawStyle: setAttr: No object matches name: rig_ready:export:FACIAL_L_NeckA3_scaleConstraint1.drawStyle

2026-07-08 17:14:09 - MayaTools.CNTManager3 - WARNING - [CNTManager3] 실패 - rig_ready:export:FACIAL_R_NeckA3_parentConstraint1.drawStyle: setAttr: No object matches name: rig_ready:export:FACIAL_R_NeckA3_parentConstraint1.drawStyle

2026-07-08 17:14:09 - MayaTools.CNTManager3 - WARNING - [CNTManager3] 실패 - rig_ready:export:FACIAL_R_NeckA3_scaleConstraint1.drawStyle: setAttr: No object matches name: rig_ready:export:FACIAL_R_NeckA3_scaleConstraint1.drawStyle

2026-07-08 17:14:09 - MayaTools.CNTManager3 - WARNING - [CNTManager3] 실패 - rig_ready:export:FACIAL_L_12IPV_NeckA1_parentConstraint1.drawStyle: setAttr: No object matches name: rig_ready:export:FACIAL_L_12IPV_NeckA1_parentConstraint1.drawStyle

2026-07-08 17:14:09 - MayaTools.CNTManager3 - WARNING - [CNTManager3] 실패 - rig_ready:export:FACIAL_L_12IPV_NeckA1_scaleConstraint1.drawStyle: setAttr: No object matches name: rig_ready:export:FACIAL_L_12IPV_NeckA1_scaleConstraint1.drawStyle

2026-07-08 17:14:09 - MayaTools.CNTManager3 - WARNING - [CNTManager3] 실패 - rig_ready:export:FACIAL_R_12IPV_NeckA1_parentConstraint1.drawStyle: setAttr: No object matches name: rig_ready:export:FACIAL_R_12IPV_NeckA1_parentConstraint1.drawStyle

2026-07-08 17:14:09 - MayaTools.CNTManager3 - WARNING - [CNTManager3] 실패 - rig_ready:export:FACIAL_R_12IPV_NeckA1_scaleConstraint1.drawStyle: setAttr: No object matches name: rig_ready:export:FACIAL_R_12IPV_NeckA1_scaleConstraint1.drawStyle

2026-07-08 17:14:09 - MayaTools.CNTManager3 - WARNING - [CNTManager3] 실패 - rig_ready:export:FACIAL_L_12IPV_NeckA2_parentConstraint1.drawStyle: setAttr: No object matches name: rig_ready:export:FACIAL_L_12IPV_NeckA2_parentConstraint1.drawStyle

2026-07-08 17:14:09 - MayaTools.CNTManager3 - WARNING - [CNTManager3] 실패 - rig_ready:export:FACIAL_L_12IPV_NeckA2_scaleConstraint1.drawStyle: setAttr: No object matches name: rig_ready:export:FACIAL_L_12IPV_NeckA2_scaleConstraint1.drawStyle

2026-07-08 17:14:09 - MayaTools.CNTManager3 - WARNING - [CNTManager3] 실패 - rig_ready:export:FACIAL_R_12IPV_NeckA2_parentConstraint1.drawStyle: setAttr: No object matches name: rig_ready:export:FACIAL_R_12IPV_NeckA2_parentConstraint1.drawStyle

2026-07-08 17:14:09 - MayaTools.CNTManager3 - WARNING - [CNTManager3] 실패 - rig_ready:export:FACIAL_R_12IPV_NeckA2_scaleConstraint1.drawStyle: setAttr: No object matches name: rig_ready:export:FACIAL_R_12IPV_NeckA2_scaleConstraint1.drawStyle

2026-07-08 17:14:09 - MayaTools.CNTManager3 - WARNING - [CNTManager3] 실패 - rig_ready:export:FACIAL_L_12IPV_NeckA3_parentConstraint1.drawStyle: setAttr: No object matches name: rig_ready:export:FACIAL_L_12IPV_NeckA3_parentConstraint1.drawStyle

2026-07-08 17:14:09 - MayaTools.CNTManager3 - WARNING - [CNTManager3] 실패 - rig_ready:export:FACIAL_L_12IPV_NeckA3_scaleConstraint1.drawStyle: setAttr: No object matches name: rig_ready:export:FACIAL_L_12IPV_NeckA3_scaleConstraint1.drawStyle

2026-07-08 17:14:09 - MayaTools.CNTManager3 - WARNING - [CNTManager3] 실패 - rig_ready:export:FACIAL_R_12IPV_NeckA3_parentConstraint1.drawStyle: setAttr: No object matches name: rig_ready:export:FACIAL_R_12IPV_NeckA3_parentConstraint1.drawStyle

2026-07-08 17:14:09 - MayaTools.CNTManager3 - WARNING - [CNTManager3] 실패 - rig_ready:export:FACIAL_R_12IPV_NeckA3_scaleConstraint1.drawStyle: setAttr: No object matches name: rig_ready:export:FACIAL_R_12IPV_NeckA3_scaleConstraint1.drawStyle

2026-07-08 17:14:09 - MayaTools.CNTManager3 - WARNING - [CNTManager3] 실패 - rig_ready:export:FACIAL_L_12IPV_NeckA4_parentConstraint1.drawStyle: setAttr: No object matches name: rig_ready:export:FACIAL_L_12IPV_NeckA4_parentConstraint1.drawStyle

2026-07-08 17:14:09 - MayaTools.CNTManager3 - WARNING - [CNTManager3] 실패 - rig_ready:export:FACIAL_L_12IPV_NeckA4_scaleConstraint1.drawStyle: setAttr: No object matches name: rig_ready:export:FACIAL_L_12IPV_NeckA4_scaleConstraint1.drawStyle

2026-07-08 17:14:09 - MayaTools.CNTManager3 - WARNING - [CNTManager3] 실패 - rig_ready:export:FACIAL_R_12IPV_NeckA4_parentConstraint1.drawStyle: setAttr: No object matches name: rig_ready:export:FACIAL_R_12IPV_NeckA4_parentConstraint1.drawStyle

2026-07-08 17:14:09 - MayaTools.CNTManager3 - WARNING - [CNTManager3] 실패 - rig_ready:export:FACIAL_R_12IPV_NeckA4_scaleConstraint1.drawStyle: setAttr: No object matches name: rig_ready:export:FACIAL_R_12IPV_NeckA4_scaleConstraint1.drawStyle

2026-07-08 17:14:09 - MayaTools.CNTManager3 - WARNING - [CNTManager3] 실패 - rig_ready:export:FACIAL_L_12IPV_NeckA5_parentConstraint1.drawStyle: setAttr: No object matches name: rig_ready:export:FACIAL_L_12IPV_NeckA5_parentConstraint1.drawStyle

2026-07-08 17:14:09 - MayaTools.CNTManager3 - WARNING - [CNTManager3] 실패 - rig_ready:export:FACIAL_L_12IPV_NeckA5_scaleConstraint1.drawStyle: setAttr: No object matches name: rig_ready:export:FACIAL_L_12IPV_NeckA5_scaleConstraint1.drawStyle

2026-07-08 17:14:09 - MayaTools.CNTManager3 - WARNING - [CNTManager3] 실패 - rig_ready:export:FACIAL_R_12IPV_NeckA5_parentConstraint1.drawStyle: setAttr: No object matches name: rig_ready:export:FACIAL_R_12IPV_NeckA5_parentConstraint1.drawStyle

2026-07-08 17:14:09 - MayaTools.CNTManager3 - WARNING - [CNTManager3] 실패 - rig_ready:export:FACIAL_R_12IPV_NeckA5_scaleConstraint1.drawStyle: setAttr: No object matches name: rig_ready:export:FACIAL_R_12IPV_NeckA5_scaleConstraint1.drawStyle

2026-07-08 17:14:09 - MayaTools.CNTManager3 - WARNING - [CNTManager3] 실패 - rig_ready:export:FACIAL_L_12IPV_NeckA6_parentConstraint1.drawStyle: setAttr: No object matches name: rig_ready:export:FACIAL_L_12IPV_NeckA6_parentConstraint1.drawStyle

2026-07-08 17:14:09 - MayaTools.CNTManager3 - WARNING - [CNTManager3] 실패 - rig_ready:export:FACIAL_L_12IPV_NeckA6_scaleConstraint1.drawStyle: setAttr: No object matches name: rig_ready:export:FACIAL_L_12IPV_NeckA6_scaleConstraint1.drawStyle

2026-07-08 17:14:09 - MayaTools.CNTManager3 - WARNING - [CNTManager3] 실패 - rig_ready:export:FACIAL_R_12IPV_NeckA6_parentConstraint1.drawStyle: setAttr: No object matches name: rig_ready:export:FACIAL_R_12IPV_NeckA6_parentConstraint1.drawStyle

2026-07-08 17:14:09 - MayaTools.CNTManager3 - WARNING - [CNTManager3] 실패 - rig_ready:export:FACIAL_R_12IPV_NeckA6_scaleConstraint1.drawStyle: setAttr: No object matches name: rig_ready:export:FACIAL_R_12IPV_NeckA6_scaleConstraint1.drawStyle

2026-07-08 17:14:09 - MayaTools.CNTManager3 - WARNING - [CNTManager3] 실패 - rig_ready:export:FACIAL_C_NeckBackA_parentConstraint1.drawStyle: setAttr: No object matches name: rig_ready:export:FACIAL_C_NeckBackA_parentConstraint1.drawStyle

2026-07-08 17:14:09 - MayaTools.CNTManager3 - WARNING - [CNTManager3] 실패 - rig_ready:export:FACIAL_C_NeckBackA_scaleConstraint1.drawStyle: setAttr: No object matches name: rig_ready:export:FACIAL_C_NeckBackA_scaleConstraint1.drawStyle

2026-07-08 17:14:09 - MayaTools.CNTManager3 - WARNING - [CNTManager3] 실패 - rig_ready:export:FACIAL_L_NeckBackA_parentConstraint1.drawStyle: setAttr: No object matches name: rig_ready:export:FACIAL_L_NeckBackA_parentConstraint1.drawStyle

2026-07-08 17:14:09 - MayaTools.CNTManager3 - WARNING - [CNTManager3] 실패 - rig_ready:export:FACIAL_L_NeckBackA_scaleConstraint1.drawStyle: setAttr: No object matches name: rig_ready:export:FACIAL_L_NeckBackA_scaleConstraint1.drawStyle

2026-07-08 17:14:09 - MayaTools.CNTManager3 - WARNING - [CNTManager3] 실패 - rig_ready:export:FACIAL_R_NeckBackA_parentConstraint1.drawStyle: setAttr: No object matches name: rig_ready:export:FACIAL_R_NeckBackA_parentConstraint1.drawStyle

2026-07-08 17:14:09 - MayaTools.CNTManager3 - WARNING - [CNTManager3] 실패 - rig_ready:export:FACIAL_R_NeckBackA_scaleConstraint1.drawStyle: setAttr: No object matches name: rig_ready:export:FACIAL_R_NeckBackA_scaleConstraint1.drawStyle

2026-07-08 17:14:09 - MayaTools.CNTManager3 - WARNING - [CNTManager3] 실패 - rig_ready:export:FACIAL_C_12IPV_NeckBackA1_parentConstraint1.drawStyle: setAttr: No object matches name: rig_ready:export:FACIAL_C_12IPV_NeckBackA1_parentConstraint1.drawStyle

2026-07-08 17:14:09 - MayaTools.CNTManager3 - WARNING - [CNTManager3] 실패 - rig_ready:export:FACIAL_C_12IPV_NeckBackA1_scaleConstraint1.drawStyle: setAttr: No object matches name: rig_ready:export:FACIAL_C_12IPV_NeckBackA1_scaleConstraint1.drawStyle

2026-07-08 17:14:09 - MayaTools.CNTManager3 - WARNING - [CNTManager3] 실패 - rig_ready:export:FACIAL_C_12IPV_NeckBackA2_parentConstraint1.drawStyle: setAttr: No object matches name: rig_ready:export:FACIAL_C_12IPV_NeckBackA2_parentConstraint1.drawStyle

2026-07-08 17:14:09 - MayaTools.CNTManager3 - WARNING - [CNTManager3] 실패 - rig_ready:export:FACIAL_C_12IPV_NeckBackA2_scaleConstraint1.drawStyle: setAttr: No object matches name: rig_ready:export:FACIAL_C_12IPV_NeckBackA2_scaleConstraint1.drawStyle

2026-07-08 17:14:09 - MayaTools.CNTManager3 - WARNING - [CNTManager3] 실패 - rig_ready:export:FACIAL_L_12IPV_NeckBackA1_parentConstraint1.drawStyle: setAttr: No object matches name: rig_ready:export:FACIAL_L_12IPV_NeckBackA1_parentConstraint1.drawStyle

2026-07-08 17:14:09 - MayaTools.CNTManager3 - WARNING - [CNTManager3] 실패 - rig_ready:export:FACIAL_L_12IPV_NeckBackA1_scaleConstraint1.drawStyle: setAttr: No object matches name: rig_ready:export:FACIAL_L_12IPV_NeckBackA1_scaleConstraint1.drawStyle

2026-07-08 17:14:09 - MayaTools.CNTManager3 - WARNING - [CNTManager3] 실패 - rig_ready:export:FACIAL_R_12IPV_NeckBackA1_parentConstraint1.drawStyle: setAttr: No object matches name: rig_ready:export:FACIAL_R_12IPV_NeckBackA1_parentConstraint1.drawStyle

2026-07-08 17:14:09 - MayaTools.CNTManager3 - WARNING - [CNTManager3] 실패 - rig_ready:export:FACIAL_R_12IPV_NeckBackA1_scaleConstraint1.drawStyle: setAttr: No object matches name: rig_ready:export:FACIAL_R_12IPV_NeckBackA1_scaleConstraint1.drawStyle

2026-07-08 17:14:09 - MayaTools.CNTManager3 - WARNING - [CNTManager3] 실패 - rig_ready:export:FACIAL_L_12IPV_NeckBackA2_parentConstraint1.drawStyle: setAttr: No object matches name: rig_ready:export:FACIAL_L_12IPV_NeckBackA2_parentConstraint1.drawStyle

2026-07-08 17:14:09 - MayaTools.CNTManager3 - WARNING - [CNTManager3] 실패 - rig_ready:export:FACIAL_L_12IPV_NeckBackA2_scaleConstraint1.drawStyle: setAttr: No object matches name: rig_ready:export:FACIAL_L_12IPV_NeckBackA2_scaleConstraint1.drawStyle

2026-07-08 17:14:09 - MayaTools.CNTManager3 - WARNING - [CNTManager3] 실패 - rig_ready:export:FACIAL_R_12IPV_NeckBackA2_parentConstraint1.drawStyle: setAttr: No object matches name: rig_ready:export:FACIAL_R_12IPV_NeckBackA2_parentConstraint1.drawStyle

2026-07-08 17:14:09 - MayaTools.CNTManager3 - WARNING - [CNTManager3] 실패 - rig_ready:export:FACIAL_R_12IPV_NeckBackA2_scaleConstraint1.drawStyle: setAttr: No object matches name: rig_ready:export:FACIAL_R_12IPV_NeckBackA2_scaleConstraint1.drawStyle

2026-07-08 17:14:09 - MayaTools.CNTManager3 - WARNING - [CNTManager3] 실패 - rig_ready:export:FACIAL_C_Neck2Root_parentConstraint1.drawStyle: setAttr: No object matches name: rig_ready:export:FACIAL_C_Neck2Root_parentConstraint1.drawStyle

2026-07-08 17:14:09 - MayaTools.CNTManager3 - WARNING - [CNTManager3] 실패 - rig_ready:export:FACIAL_C_Neck2Root_scaleConstraint1.drawStyle: setAttr: No object matches name: rig_ready:export:FACIAL_C_Neck2Root_scaleConstraint1.drawStyle

2026-07-08 17:14:09 - MayaTools.CNTManager3 - WARNING - [CNTManager3] 실패 - rig_ready:export:neck_02_parentConstraint1.drawStyle: setAttr: No object matches name: rig_ready:export:neck_02_parentConstraint1.drawStyle

2026-07-08 17:14:09 - MayaTools.CNTManager3 - WARNING - [CNTManager3] 실패 - rig_ready:export:neck_02_scaleConstraint1.drawStyle: setAttr: No object matches name: rig_ready:export:neck_02_scaleConstraint1.drawStyle

2026-07-08 17:14:09 - MayaTools.CNTManager3 - WARNING - [CNTManager3] 실패 - rig_ready:export:FACIAL_C_NeckB_parentConstraint1.drawStyle: setAttr: No object matches name: rig_ready:export:FACIAL_C_NeckB_parentConstraint1.drawStyle

2026-07-08 17:14:09 - MayaTools.CNTManager3 - WARNING - [CNTManager3] 실패 - rig_ready:export:FACIAL_C_NeckB_scaleConstraint1.drawStyle: setAttr: No object matches name: rig_ready:export:FACIAL_C_NeckB_scaleConstraint1.drawStyle

2026-07-08 17:14:09 - MayaTools.CNTManager3 - WARNING - [CNTManager3] 실패 - rig_ready:export:FACIAL_L_NeckB1_parentConstraint1.drawStyle: setAttr: No object matches name: rig_ready:export:FACIAL_L_NeckB1_parentConstraint1.drawStyle

2026-07-08 17:14:09 - MayaTools.CNTManager3 - WARNING - [CNTManager3] 실패 - rig_ready:export:FACIAL_L_NeckB1_scaleConstraint1.drawStyle: setAttr: No object matches name: rig_ready:export:FACIAL_L_NeckB1_scaleConstraint1.drawStyle

2026-07-08 17:14:09 - MayaTools.CNTManager3 - WARNING - [CNTManager3] 실패 - rig_ready:export:FACIAL_R_NeckB1_parentConstraint1.drawStyle: setAttr: No object matches name: rig_ready:export:FACIAL_R_NeckB1_parentConstraint1.drawStyle

2026-07-08 17:14:09 - MayaTools.CNTManager3 - WARNING - [CNTManager3] 실패 - rig_ready:export:FACIAL_R_NeckB1_scaleConstraint1.drawStyle: setAttr: No object matches name: rig_ready:export:FACIAL_R_NeckB1_scaleConstraint1.drawStyle

2026-07-08 17:14:09 - MayaTools.CNTManager3 - WARNING - [CNTManager3] 실패 - rig_ready:export:FACIAL_L_NeckB2_parentConstraint1.drawStyle: setAttr: No object matches name: rig_ready:export:FACIAL_L_NeckB2_parentConstraint1.drawStyle

2026-07-08 17:14:09 - MayaTools.CNTManager3 - WARNING - [CNTManager3] 실패 - rig_ready:export:FACIAL_L_NeckB2_scaleConstraint1.drawStyle: setAttr: No object matches name: rig_ready:export:FACIAL_L_NeckB2_scaleConstraint1.drawStyle

2026-07-08 17:14:09 - MayaTools.CNTManager3 - WARNING - [CNTManager3] 실패 - rig_ready:export:FACIAL_R_NeckB2_parentConstraint1.drawStyle: setAttr: No object matches name: rig_ready:export:FACIAL_R_NeckB2_parentConstraint1.drawStyle

2026-07-08 17:14:09 - MayaTools.CNTManager3 - WARNING - [CNTManager3] 실패 - rig_ready:export:FACIAL_R_NeckB2_scaleConstraint1.drawStyle: setAttr: No object matches name: rig_ready:export:FACIAL_R_NeckB2_scaleConstraint1.drawStyle

2026-07-08 17:14:09 - MayaTools.CNTManager3 - WARNING - [CNTManager3] 실패 - rig_ready:export:FACIAL_C_12IPV_NeckB1_parentConstraint1.drawStyle: setAttr: No object matches name: rig_ready:export:FACIAL_C_12IPV_NeckB1_parentConstraint1.drawStyle

2026-07-08 17:14:09 - MayaTools.CNTManager3 - WARNING - [CNTManager3] 실패 - rig_ready:export:FACIAL_C_12IPV_NeckB1_scaleConstraint1.drawStyle: setAttr: No object matches name: rig_ready:export:FACIAL_C_12IPV_NeckB1_scaleConstraint1.drawStyle

2026-07-08 17:14:09 - MayaTools.CNTManager3 - WARNING - [CNTManager3] 실패 - rig_ready:export:FACIAL_C_12IPV_NeckB2_parentConstraint1.drawStyle: setAttr: No object matches name: rig_ready:export:FACIAL_C_12IPV_NeckB2_parentConstraint1.drawStyle

2026-07-08 17:14:09 - MayaTools.CNTManager3 - WARNING - [CNTManager3] 실패 - rig_ready:export:FACIAL_C_12IPV_NeckB2_scaleConstraint1.drawStyle: setAttr: No object matches name: rig_ready:export:FACIAL_C_12IPV_NeckB2_scaleConstraint1.drawStyle

2026-07-08 17:14:09 - MayaTools.CNTManager3 - WARNING - [CNTManager3] 실패 - rig_ready:export:FACIAL_L_12IPV_NeckB3_parentConstraint1.drawStyle: setAttr: No object matches name: rig_ready:export:FACIAL_L_12IPV_NeckB3_parentConstraint1.drawStyle

2026-07-08 17:14:09 - MayaTools.CNTManager3 - WARNING - [CNTManager3] 실패 - rig_ready:export:FACIAL_L_12IPV_NeckB3_scaleConstraint1.drawStyle: setAttr: No object matches name: rig_ready:export:FACIAL_L_12IPV_NeckB3_scaleConstraint1.drawStyle

2026-07-08 17:14:09 - MayaTools.CNTManager3 - WARNING - [CNTManager3] 실패 - rig_ready:export:FACIAL_R_12IPV_NeckB3_parentConstraint1.drawStyle: setAttr: No object matches name: rig_ready:export:FACIAL_R_12IPV_NeckB3_parentConstraint1.drawStyle

2026-07-08 17:14:09 - MayaTools.CNTManager3 - WARNING - [CNTManager3] 실패 - rig_ready:export:FACIAL_R_12IPV_NeckB3_scaleConstraint1.drawStyle: setAttr: No object matches name: rig_ready:export:FACIAL_R_12IPV_NeckB3_scaleConstraint1.drawStyle

2026-07-08 17:14:09 - MayaTools.CNTManager3 - WARNING - [CNTManager3] 실패 - rig_ready:export:FACIAL_L_12IPV_NeckB4_parentConstraint1.drawStyle: setAttr: No object matches name: rig_ready:export:FACIAL_L_12IPV_NeckB4_parentConstraint1.drawStyle

2026-07-08 17:14:09 - MayaTools.CNTManager3 - WARNING - [CNTManager3] 실패 - rig_ready:export:FACIAL_L_12IPV_NeckB4_scaleConstraint1.drawStyle: setAttr: No object matches name: rig_ready:export:FACIAL_L_12IPV_NeckB4_scaleConstraint1.drawStyle

2026-07-08 17:14:09 - MayaTools.CNTManager3 - WARNING - [CNTManager3] 실패 - rig_ready:export:FACIAL_R_12IPV_NeckB4_parentConstraint1.drawStyle: setAttr: No object matches name: rig_ready:export:FACIAL_R_12IPV_NeckB4_parentConstraint1.drawStyle

2026-07-08 17:14:09 - MayaTools.CNTManager3 - WARNING - [CNTManager3] 실패 - rig_ready:export:FACIAL_R_12IPV_NeckB4_scaleConstraint1.drawStyle: setAttr: No object matches name: rig_ready:export:FACIAL_R_12IPV_NeckB4_scaleConstraint1.drawStyle

2026-07-08 17:14:09 - MayaTools.CNTManager3 - WARNING - [CNTManager3] 실패 - rig_ready:export:FACIAL_L_12IPV_NeckB5_parentConstraint1.drawStyle: setAttr: No object matches name: rig_ready:export:FACIAL_L_12IPV_NeckB5_parentConstraint1.drawStyle

2026-07-08 17:14:09 - MayaTools.CNTManager3 - WARNING - [CNTManager3] 실패 - rig_ready:export:FACIAL_L_12IPV_NeckB5_scaleConstraint1.drawStyle: setAttr: No object matches name: rig_ready:export:FACIAL_L_12IPV_NeckB5_scaleConstraint1.drawStyle

2026-07-08 17:14:09 - MayaTools.CNTManager3 - WARNING - [CNTManager3] 실패 - rig_ready:export:FACIAL_R_12IPV_NeckB5_parentConstraint1.drawStyle: setAttr: No object matches name: rig_ready:export:FACIAL_R_12IPV_NeckB5_parentConstraint1.drawStyle

2026-07-08 17:14:09 - MayaTools.CNTManager3 - WARNING - [CNTManager3] 실패 - rig_ready:export:FACIAL_R_12IPV_NeckB5_scaleConstraint1.drawStyle: setAttr: No object matches name: rig_ready:export:FACIAL_R_12IPV_NeckB5_scaleConstraint1.drawStyle

2026-07-08 17:14:09 - MayaTools.CNTManager3 - WARNING - [CNTManager3] 실패 - rig_ready:export:FACIAL_L_12IPV_NeckB6_parentConstraint1.drawStyle: setAttr: No object matches name: rig_ready:export:FACIAL_L_12IPV_NeckB6_parentConstraint1.drawStyle

2026-07-08 17:14:09 - MayaTools.CNTManager3 - WARNING - [CNTManager3] 실패 - rig_ready:export:FACIAL_L_12IPV_NeckB6_scaleConstraint1.drawStyle: setAttr: No object matches name: rig_ready:export:FACIAL_L_12IPV_NeckB6_scaleConstraint1.drawStyle

2026-07-08 17:14:09 - MayaTools.CNTManager3 - WARNING - [CNTManager3] 실패 - rig_ready:export:FACIAL_R_12IPV_NeckB6_parentConstraint1.drawStyle: setAttr: No object matches name: rig_ready:export:FACIAL_R_12IPV_NeckB6_parentConstraint1.drawStyle

2026-07-08 17:14:09 - MayaTools.CNTManager3 - WARNING - [CNTManager3] 실패 - rig_ready:export:FACIAL_R_12IPV_NeckB6_scaleConstraint1.drawStyle: setAttr: No object matches name: rig_ready:export:FACIAL_R_12IPV_NeckB6_scaleConstraint1.drawStyle

2026-07-08 17:14:09 - MayaTools.CNTManager3 - WARNING - [CNTManager3] 실패 - rig_ready:export:FACIAL_L_12IPV_NeckB7_parentConstraint1.drawStyle: setAttr: No object matches name: rig_ready:export:FACIAL_L_12IPV_NeckB7_parentConstraint1.drawStyle

2026-07-08 17:14:09 - MayaTools.CNTManager3 - WARNING - [CNTManager3] 실패 - rig_ready:export:FACIAL_L_12IPV_NeckB7_scaleConstraint1.drawStyle: setAttr: No object matches name: rig_ready:export:FACIAL_L_12IPV_NeckB7_scaleConstraint1.drawStyle

2026-07-08 17:14:09 - MayaTools.CNTManager3 - WARNING - [CNTManager3] 실패 - rig_ready:export:FACIAL_R_12IPV_NeckB7_parentConstraint1.drawStyle: setAttr: No object matches name: rig_ready:export:FACIAL_R_12IPV_NeckB7_parentConstraint1.drawStyle

2026-07-08 17:14:09 - MayaTools.CNTManager3 - WARNING - [CNTManager3] 실패 - rig_ready:export:FACIAL_R_12IPV_NeckB7_scaleConstraint1.drawStyle: setAttr: No object matches name: rig_ready:export:FACIAL_R_12IPV_NeckB7_scaleConstraint1.drawStyle

2026-07-08 17:14:09 - MayaTools.CNTManager3 - WARNING - [CNTManager3] 실패 - rig_ready:export:FACIAL_C_NeckBackB_parentConstraint1.drawStyle: setAttr: No object matches name: rig_ready:export:FACIAL_C_NeckBackB_parentConstraint1.drawStyle

2026-07-08 17:14:09 - MayaTools.CNTManager3 - WARNING - [CNTManager3] 실패 - rig_ready:export:FACIAL_C_NeckBackB_scaleConstraint1.drawStyle: setAttr: No object matches name: rig_ready:export:FACIAL_C_NeckBackB_scaleConstraint1.drawStyle

2026-07-08 17:14:09 - MayaTools.CNTManager3 - WARNING - [CNTManager3] 실패 - rig_ready:export:FACIAL_L_NeckBackB_parentConstraint1.drawStyle: setAttr: No object matches name: rig_ready:export:FACIAL_L_NeckBackB_parentConstraint1.drawStyle

2026-07-08 17:14:09 - MayaTools.CNTManager3 - WARNING - [CNTManager3] 실패 - rig_ready:export:FACIAL_L_NeckBackB_scaleConstraint1.drawStyle: setAttr: No object matches name: rig_ready:export:FACIAL_L_NeckBackB_scaleConstraint1.drawStyle

2026-07-08 17:14:09 - MayaTools.CNTManager3 - WARNING - [CNTManager3] 실패 - rig_ready:export:FACIAL_R_NeckBackB_parentConstraint1.drawStyle: setAttr: No object matches name: rig_ready:export:FACIAL_R_NeckBackB_parentConstraint1.drawStyle

2026-07-08 17:14:09 - MayaTools.CNTManager3 - WARNING - [CNTManager3] 실패 - rig_ready:export:FACIAL_R_NeckBackB_scaleConstraint1.drawStyle: setAttr: No object matches name: rig_ready:export:FACIAL_R_NeckBackB_scaleConstraint1.drawStyle

2026-07-08 17:14:09 - MayaTools.CNTManager3 - WARNING - [CNTManager3] 실패 - rig_ready:export:FACIAL_C_12IPV_NeckBackB1_parentConstraint1.drawStyle: setAttr: No object matches name: rig_ready:export:FACIAL_C_12IPV_NeckBackB1_parentConstraint1.drawStyle

2026-07-08 17:14:09 - MayaTools.CNTManager3 - WARNING - [CNTManager3] 실패 - rig_ready:export:FACIAL_C_12IPV_NeckBackB1_scaleConstraint1.drawStyle: setAttr: No object matches name: rig_ready:export:FACIAL_C_12IPV_NeckBackB1_scaleConstraint1.drawStyle

2026-07-08 17:14:09 - MayaTools.CNTManager3 - WARNING - [CNTManager3] 실패 - rig_ready:export:FACIAL_C_12IPV_NeckBackB2_parentConstraint1.drawStyle: setAttr: No object matches name: rig_ready:export:FACIAL_C_12IPV_NeckBackB2_parentConstraint1.drawStyle

2026-07-08 17:14:09 - MayaTools.CNTManager3 - WARNING - [CNTManager3] 실패 - rig_ready:export:FACIAL_C_12IPV_NeckBackB2_scaleConstraint1.drawStyle: setAttr: No object matches name: rig_ready:export:FACIAL_C_12IPV_NeckBackB2_scaleConstraint1.drawStyle

2026-07-08 17:14:09 - MayaTools.CNTManager3 - WARNING - [CNTManager3] 실패 - rig_ready:export:FACIAL_L_12IPV_NeckBackB1_parentConstraint1.drawStyle: setAttr: No object matches name: rig_ready:export:FACIAL_L_12IPV_NeckBackB1_parentConstraint1.drawStyle

2026-07-08 17:14:09 - MayaTools.CNTManager3 - WARNING - [CNTManager3] 실패 - rig_ready:export:FACIAL_L_12IPV_NeckBackB1_scaleConstraint1.drawStyle: setAttr: No object matches name: rig_ready:export:FACIAL_L_12IPV_NeckBackB1_scaleConstraint1.drawStyle

2026-07-08 17:14:09 - MayaTools.CNTManager3 - WARNING - [CNTManager3] 실패 - rig_ready:export:FACIAL_R_12IPV_NeckBackB1_parentConstraint1.drawStyle: setAttr: No object matches name: rig_ready:export:FACIAL_R_12IPV_NeckBackB1_parentConstraint1.drawStyle

2026-07-08 17:14:09 - MayaTools.CNTManager3 - WARNING - [CNTManager3] 실패 - rig_ready:export:FACIAL_R_12IPV_NeckBackB1_scaleConstraint1.drawStyle: setAttr: No object matches name: rig_ready:export:FACIAL_R_12IPV_NeckBackB1_scaleConstraint1.drawStyle

2026-07-08 17:14:09 - MayaTools.CNTManager3 - WARNING - [CNTManager3] 실패 - rig_ready:export:FACIAL_L_12IPV_NeckBackB2_parentConstraint1.drawStyle: setAttr: No object matches name: rig_ready:export:FACIAL_L_12IPV_NeckBackB2_parentConstraint1.drawStyle

2026-07-08 17:14:09 - MayaTools.CNTManager3 - WARNING - [CNTManager3] 실패 - rig_ready:export:FACIAL_L_12IPV_NeckBackB2_scaleConstraint1.drawStyle: setAttr: No object matches name: rig_ready:export:FACIAL_L_12IPV_NeckBackB2_scaleConstraint1.drawStyle

2026-07-08 17:14:09 - MayaTools.CNTManager3 - WARNING - [CNTManager3] 실패 - rig_ready:export:FACIAL_R_12IPV_NeckBackB2_parentConstraint1.drawStyle: setAttr: No object matches name: rig_ready:export:FACIAL_R_12IPV_NeckBackB2_parentConstraint1.drawStyle

2026-07-08 17:14:09 - MayaTools.CNTManager3 - WARNING - [CNTManager3] 실패 - rig_ready:export:FACIAL_R_12IPV_NeckBackB2_scaleConstraint1.drawStyle: setAttr: No object matches name: rig_ready:export:FACIAL_R_12IPV_NeckBackB2_scaleConstraint1.drawStyle

2026-07-08 17:14:09 - MayaTools.CNTManager3 - WARNING - [CNTManager3] 실패 - rig_ready:export:FACIAL_C_Neck1Root_parentConstraint1.drawStyle: setAttr: No object matches name: rig_ready:export:FACIAL_C_Neck1Root_parentConstraint1.drawStyle

2026-07-08 17:14:09 - MayaTools.CNTManager3 - WARNING - [CNTManager3] 실패 - rig_ready:export:FACIAL_C_Neck1Root_scaleConstraint1.drawStyle: setAttr: No object matches name: rig_ready:export:FACIAL_C_Neck1Root_scaleConstraint1.drawStyle

2026-07-08 17:14:09 - MayaTools.CNTManager3 - WARNING - [CNTManager3] 실패 - rig_ready:export:neck_01_no_twist_parentConstraint1.drawStyle: setAttr: No object matches name: rig_ready:export:neck_01_no_twist_parentConstraint1.drawStyle

2026-07-08 17:14:09 - MayaTools.CNTManager3 - WARNING - [CNTManager3] 실패 - rig_ready:export:neck_01_no_twist_scaleConstraint1.drawStyle: setAttr: No object matches name: rig_ready:export:neck_01_no_twist_scaleConstraint1.drawStyle

2026-07-08 17:14:09 - MayaTools.CNTManager3 - WARNING - [CNTManager3] 실패 - rig_ready:export:neck_01_parentConstraint1.drawStyle: setAttr: No object matches name: rig_ready:export:neck_01_parentConstraint1.drawStyle

2026-07-08 17:14:09 - MayaTools.CNTManager3 - WARNING - [CNTManager3] 실패 - rig_ready:export:neck_01_scaleConstraint1.drawStyle: setAttr: No object matches name: rig_ready:export:neck_01_scaleConstraint1.drawStyle

2026-07-08 17:14:09 - MayaTools.CNTManager3 - WARNING - [CNTManager3] 실패 - rig_ready:export:upperarm_bck_l_parentConstraint1.drawStyle: setAttr: No object matches name: rig_ready:export:upperarm_bck_l_parentConstraint1.drawStyle

2026-07-08 17:14:09 - MayaTools.CNTManager3 - WARNING - [CNTManager3] 실패 - rig_ready:export:upperarm_bck_l_scaleConstraint1.drawStyle: setAttr: No object matches name: rig_ready:export:upperarm_bck_l_scaleConstraint1.drawStyle

2026-07-08 17:14:09 - MayaTools.CNTManager3 - WARNING - [CNTManager3] 실패 - rig_ready:export:upperarm_fwd_l_parentConstraint1.drawStyle: setAttr: No object matches name: rig_ready:export:upperarm_fwd_l_parentConstraint1.drawStyle

2026-07-08 17:14:09 - MayaTools.CNTManager3 - WARNING - [CNTManager3] 실패 - rig_ready:export:upperarm_fwd_l_scaleConstraint1.drawStyle: setAttr: No object matches name: rig_ready:export:upperarm_fwd_l_scaleConstraint1.drawStyle

2026-07-08 17:14:09 - MayaTools.CNTManager3 - WARNING - [CNTManager3] 실패 - rig_ready:export:upperarm_in_l_parentConstraint1.drawStyle: setAttr: No object matches name: rig_ready:export:upperarm_in_l_parentConstraint1.drawStyle

2026-07-08 17:14:09 - MayaTools.CNTManager3 - WARNING - [CNTManager3] 실패 - rig_ready:export:upperarm_in_l_scaleConstraint1.drawStyle: setAttr: No object matches name: rig_ready:export:upperarm_in_l_scaleConstraint1.drawStyle

2026-07-08 17:14:09 - MayaTools.CNTManager3 - WARNING - [CNTManager3] 실패 - rig_ready:export:upperarm_out_l_parentConstraint1.drawStyle: setAttr: No object matches name: rig_ready:export:upperarm_out_l_parentConstraint1.drawStyle

2026-07-08 17:14:09 - MayaTools.CNTManager3 - WARNING - [CNTManager3] 실패 - rig_ready:export:upperarm_out_l_scaleConstraint1.drawStyle: setAttr: No object matches name: rig_ready:export:upperarm_out_l_scaleConstraint1.drawStyle

2026-07-08 17:14:09 - MayaTools.CNTManager3 - WARNING - [CNTManager3] 실패 - rig_ready:export:upperarm_correctiveRoot_l_parentConstraint1.drawStyle: setAttr: No object matches name: rig_ready:export:upperarm_correctiveRoot_l_parentConstraint1.drawStyle

2026-07-08 17:14:09 - MayaTools.CNTManager3 - WARNING - [CNTManager3] 실패 - rig_ready:export:upperarm_correctiveRoot_l_scaleConstraint1.drawStyle: setAttr: No object matches name: rig_ready:export:upperarm_correctiveRoot_l_scaleConstraint1.drawStyle

2026-07-08 17:14:09 - MayaTools.CNTManager3 - WARNING - [CNTManager3] 실패 - rig_ready:export:pinky_03_bulge_l_parentConstraint1.drawStyle: setAttr: No object matches name: rig_ready:export:pinky_03_bulge_l_parentConstraint1.drawStyle

2026-07-08 17:14:09 - MayaTools.CNTManager3 - WARNING - [CNTManager3] 실패 - rig_ready:export:pinky_03_bulge_l_scaleConstraint1.drawStyle: setAttr: No object matches name: rig_ready:export:pinky_03_bulge_l_scaleConstraint1.drawStyle

2026-07-08 17:14:09 - MayaTools.CNTManager3 - WARNING - [CNTManager3] 실패 - rig_ready:export:pinky_03_in_l_parentConstraint1.drawStyle: setAttr: No object matches name: rig_ready:export:pinky_03_in_l_parentConstraint1.drawStyle

2026-07-08 17:14:09 - MayaTools.CNTManager3 - WARNING - [CNTManager3] 실패 - rig_ready:export:pinky_03_in_l_scaleConstraint1.drawStyle: setAttr: No object matches name: rig_ready:export:pinky_03_in_l_scaleConstraint1.drawStyle

2026-07-08 17:14:09 - MayaTools.CNTManager3 - WARNING - [CNTManager3] 실패 - rig_ready:export:pinky_02_dip_l_parentConstraint1.drawStyle: setAttr: No object matches name: rig_ready:export:pinky_02_dip_l_parentConstraint1.drawStyle

2026-07-08 17:14:09 - MayaTools.CNTManager3 - WARNING - [CNTManager3] 실패 - rig_ready:export:pinky_02_dip_l_scaleConstraint1.drawStyle: setAttr: No object matches name: rig_ready:export:pinky_02_dip_l_scaleConstraint1.drawStyle

2026-07-08 17:14:09 - MayaTools.CNTManager3 - WARNING - [CNTManager3] 실패 - rig_ready:export:pinky_03_half_l_parentConstraint1.drawStyle: setAttr: No object matches name: rig_ready:export:pinky_03_half_l_parentConstraint1.drawStyle

2026-07-08 17:14:09 - MayaTools.CNTManager3 - WARNING - [CNTManager3] 실패 - rig_ready:export:pinky_03_half_l_scaleConstraint1.drawStyle: setAttr: No object matches name: rig_ready:export:pinky_03_half_l_scaleConstraint1.drawStyle

2026-07-08 17:14:09 - MayaTools.CNTManager3 - WARNING - [CNTManager3] 실패 - rig_ready:export:pinky_03_l_parentConstraint1.drawStyle: setAttr: No object matches name: rig_ready:export:pinky_03_l_parentConstraint1.drawStyle

2026-07-08 17:14:09 - MayaTools.CNTManager3 - WARNING - [CNTManager3] 실패 - rig_ready:export:pinky_03_l_scaleConstraint1.drawStyle: setAttr: No object matches name: rig_ready:export:pinky_03_l_scaleConstraint1.drawStyle

2026-07-08 17:14:09 - MayaTools.CNTManager3 - WARNING - [CNTManager3] 실패 - rig_ready:export:pinky_02_bulge_l_parentConstraint1.drawStyle: setAttr: No object matches name: rig_ready:export:pinky_02_bulge_l_parentConstraint1.drawStyle

2026-07-08 17:14:09 - MayaTools.CNTManager3 - WARNING - [CNTManager3] 실패 - rig_ready:export:pinky_02_bulge_l_scaleConstraint1.drawStyle: setAttr: No object matches name: rig_ready:export:pinky_02_bulge_l_scaleConstraint1.drawStyle

2026-07-08 17:14:09 - MayaTools.CNTManager3 - WARNING - [CNTManager3] 실패 - rig_ready:export:pinky_02_side_out_l_parentConstraint1.drawStyle: setAttr: No object matches name: rig_ready:export:pinky_02_side_out_l_parentConstraint1.drawStyle

2026-07-08 17:14:09 - MayaTools.CNTManager3 - WARNING - [CNTManager3] 실패 - rig_ready:export:pinky_02_side_out_l_scaleConstraint1.drawStyle: setAttr: No object matches name: rig_ready:export:pinky_02_side_out_l_scaleConstraint1.drawStyle

2026-07-08 17:14:09 - MayaTools.CNTManager3 - WARNING - [CNTManager3] 실패 - rig_ready:export:pinky_02_side_inn_l_parentConstraint1.drawStyle: setAttr: No object matches name: rig_ready:export:pinky_02_side_inn_l_parentConstraint1.drawStyle

2026-07-08 17:14:09 - MayaTools.CNTManager3 - WARNING - [CNTManager3] 실패 - rig_ready:export:pinky_02_side_inn_l_scaleConstraint1.drawStyle: setAttr: No object matches name: rig_ready:export:pinky_02_side_inn_l_scaleConstraint1.drawStyle

2026-07-08 17:14:09 - MayaTools.CNTManager3 - WARNING - [CNTManager3] 실패 - rig_ready:export:pinky_02_in_l_parentConstraint1.drawStyle: setAttr: No object matches name: rig_ready:export:pinky_02_in_l_parentConstraint1.drawStyle

2026-07-08 17:14:09 - MayaTools.CNTManager3 - WARNING - [CNTManager3] 실패 - rig_ready:export:pinky_02_in_l_scaleConstraint1.drawStyle: setAttr: No object matches name: rig_ready:export:pinky_02_in_l_scaleConstraint1.drawStyle

2026-07-08 17:14:09 - MayaTools.CNTManager3 - WARNING - [CNTManager3] 실패 - rig_ready:export:pinky_02_pip_l_parentConstraint1.drawStyle: setAttr: No object matches name: rig_ready:export:pinky_02_pip_l_parentConstraint1.drawStyle

2026-07-08 17:14:09 - MayaTools.CNTManager3 - WARNING - [CNTManager3] 실패 - rig_ready:export:pinky_02_pip_l_scaleConstraint1.drawStyle: setAttr: No object matches name: rig_ready:export:pinky_02_pip_l_scaleConstraint1.drawStyle

2026-07-08 17:14:09 - MayaTools.CNTManager3 - WARNING - [CNTManager3] 실패 - rig_ready:export:pinky_02_half_l_parentConstraint1.drawStyle: setAttr: No object matches name: rig_ready:export:pinky_02_half_l_parentConstraint1.drawStyle

2026-07-08 17:14:09 - MayaTools.CNTManager3 - WARNING - [CNTManager3] 실패 - rig_ready:export:pinky_02_half_l_scaleConstraint1.drawStyle: setAttr: No object matches name: rig_ready:export:pinky_02_half_l_scaleConstraint1.drawStyle

2026-07-08 17:14:09 - MayaTools.CNTManager3 - WARNING - [CNTManager3] 실패 - rig_ready:export:pinky_02_l_parentConstraint1.drawStyle: setAttr: No object matches name: rig_ready:export:pinky_02_l_parentConstraint1.drawStyle

2026-07-08 17:14:09 - MayaTools.CNTManager3 - WARNING - [CNTManager3] 실패 - rig_ready:export:pinky_02_l_scaleConstraint1.drawStyle: setAttr: No object matches name: rig_ready:export:pinky_02_l_scaleConstraint1.drawStyle

2026-07-08 17:14:09 - MayaTools.CNTManager3 - WARNING - [CNTManager3] 실패 - rig_ready:export:pinky_01_palmMid_l_parentConstraint1.drawStyle: setAttr: No object matches name: rig_ready:export:pinky_01_palmMid_l_parentConstraint1.drawStyle

2026-07-08 17:14:09 - MayaTools.CNTManager3 - WARNING - [CNTManager3] 실패 - rig_ready:export:pinky_01_palmMid_l_scaleConstraint1.drawStyle: setAttr: No object matches name: rig_ready:export:pinky_01_palmMid_l_scaleConstraint1.drawStyle

2026-07-08 17:14:09 - MayaTools.CNTManager3 - WARNING - [CNTManager3] 실패 - rig_ready:export:pinky_01_bulge_l_parentConstraint1.drawStyle: setAttr: No object matches name: rig_ready:export:pinky_01_bulge_l_parentConstraint1.drawStyle

2026-07-08 17:14:09 - MayaTools.CNTManager3 - WARNING - [CNTManager3] 실패 - rig_ready:export:pinky_01_bulge_l_scaleConstraint1.drawStyle: setAttr: No object matches name: rig_ready:export:pinky_01_bulge_l_scaleConstraint1.drawStyle

2026-07-08 17:14:09 - MayaTools.CNTManager3 - WARNING - [CNTManager3] 실패 - rig_ready:export:pinky_01_side_out_l_parentConstraint1.drawStyle: setAttr: No object matches name: rig_ready:export:pinky_01_side_out_l_parentConstraint1.drawStyle

2026-07-08 17:14:09 - MayaTools.CNTManager3 - WARNING - [CNTManager3] 실패 - rig_ready:export:pinky_01_side_out_l_scaleConstraint1.drawStyle: setAttr: No object matches name: rig_ready:export:pinky_01_side_out_l_scaleConstraint1.drawStyle

2026-07-08 17:14:09 - MayaTools.CNTManager3 - WARNING - [CNTManager3] 실패 - rig_ready:export:pinky_01_side_inn_l_parentConstraint1.drawStyle: setAttr: No object matches name: rig_ready:export:pinky_01_side_inn_l_parentConstraint1.drawStyle

2026-07-08 17:14:09 - MayaTools.CNTManager3 - WARNING - [CNTManager3] 실패 - rig_ready:export:pinky_01_side_inn_l_scaleConstraint1.drawStyle: setAttr: No object matches name: rig_ready:export:pinky_01_side_inn_l_scaleConstraint1.drawStyle

2026-07-08 17:14:09 - MayaTools.CNTManager3 - WARNING - [CNTManager3] 실패 - rig_ready:export:pinky_01_mcp_l_parentConstraint1.drawStyle: setAttr: No object matches name: rig_ready:export:pinky_01_mcp_l_parentConstraint1.drawStyle

2026-07-08 17:14:09 - MayaTools.CNTManager3 - WARNING - [CNTManager3] 실패 - rig_ready:export:pinky_01_mcp_l_scaleConstraint1.drawStyle: setAttr: No object matches name: rig_ready:export:pinky_01_mcp_l_scaleConstraint1.drawStyle

2026-07-08 17:14:09 - MayaTools.CNTManager3 - WARNING - [CNTManager3] 실패 - rig_ready:export:pinky_01_palm_l_parentConstraint1.drawStyle: setAttr: No object matches name: rig_ready:export:pinky_01_palm_l_parentConstraint1.drawStyle

2026-07-08 17:14:09 - MayaTools.CNTManager3 - WARNING - [CNTManager3] 실패 - rig_ready:export:pinky_01_palm_l_scaleConstraint1.drawStyle: setAttr: No object matches name: rig_ready:export:pinky_01_palm_l_scaleConstraint1.drawStyle

2026-07-08 17:14:09 - MayaTools.CNTManager3 - WARNING - [CNTManager3] 실패 - rig_ready:export:pinky_01_half_l_parentConstraint1.drawStyle: setAttr: No object matches name: rig_ready:export:pinky_01_half_l_parentConstraint1.drawStyle

2026-07-08 17:14:09 - MayaTools.CNTManager3 - WARNING - [CNTManager3] 실패 - rig_ready:export:pinky_01_half_l_scaleConstraint1.drawStyle: setAttr: No object matches name: rig_ready:export:pinky_01_half_l_scaleConstraint1.drawStyle

2026-07-08 17:14:09 - MayaTools.CNTManager3 - WARNING - [CNTManager3] 실패 - rig_ready:export:pinky_01_l_parentConstraint1.drawStyle: setAttr: No object matches name: rig_ready:export:pinky_01_l_parentConstraint1.drawStyle

2026-07-08 17:14:09 - MayaTools.CNTManager3 - WARNING - [CNTManager3] 실패 - rig_ready:export:pinky_01_l_scaleConstraint1.drawStyle: setAttr: No object matches name: rig_ready:export:pinky_01_l_scaleConstraint1.drawStyle

2026-07-08 17:14:09 - MayaTools.CNTManager3 - WARNING - [CNTManager3] 실패 - rig_ready:export:pinky_metacarpal_slide_l_parentConstraint1.drawStyle: setAttr: No object matches name: rig_ready:export:pinky_metacarpal_slide_l_parentConstraint1.drawStyle

2026-07-08 17:14:09 - MayaTools.CNTManager3 - WARNING - [CNTManager3] 실패 - rig_ready:export:pinky_metacarpal_slide_l_scaleConstraint1.drawStyle: setAttr: No object matches name: rig_ready:export:pinky_metacarpal_slide_l_scaleConstraint1.drawStyle

2026-07-08 17:14:09 - MayaTools.CNTManager3 - WARNING - [CNTManager3] 실패 - rig_ready:export:pinky_metacarpal_l_parentConstraint1.drawStyle: setAttr: No object matches name: rig_ready:export:pinky_metacarpal_l_parentConstraint1.drawStyle

2026-07-08 17:14:09 - MayaTools.CNTManager3 - WARNING - [CNTManager3] 실패 - rig_ready:export:pinky_metacarpal_l_scaleConstraint1.drawStyle: setAttr: No object matches name: rig_ready:export:pinky_metacarpal_l_scaleConstraint1.drawStyle

2026-07-08 17:14:09 - MayaTools.CNTManager3 - WARNING - [CNTManager3] 실패 - rig_ready:export:ring_03_bulge_l_parentConstraint1.drawStyle: setAttr: No object matches name: rig_ready:export:ring_03_bulge_l_parentConstraint1.drawStyle

2026-07-08 17:14:09 - MayaTools.CNTManager3 - WARNING - [CNTManager3] 실패 - rig_ready:export:ring_03_bulge_l_scaleConstraint1.drawStyle: setAttr: No object matches name: rig_ready:export:ring_03_bulge_l_scaleConstraint1.drawStyle

2026-07-08 17:14:09 - MayaTools.CNTManager3 - WARNING - [CNTManager3] 실패 - rig_ready:export:ring_02_dip_l_parentConstraint1.drawStyle: setAttr: No object matches name: rig_ready:export:ring_02_dip_l_parentConstraint1.drawStyle

2026-07-08 17:14:09 - MayaTools.CNTManager3 - WARNING - [CNTManager3] 실패 - rig_ready:export:ring_02_dip_l_scaleConstraint1.drawStyle: setAttr: No object matches name: rig_ready:export:ring_02_dip_l_scaleConstraint1.drawStyle

2026-07-08 17:14:09 - MayaTools.CNTManager3 - WARNING - [CNTManager3] 실패 - rig_ready:export:ring_03_in_l_parentConstraint1.drawStyle: setAttr: No object matches name: rig_ready:export:ring_03_in_l_parentConstraint1.drawStyle

2026-07-08 17:14:09 - MayaTools.CNTManager3 - WARNING - [CNTManager3] 실패 - rig_ready:export:ring_03_in_l_scaleConstraint1.drawStyle: setAttr: No object matches name: rig_ready:export:ring_03_in_l_scaleConstraint1.drawStyle

2026-07-08 17:14:09 - MayaTools.CNTManager3 - WARNING - [CNTManager3] 실패 - rig_ready:export:ring_03_half_l_parentConstraint1.drawStyle: setAttr: No object matches name: rig_ready:export:ring_03_half_l_parentConstraint1.drawStyle

2026-07-08 17:14:09 - MayaTools.CNTManager3 - WARNING - [CNTManager3] 실패 - rig_ready:export:ring_03_half_l_scaleConstraint1.drawStyle: setAttr: No object matches name: rig_ready:export:ring_03_half_l_scaleConstraint1.drawStyle

2026-07-08 17:14:09 - MayaTools.CNTManager3 - WARNING - [CNTManager3] 실패 - rig_ready:export:ring_03_l_parentConstraint1.drawStyle: setAttr: No object matches name: rig_ready:export:ring_03_l_parentConstraint1.drawStyle

2026-07-08 17:14:09 - MayaTools.CNTManager3 - WARNING - [CNTManager3] 실패 - rig_ready:export:ring_03_l_scaleConstraint1.drawStyle: setAttr: No object matches name: rig_ready:export:ring_03_l_scaleConstraint1.drawStyle

2026-07-08 17:14:09 - MayaTools.CNTManager3 - WARNING - [CNTManager3] 실패 - rig_ready:export:ring_02_bulge_l_parentConstraint1.drawStyle: setAttr: No object matches name: rig_ready:export:ring_02_bulge_l_parentConstraint1.drawStyle

2026-07-08 17:14:09 - MayaTools.CNTManager3 - WARNING - [CNTManager3] 실패 - rig_ready:export:ring_02_bulge_l_scaleConstraint1.drawStyle: setAttr: No object matches name: rig_ready:export:ring_02_bulge_l_scaleConstraint1.drawStyle

2026-07-08 17:14:09 - MayaTools.CNTManager3 - WARNING - [CNTManager3] 실패 - rig_ready:export:ring_02_side_out_l_parentConstraint1.drawStyle: setAttr: No object matches name: rig_ready:export:ring_02_side_out_l_parentConstraint1.drawStyle

2026-07-08 17:14:09 - MayaTools.CNTManager3 - WARNING - [CNTManager3] 실패 - rig_ready:export:ring_02_side_out_l_scaleConstraint1.drawStyle: setAttr: No object matches name: rig_ready:export:ring_02_side_out_l_scaleConstraint1.drawStyle

2026-07-08 17:14:09 - MayaTools.CNTManager3 - WARNING - [CNTManager3] 실패 - rig_ready:export:ring_02_side_inn_l_parentConstraint1.drawStyle: setAttr: No object matches name: rig_ready:export:ring_02_side_inn_l_parentConstraint1.drawStyle

2026-07-08 17:14:09 - MayaTools.CNTManager3 - WARNING - [CNTManager3] 실패 - rig_ready:export:ring_02_side_inn_l_scaleConstraint1.drawStyle: setAttr: No object matches name: rig_ready:export:ring_02_side_inn_l_scaleConstraint1.drawStyle

2026-07-08 17:14:09 - MayaTools.CNTManager3 - WARNING - [CNTManager3] 실패 - rig_ready:export:ring_02_in_l_parentConstraint1.drawStyle: setAttr: No object matches name: rig_ready:export:ring_02_in_l_parentConstraint1.drawStyle

2026-07-08 17:14:09 - MayaTools.CNTManager3 - WARNING - [CNTManager3] 실패 - rig_ready:export:ring_02_in_l_scaleConstraint1.drawStyle: setAttr: No object matches name: rig_ready:export:ring_02_in_l_scaleConstraint1.drawStyle

2026-07-08 17:14:09 - MayaTools.CNTManager3 - WARNING - [CNTManager3] 실패 - rig_ready:export:ring_02_pip_l_parentConstraint1.drawStyle: setAttr: No object matches name: rig_ready:export:ring_02_pip_l_parentConstraint1.drawStyle

2026-07-08 17:14:09 - MayaTools.CNTManager3 - WARNING - [CNTManager3] 실패 - rig_ready:export:ring_02_pip_l_scaleConstraint1.drawStyle: setAttr: No object matches name: rig_ready:export:ring_02_pip_l_scaleConstraint1.drawStyle

2026-07-08 17:14:09 - MayaTools.CNTManager3 - WARNING - [CNTManager3] 실패 - rig_ready:export:ring_02_half_l_parentConstraint1.drawStyle: setAttr: No object matches name: rig_ready:export:ring_02_half_l_parentConstraint1.drawStyle

2026-07-08 17:14:09 - MayaTools.CNTManager3 - WARNING - [CNTManager3] 실패 - rig_ready:export:ring_02_half_l_scaleConstraint1.drawStyle: setAttr: No object matches name: rig_ready:export:ring_02_half_l_scaleConstraint1.drawStyle

2026-07-08 17:14:09 - MayaTools.CNTManager3 - WARNING - [CNTManager3] 실패 - rig_ready:export:ring_02_l_parentConstraint1.drawStyle: setAttr: No object matches name: rig_ready:export:ring_02_l_parentConstraint1.drawStyle

2026-07-08 17:14:09 - MayaTools.CNTManager3 - WARNING - [CNTManager3] 실패 - rig_ready:export:ring_02_l_scaleConstraint1.drawStyle: setAttr: No object matches name: rig_ready:export:ring_02_l_scaleConstraint1.drawStyle

2026-07-08 17:14:09 - MayaTools.CNTManager3 - WARNING - [CNTManager3] 실패 - rig_ready:export:ring_01_palmMid_l_parentConstraint1.drawStyle: setAttr: No object matches name: rig_ready:export:ring_01_palmMid_l_parentConstraint1.drawStyle

2026-07-08 17:14:09 - MayaTools.CNTManager3 - WARNING - [CNTManager3] 실패 - rig_ready:export:ring_01_palmMid_l_scaleConstraint1.drawStyle: setAttr: No object matches name: rig_ready:export:ring_01_palmMid_l_scaleConstraint1.drawStyle

2026-07-08 17:14:09 - MayaTools.CNTManager3 - WARNING - [CNTManager3] 실패 - rig_ready:export:ring_01_bulge_l_parentConstraint1.drawStyle: setAttr: No object matches name: rig_ready:export:ring_01_bulge_l_parentConstraint1.drawStyle

2026-07-08 17:14:09 - MayaTools.CNTManager3 - WARNING - [CNTManager3] 실패 - rig_ready:export:ring_01_bulge_l_scaleConstraint1.drawStyle: setAttr: No object matches name: rig_ready:export:ring_01_bulge_l_scaleConstraint1.drawStyle

2026-07-08 17:14:09 - MayaTools.CNTManager3 - WARNING - [CNTManager3] 실패 - rig_ready:export:ring_01_side_out_l_parentConstraint1.drawStyle: setAttr: No object matches name: rig_ready:export:ring_01_side_out_l_parentConstraint1.drawStyle

2026-07-08 17:14:09 - MayaTools.CNTManager3 - WARNING - [CNTManager3] 실패 - rig_ready:export:ring_01_side_out_l_scaleConstraint1.drawStyle: setAttr: No object matches name: rig_ready:export:ring_01_side_out_l_scaleConstraint1.drawStyle

2026-07-08 17:14:09 - MayaTools.CNTManager3 - WARNING - [CNTManager3] 실패 - rig_ready:export:ring_01_side_inn_l_parentConstraint1.drawStyle: setAttr: No object matches name: rig_ready:export:ring_01_side_inn_l_parentConstraint1.drawStyle

2026-07-08 17:14:09 - MayaTools.CNTManager3 - WARNING - [CNTManager3] 실패 - rig_ready:export:ring_01_side_inn_l_scaleConstraint1.drawStyle: setAttr: No object matches name: rig_ready:export:ring_01_side_inn_l_scaleConstraint1.drawStyle

2026-07-08 17:14:09 - MayaTools.CNTManager3 - WARNING - [CNTManager3] 실패 - rig_ready:export:ring_01_mcp_l_parentConstraint1.drawStyle: setAttr: No object matches name: rig_ready:export:ring_01_mcp_l_parentConstraint1.drawStyle

2026-07-08 17:14:09 - MayaTools.CNTManager3 - WARNING - [CNTManager3] 실패 - rig_ready:export:ring_01_mcp_l_scaleConstraint1.drawStyle: setAttr: No object matches name: rig_ready:export:ring_01_mcp_l_scaleConstraint1.drawStyle

2026-07-08 17:14:09 - MayaTools.CNTManager3 - WARNING - [CNTManager3] 실패 - rig_ready:export:ring_01_palm_l_parentConstraint1.drawStyle: setAttr: No object matches name: rig_ready:export:ring_01_palm_l_parentConstraint1.drawStyle

2026-07-08 17:14:09 - MayaTools.CNTManager3 - WARNING - [CNTManager3] 실패 - rig_ready:export:ring_01_palm_l_scaleConstraint1.drawStyle: setAttr: No object matches name: rig_ready:export:ring_01_palm_l_scaleConstraint1.drawStyle

2026-07-08 17:14:09 - MayaTools.CNTManager3 - WARNING - [CNTManager3] 실패 - rig_ready:export:ring_01_half_l_parentConstraint1.drawStyle: setAttr: No object matches name: rig_ready:export:ring_01_half_l_parentConstraint1.drawStyle

2026-07-08 17:14:09 - MayaTools.CNTManager3 - WARNING - [CNTManager3] 실패 - rig_ready:export:ring_01_half_l_scaleConstraint1.drawStyle: setAttr: No object matches name: rig_ready:export:ring_01_half_l_scaleConstraint1.drawStyle

2026-07-08 17:14:09 - MayaTools.CNTManager3 - WARNING - [CNTManager3] 실패 - rig_ready:export:ring_01_l_parentConstraint1.drawStyle: setAttr: No object matches name: rig_ready:export:ring_01_l_parentConstraint1.drawStyle

2026-07-08 17:14:09 - MayaTools.CNTManager3 - WARNING - [CNTManager3] 실패 - rig_ready:export:ring_01_l_scaleConstraint1.drawStyle: setAttr: No object matches name: rig_ready:export:ring_01_l_scaleConstraint1.drawStyle

2026-07-08 17:14:09 - MayaTools.CNTManager3 - WARNING - [CNTManager3] 실패 - rig_ready:export:ring_metacarpal_slide_l_parentConstraint1.drawStyle: setAttr: No object matches name: rig_ready:export:ring_metacarpal_slide_l_parentConstraint1.drawStyle

2026-07-08 17:14:09 - MayaTools.CNTManager3 - WARNING - [CNTManager3] 실패 - rig_ready:export:ring_metacarpal_slide_l_scaleConstraint1.drawStyle: setAttr: No object matches name: rig_ready:export:ring_metacarpal_slide_l_scaleConstraint1.drawStyle

2026-07-08 17:14:09 - MayaTools.CNTManager3 - WARNING - [CNTManager3] 실패 - rig_ready:export:ring_metacarpal_l_parentConstraint1.drawStyle: setAttr: No object matches name: rig_ready:export:ring_metacarpal_l_parentConstraint1.drawStyle

2026-07-08 17:14:09 - MayaTools.CNTManager3 - WARNING - [CNTManager3] 실패 - rig_ready:export:ring_metacarpal_l_scaleConstraint1.drawStyle: setAttr: No object matches name: rig_ready:export:ring_metacarpal_l_scaleConstraint1.drawStyle

2026-07-08 17:14:09 - MayaTools.CNTManager3 - WARNING - [CNTManager3] 실패 - rig_ready:export:thumb_03_bulge_l_parentConstraint1.drawStyle: setAttr: No object matches name: rig_ready:export:thumb_03_bulge_l_parentConstraint1.drawStyle

2026-07-08 17:14:09 - MayaTools.CNTManager3 - WARNING - [CNTManager3] 실패 - rig_ready:export:thumb_03_bulge_l_scaleConstraint1.drawStyle: setAttr: No object matches name: rig_ready:export:thumb_03_bulge_l_scaleConstraint1.drawStyle

2026-07-08 17:14:09 - MayaTools.CNTManager3 - WARNING - [CNTManager3] 실패 - rig_ready:export:thumb_03_side_out_l_parentConstraint1.drawStyle: setAttr: No object matches name: rig_ready:export:thumb_03_side_out_l_parentConstraint1.drawStyle

2026-07-08 17:14:09 - MayaTools.CNTManager3 - WARNING - [CNTManager3] 실패 - rig_ready:export:thumb_03_side_out_l_scaleConstraint1.drawStyle: setAttr: No object matches name: rig_ready:export:thumb_03_side_out_l_scaleConstraint1.drawStyle

2026-07-08 17:14:09 - MayaTools.CNTManager3 - WARNING - [CNTManager3] 실패 - rig_ready:export:thumb_03_side_inn_l_parentConstraint1.drawStyle: setAttr: No object matches name: rig_ready:export:thumb_03_side_inn_l_parentConstraint1.drawStyle

2026-07-08 17:14:09 - MayaTools.CNTManager3 - WARNING - [CNTManager3] 실패 - rig_ready:export:thumb_03_side_inn_l_scaleConstraint1.drawStyle: setAttr: No object matches name: rig_ready:export:thumb_03_side_inn_l_scaleConstraint1.drawStyle

2026-07-08 17:14:09 - MayaTools.CNTManager3 - WARNING - [CNTManager3] 실패 - rig_ready:export:thumb_03_pip_l_parentConstraint1.drawStyle: setAttr: No object matches name: rig_ready:export:thumb_03_pip_l_parentConstraint1.drawStyle

2026-07-08 17:14:09 - MayaTools.CNTManager3 - WARNING - [CNTManager3] 실패 - rig_ready:export:thumb_03_pip_l_scaleConstraint1.drawStyle: setAttr: No object matches name: rig_ready:export:thumb_03_pip_l_scaleConstraint1.drawStyle

2026-07-08 17:14:09 - MayaTools.CNTManager3 - WARNING - [CNTManager3] 실패 - rig_ready:export:thumb_03_in_l_parentConstraint1.drawStyle: setAttr: No object matches name: rig_ready:export:thumb_03_in_l_parentConstraint1.drawStyle

2026-07-08 17:14:09 - MayaTools.CNTManager3 - WARNING - [CNTManager3] 실패 - rig_ready:export:thumb_03_in_l_scaleConstraint1.drawStyle: setAttr: No object matches name: rig_ready:export:thumb_03_in_l_scaleConstraint1.drawStyle

2026-07-08 17:14:09 - MayaTools.CNTManager3 - WARNING - [CNTManager3] 실패 - rig_ready:export:thumb_03_half_l_parentConstraint1.drawStyle: setAttr: No object matches name: rig_ready:export:thumb_03_half_l_parentConstraint1.drawStyle

2026-07-08 17:14:09 - MayaTools.CNTManager3 - WARNING - [CNTManager3] 실패 - rig_ready:export:thumb_03_half_l_scaleConstraint1.drawStyle: setAttr: No object matches name: rig_ready:export:thumb_03_half_l_scaleConstraint1.drawStyle

2026-07-08 17:14:09 - MayaTools.CNTManager3 - WARNING - [CNTManager3] 실패 - rig_ready:export:thumb_03_l_parentConstraint1.drawStyle: setAttr: No object matches name: rig_ready:export:thumb_03_l_parentConstraint1.drawStyle

2026-07-08 17:14:09 - MayaTools.CNTManager3 - WARNING - [CNTManager3] 실패 - rig_ready:export:thumb_03_l_scaleConstraint1.drawStyle: setAttr: No object matches name: rig_ready:export:thumb_03_l_scaleConstraint1.drawStyle

2026-07-08 17:14:09 - MayaTools.CNTManager3 - WARNING - [CNTManager3] 실패 - rig_ready:export:thumb_02_bulge_l_parentConstraint1.drawStyle: setAttr: No object matches name: rig_ready:export:thumb_02_bulge_l_parentConstraint1.drawStyle

2026-07-08 17:14:09 - MayaTools.CNTManager3 - WARNING - [CNTManager3] 실패 - rig_ready:export:thumb_02_bulge_l_scaleConstraint1.drawStyle: setAttr: No object matches name: rig_ready:export:thumb_02_bulge_l_scaleConstraint1.drawStyle

2026-07-08 17:14:09 - MayaTools.CNTManager3 - WARNING - [CNTManager3] 실패 - rig_ready:export:thumb_02_side_out_l_parentConstraint1.drawStyle: setAttr: No object matches name: rig_ready:export:thumb_02_side_out_l_parentConstraint1.drawStyle

2026-07-08 17:14:09 - MayaTools.CNTManager3 - WARNING - [CNTManager3] 실패 - rig_ready:export:thumb_02_side_out_l_scaleConstraint1.drawStyle: setAttr: No object matches name: rig_ready:export:thumb_02_side_out_l_scaleConstraint1.drawStyle

2026-07-08 17:14:09 - MayaTools.CNTManager3 - WARNING - [CNTManager3] 실패 - rig_ready:export:thumb_02_side_inn_l_parentConstraint1.drawStyle: setAttr: No object matches name: rig_ready:export:thumb_02_side_inn_l_parentConstraint1.drawStyle

2026-07-08 17:14:09 - MayaTools.CNTManager3 - WARNING - [CNTManager3] 실패 - rig_ready:export:thumb_02_side_inn_l_scaleConstraint1.drawStyle: setAttr: No object matches name: rig_ready:export:thumb_02_side_inn_l_scaleConstraint1.drawStyle

2026-07-08 17:14:09 - MayaTools.CNTManager3 - WARNING - [CNTManager3] 실패 - rig_ready:export:thumb_02_in_l_parentConstraint1.drawStyle: setAttr: No object matches name: rig_ready:export:thumb_02_in_l_parentConstraint1.drawStyle

2026-07-08 17:14:09 - MayaTools.CNTManager3 - WARNING - [CNTManager3] 실패 - rig_ready:export:thumb_02_in_l_scaleConstraint1.drawStyle: setAttr: No object matches name: rig_ready:export:thumb_02_in_l_scaleConstraint1.drawStyle

2026-07-08 17:14:09 - MayaTools.CNTManager3 - WARNING - [CNTManager3] 실패 - rig_ready:export:thumb_02_mcp_l_parentConstraint1.drawStyle: setAttr: No object matches name: rig_ready:export:thumb_02_mcp_l_parentConstraint1.drawStyle

2026-07-08 17:14:09 - MayaTools.CNTManager3 - WARNING - [CNTManager3] 실패 - rig_ready:export:thumb_02_mcp_l_scaleConstraint1.drawStyle: setAttr: No object matches name: rig_ready:export:thumb_02_mcp_l_scaleConstraint1.drawStyle

2026-07-08 17:14:09 - MayaTools.CNTManager3 - WARNING - [CNTManager3] 실패 - rig_ready:export:thumb_02_half_l_parentConstraint1.drawStyle: setAttr: No object matches name: rig_ready:export:thumb_02_half_l_parentConstraint1.drawStyle

2026-07-08 17:14:09 - MayaTools.CNTManager3 - WARNING - [CNTManager3] 실패 - rig_ready:export:thumb_02_half_l_scaleConstraint1.drawStyle: setAttr: No object matches name: rig_ready:export:thumb_02_half_l_scaleConstraint1.drawStyle

2026-07-08 17:14:09 - MayaTools.CNTManager3 - WARNING - [CNTManager3] 실패 - rig_ready:export:thumb_02_l_parentConstraint1.drawStyle: setAttr: No object matches name: rig_ready:export:thumb_02_l_parentConstraint1.drawStyle

2026-07-08 17:14:09 - MayaTools.CNTManager3 - WARNING - [CNTManager3] 실패 - rig_ready:export:thumb_02_l_scaleConstraint1.drawStyle: setAttr: No object matches name: rig_ready:export:thumb_02_l_scaleConstraint1.drawStyle

2026-07-08 17:14:09 - MayaTools.CNTManager3 - WARNING - [CNTManager3] 실패 - rig_ready:export:thumb_01_side_out_l_parentConstraint1.drawStyle: setAttr: No object matches name: rig_ready:export:thumb_01_side_out_l_parentConstraint1.drawStyle

2026-07-08 17:14:09 - MayaTools.CNTManager3 - WARNING - [CNTManager3] 실패 - rig_ready:export:thumb_01_side_out_l_scaleConstraint1.drawStyle: setAttr: No object matches name: rig_ready:export:thumb_01_side_out_l_scaleConstraint1.drawStyle

2026-07-08 17:14:09 - MayaTools.CNTManager3 - WARNING - [CNTManager3] 실패 - rig_ready:export:thumb_01_side_inn_l_parentConstraint1.drawStyle: setAttr: No object matches name: rig_ready:export:thumb_01_side_inn_l_parentConstraint1.drawStyle

2026-07-08 17:14:09 - MayaTools.CNTManager3 - WARNING - [CNTManager3] 실패 - rig_ready:export:thumb_01_side_inn_l_scaleConstraint1.drawStyle: setAttr: No object matches name: rig_ready:export:thumb_01_side_inn_l_scaleConstraint1.drawStyle

2026-07-08 17:14:09 - MayaTools.CNTManager3 - WARNING - [CNTManager3] 실패 - rig_ready:export:thumb_web_l_parentConstraint1.drawStyle: setAttr: No object matches name: rig_ready:export:thumb_web_l_parentConstraint1.drawStyle

2026-07-08 17:14:09 - MayaTools.CNTManager3 - WARNING - [CNTManager3] 실패 - rig_ready:export:thumb_web_l_scaleConstraint1.drawStyle: setAttr: No object matches name: rig_ready:export:thumb_web_l_scaleConstraint1.drawStyle

2026-07-08 17:14:09 - MayaTools.CNTManager3 - WARNING - [CNTManager3] 실패 - rig_ready:export:thumb_meat_l_parentConstraint1.drawStyle: setAttr: No object matches name: rig_ready:export:thumb_meat_l_parentConstraint1.drawStyle

2026-07-08 17:14:09 - MayaTools.CNTManager3 - WARNING - [CNTManager3] 실패 - rig_ready:export:thumb_meat_l_scaleConstraint1.drawStyle: setAttr: No object matches name: rig_ready:export:thumb_meat_l_scaleConstraint1.drawStyle

2026-07-08 17:14:09 - MayaTools.CNTManager3 - WARNING - [CNTManager3] 실패 - rig_ready:export:thumb_01_half_l_parentConstraint1.drawStyle: setAttr: No object matches name: rig_ready:export:thumb_01_half_l_parentConstraint1.drawStyle

2026-07-08 17:14:09 - MayaTools.CNTManager3 - WARNING - [CNTManager3] 실패 - rig_ready:export:thumb_01_half_l_scaleConstraint1.drawStyle: setAttr: No object matches name: rig_ready:export:thumb_01_half_l_scaleConstraint1.drawStyle

2026-07-08 17:14:09 - MayaTools.CNTManager3 - WARNING - [CNTManager3] 실패 - rig_ready:export:thumb_01_l_parentConstraint1.drawStyle: setAttr: No object matches name: rig_ready:export:thumb_01_l_parentConstraint1.drawStyle

2026-07-08 17:14:09 - MayaTools.CNTManager3 - WARNING - [CNTManager3] 실패 - rig_ready:export:thumb_01_l_scaleConstraint1.drawStyle: setAttr: No object matches name: rig_ready:export:thumb_01_l_scaleConstraint1.drawStyle

2026-07-08 17:14:09 - MayaTools.CNTManager3 - WARNING - [CNTManager3] 실패 - rig_ready:export:middle_03_bulge_l_parentConstraint1.drawStyle: setAttr: No object matches name: rig_ready:export:middle_03_bulge_l_parentConstraint1.drawStyle

2026-07-08 17:14:09 - MayaTools.CNTManager3 - WARNING - [CNTManager3] 실패 - rig_ready:export:middle_03_bulge_l_scaleConstraint1.drawStyle: setAttr: No object matches name: rig_ready:export:middle_03_bulge_l_scaleConstraint1.drawStyle

2026-07-08 17:14:09 - MayaTools.CNTManager3 - WARNING - [CNTManager3] 실패 - rig_ready:export:middle_03_in_l_parentConstraint1.drawStyle: setAttr: No object matches name: rig_ready:export:middle_03_in_l_parentConstraint1.drawStyle

2026-07-08 17:14:09 - MayaTools.CNTManager3 - WARNING - [CNTManager3] 실패 - rig_ready:export:middle_03_in_l_scaleConstraint1.drawStyle: setAttr: No object matches name: rig_ready:export:middle_03_in_l_scaleConstraint1.drawStyle

2026-07-08 17:14:09 - MayaTools.CNTManager3 - WARNING - [CNTManager3] 실패 - rig_ready:export:middle_02_dip_l_parentConstraint1.drawStyle: setAttr: No object matches name: rig_ready:export:middle_02_dip_l_parentConstraint1.drawStyle

2026-07-08 17:14:09 - MayaTools.CNTManager3 - WARNING - [CNTManager3] 실패 - rig_ready:export:middle_02_dip_l_scaleConstraint1.drawStyle: setAttr: No object matches name: rig_ready:export:middle_02_dip_l_scaleConstraint1.drawStyle

2026-07-08 17:14:09 - MayaTools.CNTManager3 - WARNING - [CNTManager3] 실패 - rig_ready:export:middle_03_half_l_parentConstraint1.drawStyle: setAttr: No object matches name: rig_ready:export:middle_03_half_l_parentConstraint1.drawStyle

2026-07-08 17:14:09 - MayaTools.CNTManager3 - WARNING - [CNTManager3] 실패 - rig_ready:export:middle_03_half_l_scaleConstraint1.drawStyle: setAttr: No object matches name: rig_ready:export:middle_03_half_l_scaleConstraint1.drawStyle

2026-07-08 17:14:09 - MayaTools.CNTManager3 - WARNING - [CNTManager3] 실패 - rig_ready:export:middle_03_l_parentConstraint1.drawStyle: setAttr: No object matches name: rig_ready:export:middle_03_l_parentConstraint1.drawStyle

2026-07-08 17:14:09 - MayaTools.CNTManager3 - WARNING - [CNTManager3] 실패 - rig_ready:export:middle_03_l_scaleConstraint1.drawStyle: setAttr: No object matches name: rig_ready:export:middle_03_l_scaleConstraint1.drawStyle

2026-07-08 17:14:09 - MayaTools.CNTManager3 - WARNING - [CNTManager3] 실패 - rig_ready:export:middle_02_bulge_l_parentConstraint1.drawStyle: setAttr: No object matches name: rig_ready:export:middle_02_bulge_l_parentConstraint1.drawStyle

2026-07-08 17:14:09 - MayaTools.CNTManager3 - WARNING - [CNTManager3] 실패 - rig_ready:export:middle_02_bulge_l_scaleConstraint1.drawStyle: setAttr: No object matches name: rig_ready:export:middle_02_bulge_l_scaleConstraint1.drawStyle

2026-07-08 17:14:09 - MayaTools.CNTManager3 - WARNING - [CNTManager3] 실패 - rig_ready:export:middle_02_side_out_l_parentConstraint1.drawStyle: setAttr: No object matches name: rig_ready:export:middle_02_side_out_l_parentConstraint1.drawStyle

2026-07-08 17:14:09 - MayaTools.CNTManager3 - WARNING - [CNTManager3] 실패 - rig_ready:export:middle_02_side_out_l_scaleConstraint1.drawStyle: setAttr: No object matches name: rig_ready:export:middle_02_side_out_l_scaleConstraint1.drawStyle

2026-07-08 17:14:09 - MayaTools.CNTManager3 - WARNING - [CNTManager3] 실패 - rig_ready:export:middle_02_side_inn_l_parentConstraint1.drawStyle: setAttr: No object matches name: rig_ready:export:middle_02_side_inn_l_parentConstraint1.drawStyle

2026-07-08 17:14:09 - MayaTools.CNTManager3 - WARNING - [CNTManager3] 실패 - rig_ready:export:middle_02_side_inn_l_scaleConstraint1.drawStyle: setAttr: No object matches name: rig_ready:export:middle_02_side_inn_l_scaleConstraint1.drawStyle

2026-07-08 17:14:09 - MayaTools.CNTManager3 - WARNING - [CNTManager3] 실패 - rig_ready:export:middle_02_pip_l_parentConstraint1.drawStyle: setAttr: No object matches name: rig_ready:export:middle_02_pip_l_parentConstraint1.drawStyle

2026-07-08 17:14:09 - MayaTools.CNTManager3 - WARNING - [CNTManager3] 실패 - rig_ready:export:middle_02_pip_l_scaleConstraint1.drawStyle: setAttr: No object matches name: rig_ready:export:middle_02_pip_l_scaleConstraint1.drawStyle

2026-07-08 17:14:09 - MayaTools.CNTManager3 - WARNING - [CNTManager3] 실패 - rig_ready:export:middle_02_in_l_parentConstraint1.drawStyle: setAttr: No object matches name: rig_ready:export:middle_02_in_l_parentConstraint1.drawStyle

2026-07-08 17:14:09 - MayaTools.CNTManager3 - WARNING - [CNTManager3] 실패 - rig_ready:export:middle_02_in_l_scaleConstraint1.drawStyle: setAttr: No object matches name: rig_ready:export:middle_02_in_l_scaleConstraint1.drawStyle

2026-07-08 17:14:09 - MayaTools.CNTManager3 - WARNING - [CNTManager3] 실패 - rig_ready:export:middle_02_half_l_parentConstraint1.drawStyle: setAttr: No object matches name: rig_ready:export:middle_02_half_l_parentConstraint1.drawStyle

2026-07-08 17:14:09 - MayaTools.CNTManager3 - WARNING - [CNTManager3] 실패 - rig_ready:export:middle_02_half_l_scaleConstraint1.drawStyle: setAttr: No object matches name: rig_ready:export:middle_02_half_l_scaleConstraint1.drawStyle

2026-07-08 17:14:09 - MayaTools.CNTManager3 - WARNING - [CNTManager3] 실패 - rig_ready:export:middle_02_l_parentConstraint1.drawStyle: setAttr: No object matches name: rig_ready:export:middle_02_l_parentConstraint1.drawStyle

2026-07-08 17:14:09 - MayaTools.CNTManager3 - WARNING - [CNTManager3] 실패 - rig_ready:export:middle_02_l_scaleConstraint1.drawStyle: setAttr: No object matches name: rig_ready:export:middle_02_l_scaleConstraint1.drawStyle

2026-07-08 17:14:09 - MayaTools.CNTManager3 - WARNING - [CNTManager3] 실패 - rig_ready:export:middle_01_palmMid_l_parentConstraint1.drawStyle: setAttr: No object matches name: rig_ready:export:middle_01_palmMid_l_parentConstraint1.drawStyle

2026-07-08 17:14:09 - MayaTools.CNTManager3 - WARNING - [CNTManager3] 실패 - rig_ready:export:middle_01_palmMid_l_scaleConstraint1.drawStyle: setAttr: No object matches name: rig_ready:export:middle_01_palmMid_l_scaleConstraint1.drawStyle

2026-07-08 17:14:09 - MayaTools.CNTManager3 - WARNING - [CNTManager3] 실패 - rig_ready:export:middle_01_bulge_l_parentConstraint1.drawStyle: setAttr: No object matches name: rig_ready:export:middle_01_bulge_l_parentConstraint1.drawStyle

2026-07-08 17:14:09 - MayaTools.CNTManager3 - WARNING - [CNTManager3] 실패 - rig_ready:export:middle_01_bulge_l_scaleConstraint1.drawStyle: setAttr: No object matches name: rig_ready:export:middle_01_bulge_l_scaleConstraint1.drawStyle

2026-07-08 17:14:09 - MayaTools.CNTManager3 - WARNING - [CNTManager3] 실패 - rig_ready:export:middle_01_side_out_l_parentConstraint1.drawStyle: setAttr: No object matches name: rig_ready:export:middle_01_side_out_l_parentConstraint1.drawStyle

2026-07-08 17:14:09 - MayaTools.CNTManager3 - WARNING - [CNTManager3] 실패 - rig_ready:export:middle_01_side_out_l_scaleConstraint1.drawStyle: setAttr: No object matches name: rig_ready:export:middle_01_side_out_l_scaleConstraint1.drawStyle

2026-07-08 17:14:09 - MayaTools.CNTManager3 - WARNING - [CNTManager3] 실패 - rig_ready:export:middle_01_side_inn_l_parentConstraint1.drawStyle: setAttr: No object matches name: rig_ready:export:middle_01_side_inn_l_parentConstraint1.drawStyle

2026-07-08 17:14:09 - MayaTools.CNTManager3 - WARNING - [CNTManager3] 실패 - rig_ready:export:middle_01_side_inn_l_scaleConstraint1.drawStyle: setAttr: No object matches name: rig_ready:export:middle_01_side_inn_l_scaleConstraint1.drawStyle

2026-07-08 17:14:09 - MayaTools.CNTManager3 - WARNING - [CNTManager3] 실패 - rig_ready:export:middle_01_mcp_l_parentConstraint1.drawStyle: setAttr: No object matches name: rig_ready:export:middle_01_mcp_l_parentConstraint1.drawStyle

2026-07-08 17:14:09 - MayaTools.CNTManager3 - WARNING - [CNTManager3] 실패 - rig_ready:export:middle_01_mcp_l_scaleConstraint1.drawStyle: setAttr: No object matches name: rig_ready:export:middle_01_mcp_l_scaleConstraint1.drawStyle

2026-07-08 17:14:09 - MayaTools.CNTManager3 - WARNING - [CNTManager3] 실패 - rig_ready:export:middle_01_palm_l_parentConstraint1.drawStyle: setAttr: No object matches name: rig_ready:export:middle_01_palm_l_parentConstraint1.drawStyle

2026-07-08 17:14:09 - MayaTools.CNTManager3 - WARNING - [CNTManager3] 실패 - rig_ready:export:middle_01_palm_l_scaleConstraint1.drawStyle: setAttr: No object matches name: rig_ready:export:middle_01_palm_l_scaleConstraint1.drawStyle

2026-07-08 17:14:09 - MayaTools.CNTManager3 - WARNING - [CNTManager3] 실패 - rig_ready:export:middle_01_half_l_parentConstraint1.drawStyle: setAttr: No object matches name: rig_ready:export:middle_01_half_l_parentConstraint1.drawStyle

2026-07-08 17:14:09 - MayaTools.CNTManager3 - WARNING - [CNTManager3] 실패 - rig_ready:export:middle_01_half_l_scaleConstraint1.drawStyle: setAttr: No object matches name: rig_ready:export:middle_01_half_l_scaleConstraint1.drawStyle

2026-07-08 17:14:09 - MayaTools.CNTManager3 - WARNING - [CNTManager3] 실패 - rig_ready:export:middle_01_l_parentConstraint1.drawStyle: setAttr: No object matches name: rig_ready:export:middle_01_l_parentConstraint1.drawStyle

2026-07-08 17:14:09 - MayaTools.CNTManager3 - WARNING - [CNTManager3] 실패 - rig_ready:export:middle_01_l_scaleConstraint1.drawStyle: setAttr: No object matches name: rig_ready:export:middle_01_l_scaleConstraint1.drawStyle

2026-07-08 17:14:09 - MayaTools.CNTManager3 - WARNING - [CNTManager3] 실패 - rig_ready:export:middle_metacarpal_slide_l_parentConstraint1.drawStyle: setAttr: No object matches name: rig_ready:export:middle_metacarpal_slide_l_parentConstraint1.drawStyle

2026-07-08 17:14:09 - MayaTools.CNTManager3 - WARNING - [CNTManager3] 실패 - rig_ready:export:middle_metacarpal_slide_l_scaleConstraint1.drawStyle: setAttr: No object matches name: rig_ready:export:middle_metacarpal_slide_l_scaleConstraint1.drawStyle

2026-07-08 17:14:09 - MayaTools.CNTManager3 - WARNING - [CNTManager3] 실패 - rig_ready:export:middle_metacarpal_l_parentConstraint1.drawStyle: setAttr: No object matches name: rig_ready:export:middle_metacarpal_l_parentConstraint1.drawStyle

2026-07-08 17:14:09 - MayaTools.CNTManager3 - WARNING - [CNTManager3] 실패 - rig_ready:export:middle_metacarpal_l_scaleConstraint1.drawStyle: setAttr: No object matches name: rig_ready:export:middle_metacarpal_l_scaleConstraint1.drawStyle

2026-07-08 17:14:09 - MayaTools.CNTManager3 - WARNING - [CNTManager3] 실패 - rig_ready:export:index_03_bulge_l_parentConstraint1.drawStyle: setAttr: No object matches name: rig_ready:export:index_03_bulge_l_parentConstraint1.drawStyle

2026-07-08 17:14:09 - MayaTools.CNTManager3 - WARNING - [CNTManager3] 실패 - rig_ready:export:index_03_bulge_l_scaleConstraint1.drawStyle: setAttr: No object matches name: rig_ready:export:index_03_bulge_l_scaleConstraint1.drawStyle

2026-07-08 17:14:09 - MayaTools.CNTManager3 - WARNING - [CNTManager3] 실패 - rig_ready:export:index_02_dip_l_parentConstraint1.drawStyle: setAttr: No object matches name: rig_ready:export:index_02_dip_l_parentConstraint1.drawStyle

2026-07-08 17:14:09 - MayaTools.CNTManager3 - WARNING - [CNTManager3] 실패 - rig_ready:export:index_02_dip_l_scaleConstraint1.drawStyle: setAttr: No object matches name: rig_ready:export:index_02_dip_l_scaleConstraint1.drawStyle

2026-07-08 17:14:09 - MayaTools.CNTManager3 - WARNING - [CNTManager3] 실패 - rig_ready:export:index_03_in_l_parentConstraint1.drawStyle: setAttr: No object matches name: rig_ready:export:index_03_in_l_parentConstraint1.drawStyle

2026-07-08 17:14:09 - MayaTools.CNTManager3 - WARNING - [CNTManager3] 실패 - rig_ready:export:index_03_in_l_scaleConstraint1.drawStyle: setAttr: No object matches name: rig_ready:export:index_03_in_l_scaleConstraint1.drawStyle

2026-07-08 17:14:09 - MayaTools.CNTManager3 - WARNING - [CNTManager3] 실패 - rig_ready:export:index_03_half_l_parentConstraint1.drawStyle: setAttr: No object matches name: rig_ready:export:index_03_half_l_parentConstraint1.drawStyle

2026-07-08 17:14:09 - MayaTools.CNTManager3 - WARNING - [CNTManager3] 실패 - rig_ready:export:index_03_half_l_scaleConstraint1.drawStyle: setAttr: No object matches name: rig_ready:export:index_03_half_l_scaleConstraint1.drawStyle

2026-07-08 17:14:09 - MayaTools.CNTManager3 - WARNING - [CNTManager3] 실패 - rig_ready:export:index_03_l_parentConstraint1.drawStyle: setAttr: No object matches name: rig_ready:export:index_03_l_parentConstraint1.drawStyle

2026-07-08 17:14:09 - MayaTools.CNTManager3 - WARNING - [CNTManager3] 실패 - rig_ready:export:index_03_l_scaleConstraint1.drawStyle: setAttr: No object matches name: rig_ready:export:index_03_l_scaleConstraint1.drawStyle

2026-07-08 17:14:09 - MayaTools.CNTManager3 - WARNING - [CNTManager3] 실패 - rig_ready:export:index_02_bulge_l_parentConstraint1.drawStyle: setAttr: No object matches name: rig_ready:export:index_02_bulge_l_parentConstraint1.drawStyle

2026-07-08 17:14:09 - MayaTools.CNTManager3 - WARNING - [CNTManager3] 실패 - rig_ready:export:index_02_bulge_l_scaleConstraint1.drawStyle: setAttr: No object matches name: rig_ready:export:index_02_bulge_l_scaleConstraint1.drawStyle

2026-07-08 17:14:09 - MayaTools.CNTManager3 - WARNING - [CNTManager3] 실패 - rig_ready:export:index_02_side_out_l_parentConstraint1.drawStyle: setAttr: No object matches name: rig_ready:export:index_02_side_out_l_parentConstraint1.drawStyle

2026-07-08 17:14:09 - MayaTools.CNTManager3 - WARNING - [CNTManager3] 실패 - rig_ready:export:index_02_side_out_l_scaleConstraint1.drawStyle: setAttr: No object matches name: rig_ready:export:index_02_side_out_l_scaleConstraint1.drawStyle

2026-07-08 17:14:09 - MayaTools.CNTManager3 - WARNING - [CNTManager3] 실패 - rig_ready:export:index_02_side_inn_l_parentConstraint1.drawStyle: setAttr: No object matches name: rig_ready:export:index_02_side_inn_l_parentConstraint1.drawStyle

2026-07-08 17:14:09 - MayaTools.CNTManager3 - WARNING - [CNTManager3] 실패 - rig_ready:export:index_02_side_inn_l_scaleConstraint1.drawStyle: setAttr: No object matches name: rig_ready:export:index_02_side_inn_l_scaleConstraint1.drawStyle

2026-07-08 17:14:09 - MayaTools.CNTManager3 - WARNING - [CNTManager3] 실패 - rig_ready:export:index_02_in_l_parentConstraint1.drawStyle: setAttr: No object matches name: rig_ready:export:index_02_in_l_parentConstraint1.drawStyle

2026-07-08 17:14:09 - MayaTools.CNTManager3 - WARNING - [CNTManager3] 실패 - rig_ready:export:index_02_in_l_scaleConstraint1.drawStyle: setAttr: No object matches name: rig_ready:export:index_02_in_l_scaleConstraint1.drawStyle

2026-07-08 17:14:09 - MayaTools.CNTManager3 - WARNING - [CNTManager3] 실패 - rig_ready:export:index_02_pip_l_parentConstraint1.drawStyle: setAttr: No object matches name: rig_ready:export:index_02_pip_l_parentConstraint1.drawStyle

2026-07-08 17:14:09 - MayaTools.CNTManager3 - WARNING - [CNTManager3] 실패 - rig_ready:export:index_02_pip_l_scaleConstraint1.drawStyle: setAttr: No object matches name: rig_ready:export:index_02_pip_l_scaleConstraint1.drawStyle

2026-07-08 17:14:09 - MayaTools.CNTManager3 - WARNING - [CNTManager3] 실패 - rig_ready:export:index_02_half_l_parentConstraint1.drawStyle: setAttr: No object matches name: rig_ready:export:index_02_half_l_parentConstraint1.drawStyle

2026-07-08 17:14:09 - MayaTools.CNTManager3 - WARNING - [CNTManager3] 실패 - rig_ready:export:index_02_half_l_scaleConstraint1.drawStyle: setAttr: No object matches name: rig_ready:export:index_02_half_l_scaleConstraint1.drawStyle

2026-07-08 17:14:09 - MayaTools.CNTManager3 - WARNING - [CNTManager3] 실패 - rig_ready:export:index_02_l_parentConstraint1.drawStyle: setAttr: No object matches name: rig_ready:export:index_02_l_parentConstraint1.drawStyle

2026-07-08 17:14:09 - MayaTools.CNTManager3 - WARNING - [CNTManager3] 실패 - rig_ready:export:index_02_l_scaleConstraint1.drawStyle: setAttr: No object matches name: rig_ready:export:index_02_l_scaleConstraint1.drawStyle

2026-07-08 17:14:09 - MayaTools.CNTManager3 - WARNING - [CNTManager3] 실패 - rig_ready:export:index_01_palmMid_l_parentConstraint1.drawStyle: setAttr: No object matches name: rig_ready:export:index_01_palmMid_l_parentConstraint1.drawStyle

2026-07-08 17:14:09 - MayaTools.CNTManager3 - WARNING - [CNTManager3] 실패 - rig_ready:export:index_01_palmMid_l_scaleConstraint1.drawStyle: setAttr: No object matches name: rig_ready:export:index_01_palmMid_l_scaleConstraint1.drawStyle

2026-07-08 17:14:09 - MayaTools.CNTManager3 - WARNING - [CNTManager3] 실패 - rig_ready:export:index_01_bulge_l_parentConstraint1.drawStyle: setAttr: No object matches name: rig_ready:export:index_01_bulge_l_parentConstraint1.drawStyle

2026-07-08 17:14:09 - MayaTools.CNTManager3 - WARNING - [CNTManager3] 실패 - rig_ready:export:index_01_bulge_l_scaleConstraint1.drawStyle: setAttr: No object matches name: rig_ready:export:index_01_bulge_l_scaleConstraint1.drawStyle

2026-07-08 17:14:09 - MayaTools.CNTManager3 - WARNING - [CNTManager3] 실패 - rig_ready:export:index_01_side_out_l_parentConstraint1.drawStyle: setAttr: No object matches name: rig_ready:export:index_01_side_out_l_parentConstraint1.drawStyle

2026-07-08 17:14:09 - MayaTools.CNTManager3 - WARNING - [CNTManager3] 실패 - rig_ready:export:index_01_side_out_l_scaleConstraint1.drawStyle: setAttr: No object matches name: rig_ready:export:index_01_side_out_l_scaleConstraint1.drawStyle

2026-07-08 17:14:09 - MayaTools.CNTManager3 - WARNING - [CNTManager3] 실패 - rig_ready:export:index_01_side_inn_l_parentConstraint1.drawStyle: setAttr: No object matches name: rig_ready:export:index_01_side_inn_l_parentConstraint1.drawStyle

2026-07-08 17:14:09 - MayaTools.CNTManager3 - WARNING - [CNTManager3] 실패 - rig_ready:export:index_01_side_inn_l_scaleConstraint1.drawStyle: setAttr: No object matches name: rig_ready:export:index_01_side_inn_l_scaleConstraint1.drawStyle

2026-07-08 17:14:09 - MayaTools.CNTManager3 - WARNING - [CNTManager3] 실패 - rig_ready:export:index_01_mcp_l_parentConstraint1.drawStyle: setAttr: No object matches name: rig_ready:export:index_01_mcp_l_parentConstraint1.drawStyle

2026-07-08 17:14:09 - MayaTools.CNTManager3 - WARNING - [CNTManager3] 실패 - rig_ready:export:index_01_mcp_l_scaleConstraint1.drawStyle: setAttr: No object matches name: rig_ready:export:index_01_mcp_l_scaleConstraint1.drawStyle

2026-07-08 17:14:09 - MayaTools.CNTManager3 - WARNING - [CNTManager3] 실패 - rig_ready:export:index_01_palm_l_parentConstraint1.drawStyle: setAttr: No object matches name: rig_ready:export:index_01_palm_l_parentConstraint1.drawStyle

2026-07-08 17:14:09 - MayaTools.CNTManager3 - WARNING - [CNTManager3] 실패 - rig_ready:export:index_01_palm_l_scaleConstraint1.drawStyle: setAttr: No object matches name: rig_ready:export:index_01_palm_l_scaleConstraint1.drawStyle

2026-07-08 17:14:09 - MayaTools.CNTManager3 - WARNING - [CNTManager3] 실패 - rig_ready:export:index_01_half_l_parentConstraint1.drawStyle: setAttr: No object matches name: rig_ready:export:index_01_half_l_parentConstraint1.drawStyle

2026-07-08 17:14:09 - MayaTools.CNTManager3 - WARNING - [CNTManager3] 실패 - rig_ready:export:index_01_half_l_scaleConstraint1.drawStyle: setAttr: No object matches name: rig_ready:export:index_01_half_l_scaleConstraint1.drawStyle

2026-07-08 17:14:09 - MayaTools.CNTManager3 - WARNING - [CNTManager3] 실패 - rig_ready:export:index_01_l_parentConstraint1.drawStyle: setAttr: No object matches name: rig_ready:export:index_01_l_parentConstraint1.drawStyle

2026-07-08 17:14:09 - MayaTools.CNTManager3 - WARNING - [CNTManager3] 실패 - rig_ready:export:index_01_l_scaleConstraint1.drawStyle: setAttr: No object matches name: rig_ready:export:index_01_l_scaleConstraint1.drawStyle

2026-07-08 17:14:09 - MayaTools.CNTManager3 - WARNING - [CNTManager3] 실패 - rig_ready:export:index_metacarpal_slide_l_parentConstraint1.drawStyle: setAttr: No object matches name: rig_ready:export:index_metacarpal_slide_l_parentConstraint1.drawStyle

2026-07-08 17:14:09 - MayaTools.CNTManager3 - WARNING - [CNTManager3] 실패 - rig_ready:export:index_metacarpal_slide_l_scaleConstraint1.drawStyle: setAttr: No object matches name: rig_ready:export:index_metacarpal_slide_l_scaleConstraint1.drawStyle

2026-07-08 17:14:09 - MayaTools.CNTManager3 - WARNING - [CNTManager3] 실패 - rig_ready:export:index_metacarpal_l_parentConstraint1.drawStyle: setAttr: No object matches name: rig_ready:export:index_metacarpal_l_parentConstraint1.drawStyle

2026-07-08 17:14:09 - MayaTools.CNTManager3 - WARNING - [CNTManager3] 실패 - rig_ready:export:index_metacarpal_l_scaleConstraint1.drawStyle: setAttr: No object matches name: rig_ready:export:index_metacarpal_l_scaleConstraint1.drawStyle

2026-07-08 17:14:09 - MayaTools.CNTManager3 - WARNING - [CNTManager3] 실패 - rig_ready:export:wrist_inner_l_parentConstraint1.drawStyle: setAttr: No object matches name: rig_ready:export:wrist_inner_l_parentConstraint1.drawStyle

2026-07-08 17:14:09 - MayaTools.CNTManager3 - WARNING - [CNTManager3] 실패 - rig_ready:export:wrist_inner_l_scaleConstraint1.drawStyle: setAttr: No object matches name: rig_ready:export:wrist_inner_l_scaleConstraint1.drawStyle

2026-07-08 17:14:09 - MayaTools.CNTManager3 - WARNING - [CNTManager3] 실패 - rig_ready:export:wrist_outer_l_parentConstraint1.drawStyle: setAttr: No object matches name: rig_ready:export:wrist_outer_l_parentConstraint1.drawStyle

2026-07-08 17:14:09 - MayaTools.CNTManager3 - WARNING - [CNTManager3] 실패 - rig_ready:export:wrist_outer_l_scaleConstraint1.drawStyle: setAttr: No object matches name: rig_ready:export:wrist_outer_l_scaleConstraint1.drawStyle

2026-07-08 17:14:09 - MayaTools.CNTManager3 - WARNING - [CNTManager3] 실패 - rig_ready:export:accessory_l_parentConstraint1.drawStyle: setAttr: No object matches name: rig_ready:export:accessory_l_parentConstraint1.drawStyle

2026-07-08 17:14:09 - MayaTools.CNTManager3 - WARNING - [CNTManager3] 실패 - rig_ready:export:accessory_l_scaleConstraint1.drawStyle: setAttr: No object matches name: rig_ready:export:accessory_l_scaleConstraint1.drawStyle

2026-07-08 17:14:09 - MayaTools.CNTManager3 - WARNING - [CNTManager3] 실패 - rig_ready:export:hand_l_no_twist_parentConstraint1.drawStyle: setAttr: No object matches name: rig_ready:export:hand_l_no_twist_parentConstraint1.drawStyle

2026-07-08 17:14:09 - MayaTools.CNTManager3 - WARNING - [CNTManager3] 실패 - rig_ready:export:hand_l_no_twist_scaleConstraint1.drawStyle: setAttr: No object matches name: rig_ready:export:hand_l_no_twist_scaleConstraint1.drawStyle

2026-07-08 17:14:09 - MayaTools.CNTManager3 - WARNING - [CNTManager3] 실패 - rig_ready:export:magazine1_l_parentConstraint1.drawStyle: setAttr: No object matches name: rig_ready:export:magazine1_l_parentConstraint1.drawStyle

2026-07-08 17:14:09 - MayaTools.CNTManager3 - WARNING - [CNTManager3] 실패 - rig_ready:export:magazine1_l_scaleConstraint1.drawStyle: setAttr: No object matches name: rig_ready:export:magazine1_l_scaleConstraint1.drawStyle

2026-07-08 17:14:09 - MayaTools.CNTManager3 - WARNING - [CNTManager3] 실패 - rig_ready:export:magazine2_l_parentConstraint1.drawStyle: setAttr: No object matches name: rig_ready:export:magazine2_l_parentConstraint1.drawStyle

2026-07-08 17:14:09 - MayaTools.CNTManager3 - WARNING - [CNTManager3] 실패 - rig_ready:export:magazine2_l_scaleConstraint1.drawStyle: setAttr: No object matches name: rig_ready:export:magazine2_l_scaleConstraint1.drawStyle

2026-07-08 17:14:09 - MayaTools.CNTManager3 - WARNING - [CNTManager3] 실패 - rig_ready:export:weapon_l_parentConstraint1.drawStyle: setAttr: No object matches name: rig_ready:export:weapon_l_parentConstraint1.drawStyle

2026-07-08 17:14:09 - MayaTools.CNTManager3 - WARNING - [CNTManager3] 실패 - rig_ready:export:weapon_l_scaleConstraint1.drawStyle: setAttr: No object matches name: rig_ready:export:weapon_l_scaleConstraint1.drawStyle

2026-07-08 17:14:09 - MayaTools.CNTManager3 - WARNING - [CNTManager3] 실패 - rig_ready:export:hand_l_parentConstraint1.drawStyle: setAttr: No object matches name: rig_ready:export:hand_l_parentConstraint1.drawStyle

2026-07-08 17:14:09 - MayaTools.CNTManager3 - WARNING - [CNTManager3] 실패 - rig_ready:export:hand_l_scaleConstraint1.drawStyle: setAttr: No object matches name: rig_ready:export:hand_l_scaleConstraint1.drawStyle

2026-07-08 17:14:09 - MayaTools.CNTManager3 - WARNING - [CNTManager3] 실패 - rig_ready:export:lowerarm_twist_02_l_parentConstraint1.drawStyle: setAttr: No object matches name: rig_ready:export:lowerarm_twist_02_l_parentConstraint1.drawStyle

2026-07-08 17:14:09 - MayaTools.CNTManager3 - WARNING - [CNTManager3] 실패 - rig_ready:export:lowerarm_twist_02_l_scaleConstraint1.drawStyle: setAttr: No object matches name: rig_ready:export:lowerarm_twist_02_l_scaleConstraint1.drawStyle

2026-07-08 17:14:09 - MayaTools.CNTManager3 - WARNING - [CNTManager3] 실패 - rig_ready:export:lowerarm_twist_01_l_parentConstraint1.drawStyle: setAttr: No object matches name: rig_ready:export:lowerarm_twist_01_l_parentConstraint1.drawStyle

2026-07-08 17:14:09 - MayaTools.CNTManager3 - WARNING - [CNTManager3] 실패 - rig_ready:export:lowerarm_twist_01_l_scaleConstraint1.drawStyle: setAttr: No object matches name: rig_ready:export:lowerarm_twist_01_l_scaleConstraint1.drawStyle

2026-07-08 17:14:09 - MayaTools.CNTManager3 - WARNING - [CNTManager3] 실패 - rig_ready:export:lowerarm_in_l_parentConstraint1.drawStyle: setAttr: No object matches name: rig_ready:export:lowerarm_in_l_parentConstraint1.drawStyle

2026-07-08 17:14:09 - MayaTools.CNTManager3 - WARNING - [CNTManager3] 실패 - rig_ready:export:lowerarm_in_l_scaleConstraint1.drawStyle: setAttr: No object matches name: rig_ready:export:lowerarm_in_l_scaleConstraint1.drawStyle

2026-07-08 17:14:09 - MayaTools.CNTManager3 - WARNING - [CNTManager3] 실패 - rig_ready:export:lowerarm_out_l_parentConstraint1.drawStyle: setAttr: No object matches name: rig_ready:export:lowerarm_out_l_parentConstraint1.drawStyle

2026-07-08 17:14:09 - MayaTools.CNTManager3 - WARNING - [CNTManager3] 실패 - rig_ready:export:lowerarm_out_l_scaleConstraint1.drawStyle: setAttr: No object matches name: rig_ready:export:lowerarm_out_l_scaleConstraint1.drawStyle

2026-07-08 17:14:09 - MayaTools.CNTManager3 - WARNING - [CNTManager3] 실패 - rig_ready:export:lowerarm_fwd_l_parentConstraint1.drawStyle: setAttr: No object matches name: rig_ready:export:lowerarm_fwd_l_parentConstraint1.drawStyle

2026-07-08 17:14:09 - MayaTools.CNTManager3 - WARNING - [CNTManager3] 실패 - rig_ready:export:lowerarm_fwd_l_scaleConstraint1.drawStyle: setAttr: No object matches name: rig_ready:export:lowerarm_fwd_l_scaleConstraint1.drawStyle

2026-07-08 17:14:09 - MayaTools.CNTManager3 - WARNING - [CNTManager3] 실패 - rig_ready:export:lowerarm_bck_l_parentConstraint1.drawStyle: setAttr: No object matches name: rig_ready:export:lowerarm_bck_l_parentConstraint1.drawStyle

2026-07-08 17:14:09 - MayaTools.CNTManager3 - WARNING - [CNTManager3] 실패 - rig_ready:export:lowerarm_bck_l_scaleConstraint1.drawStyle: setAttr: No object matches name: rig_ready:export:lowerarm_bck_l_scaleConstraint1.drawStyle

2026-07-08 17:14:09 - MayaTools.CNTManager3 - WARNING - [CNTManager3] 실패 - rig_ready:export:lowerarm_correctiveRoot_l_parentConstraint1.drawStyle: setAttr: No object matches name: rig_ready:export:lowerarm_correctiveRoot_l_parentConstraint1.drawStyle

2026-07-08 17:14:09 - MayaTools.CNTManager3 - WARNING - [CNTManager3] 실패 - rig_ready:export:lowerarm_correctiveRoot_l_scaleConstraint1.drawStyle: setAttr: No object matches name: rig_ready:export:lowerarm_correctiveRoot_l_scaleConstraint1.drawStyle

2026-07-08 17:14:09 - MayaTools.CNTManager3 - WARNING - [CNTManager3] 실패 - rig_ready:export:lowerarm_half_l_parentConstraint1.drawStyle: setAttr: No object matches name: rig_ready:export:lowerarm_half_l_parentConstraint1.drawStyle

2026-07-08 17:14:09 - MayaTools.CNTManager3 - WARNING - [CNTManager3] 실패 - rig_ready:export:lowerarm_half_l_scaleConstraint1.drawStyle: setAttr: No object matches name: rig_ready:export:lowerarm_half_l_scaleConstraint1.drawStyle

2026-07-08 17:14:09 - MayaTools.CNTManager3 - WARNING - [CNTManager3] 실패 - rig_ready:export:lowerarm_l_parentConstraint1.drawStyle: setAttr: No object matches name: rig_ready:export:lowerarm_l_parentConstraint1.drawStyle

2026-07-08 17:14:09 - MayaTools.CNTManager3 - WARNING - [CNTManager3] 실패 - rig_ready:export:lowerarm_l_scaleConstraint1.drawStyle: setAttr: No object matches name: rig_ready:export:lowerarm_l_scaleConstraint1.drawStyle

2026-07-08 17:14:09 - MayaTools.CNTManager3 - WARNING - [CNTManager3] 실패 - rig_ready:export:upperarm_twistCor_01_l_parentConstraint1.drawStyle: setAttr: No object matches name: rig_ready:export:upperarm_twistCor_01_l_parentConstraint1.drawStyle

2026-07-08 17:14:09 - MayaTools.CNTManager3 - WARNING - [CNTManager3] 실패 - rig_ready:export:upperarm_twistCor_01_l_scaleConstraint1.drawStyle: setAttr: No object matches name: rig_ready:export:upperarm_twistCor_01_l_scaleConstraint1.drawStyle

2026-07-08 17:14:09 - MayaTools.CNTManager3 - WARNING - [CNTManager3] 실패 - rig_ready:export:upperarm_twist_01_l_parentConstraint1.drawStyle: setAttr: No object matches name: rig_ready:export:upperarm_twist_01_l_parentConstraint1.drawStyle

2026-07-08 17:14:09 - MayaTools.CNTManager3 - WARNING - [CNTManager3] 실패 - rig_ready:export:upperarm_twist_01_l_scaleConstraint1.drawStyle: setAttr: No object matches name: rig_ready:export:upperarm_twist_01_l_scaleConstraint1.drawStyle

2026-07-08 17:14:09 - MayaTools.CNTManager3 - WARNING - [CNTManager3] 실패 - rig_ready:export:upperarm_tricep_l_parentConstraint1.drawStyle: setAttr: No object matches name: rig_ready:export:upperarm_tricep_l_parentConstraint1.drawStyle

2026-07-08 17:14:09 - MayaTools.CNTManager3 - WARNING - [CNTManager3] 실패 - rig_ready:export:upperarm_tricep_l_scaleConstraint1.drawStyle: setAttr: No object matches name: rig_ready:export:upperarm_tricep_l_scaleConstraint1.drawStyle

2026-07-08 17:14:09 - MayaTools.CNTManager3 - WARNING - [CNTManager3] 실패 - rig_ready:export:upperarm_bicep_l_parentConstraint1.drawStyle: setAttr: No object matches name: rig_ready:export:upperarm_bicep_l_parentConstraint1.drawStyle

2026-07-08 17:14:09 - MayaTools.CNTManager3 - WARNING - [CNTManager3] 실패 - rig_ready:export:upperarm_bicep_l_scaleConstraint1.drawStyle: setAttr: No object matches name: rig_ready:export:upperarm_bicep_l_scaleConstraint1.drawStyle

2026-07-08 17:14:09 - MayaTools.CNTManager3 - WARNING - [CNTManager3] 실패 - rig_ready:export:upperarm_twistCor_02_l_parentConstraint1.drawStyle: setAttr: No object matches name: rig_ready:export:upperarm_twistCor_02_l_parentConstraint1.drawStyle

2026-07-08 17:14:09 - MayaTools.CNTManager3 - WARNING - [CNTManager3] 실패 - rig_ready:export:upperarm_twistCor_02_l_scaleConstraint1.drawStyle: setAttr: No object matches name: rig_ready:export:upperarm_twistCor_02_l_scaleConstraint1.drawStyle

2026-07-08 17:14:09 - MayaTools.CNTManager3 - WARNING - [CNTManager3] 실패 - rig_ready:export:upperarm_twist_02_l_parentConstraint1.drawStyle: setAttr: No object matches name: rig_ready:export:upperarm_twist_02_l_parentConstraint1.drawStyle

2026-07-08 17:14:09 - MayaTools.CNTManager3 - WARNING - [CNTManager3] 실패 - rig_ready:export:upperarm_twist_02_l_scaleConstraint1.drawStyle: setAttr: No object matches name: rig_ready:export:upperarm_twist_02_l_scaleConstraint1.drawStyle

2026-07-08 17:14:09 - MayaTools.CNTManager3 - WARNING - [CNTManager3] 실패 - rig_ready:export:upperarm_twist_l_parentConstraint1.drawStyle: setAttr: No object matches name: rig_ready:export:upperarm_twist_l_parentConstraint1.drawStyle

2026-07-08 17:14:09 - MayaTools.CNTManager3 - WARNING - [CNTManager3] 실패 - rig_ready:export:upperarm_twist_l_scaleConstraint1.drawStyle: setAttr: No object matches name: rig_ready:export:upperarm_twist_l_scaleConstraint1.drawStyle

2026-07-08 17:14:09 - MayaTools.CNTManager3 - WARNING - [CNTManager3] 실패 - rig_ready:export:upperarm_l_parentConstraint1.drawStyle: setAttr: No object matches name: rig_ready:export:upperarm_l_parentConstraint1.drawStyle

2026-07-08 17:14:09 - MayaTools.CNTManager3 - WARNING - [CNTManager3] 실패 - rig_ready:export:upperarm_l_scaleConstraint1.drawStyle: setAttr: No object matches name: rig_ready:export:upperarm_l_scaleConstraint1.drawStyle

2026-07-08 17:14:09 - MayaTools.CNTManager3 - WARNING - [CNTManager3] 실패 - rig_ready:export:clavicle_out_l_parentConstraint1.drawStyle: setAttr: No object matches name: rig_ready:export:clavicle_out_l_parentConstraint1.drawStyle

2026-07-08 17:14:09 - MayaTools.CNTManager3 - WARNING - [CNTManager3] 실패 - rig_ready:export:clavicle_out_l_scaleConstraint1.drawStyle: setAttr: No object matches name: rig_ready:export:clavicle_out_l_scaleConstraint1.drawStyle

2026-07-08 17:14:09 - MayaTools.CNTManager3 - WARNING - [CNTManager3] 실패 - rig_ready:export:clavicle_scap_l_parentConstraint1.drawStyle: setAttr: No object matches name: rig_ready:export:clavicle_scap_l_parentConstraint1.drawStyle

2026-07-08 17:14:09 - MayaTools.CNTManager3 - WARNING - [CNTManager3] 실패 - rig_ready:export:clavicle_scap_l_scaleConstraint1.drawStyle: setAttr: No object matches name: rig_ready:export:clavicle_scap_l_scaleConstraint1.drawStyle

2026-07-08 17:14:09 - MayaTools.CNTManager3 - WARNING - [CNTManager3] 실패 - rig_ready:export:clavicle_l_parentConstraint1.drawStyle: setAttr: No object matches name: rig_ready:export:clavicle_l_parentConstraint1.drawStyle

2026-07-08 17:14:09 - MayaTools.CNTManager3 - WARNING - [CNTManager3] 실패 - rig_ready:export:clavicle_l_scaleConstraint1.drawStyle: setAttr: No object matches name: rig_ready:export:clavicle_l_scaleConstraint1.drawStyle

2026-07-08 17:14:09 - MayaTools.CNTManager3 - WARNING - [CNTManager3] 실패 - rig_ready:export:upperarm_bck_r_parentConstraint1.drawStyle: setAttr: No object matches name: rig_ready:export:upperarm_bck_r_parentConstraint1.drawStyle

2026-07-08 17:14:09 - MayaTools.CNTManager3 - WARNING - [CNTManager3] 실패 - rig_ready:export:upperarm_bck_r_scaleConstraint1.drawStyle: setAttr: No object matches name: rig_ready:export:upperarm_bck_r_scaleConstraint1.drawStyle

2026-07-08 17:14:09 - MayaTools.CNTManager3 - WARNING - [CNTManager3] 실패 - rig_ready:export:upperarm_in_r_parentConstraint1.drawStyle: setAttr: No object matches name: rig_ready:export:upperarm_in_r_parentConstraint1.drawStyle

2026-07-08 17:14:09 - MayaTools.CNTManager3 - WARNING - [CNTManager3] 실패 - rig_ready:export:upperarm_in_r_scaleConstraint1.drawStyle: setAttr: No object matches name: rig_ready:export:upperarm_in_r_scaleConstraint1.drawStyle

2026-07-08 17:14:09 - MayaTools.CNTManager3 - WARNING - [CNTManager3] 실패 - rig_ready:export:upperarm_fwd_r_parentConstraint1.drawStyle: setAttr: No object matches name: rig_ready:export:upperarm_fwd_r_parentConstraint1.drawStyle

2026-07-08 17:14:09 - MayaTools.CNTManager3 - WARNING - [CNTManager3] 실패 - rig_ready:export:upperarm_fwd_r_scaleConstraint1.drawStyle: setAttr: No object matches name: rig_ready:export:upperarm_fwd_r_scaleConstraint1.drawStyle

2026-07-08 17:14:09 - MayaTools.CNTManager3 - WARNING - [CNTManager3] 실패 - rig_ready:export:upperarm_out_r_parentConstraint1.drawStyle: setAttr: No object matches name: rig_ready:export:upperarm_out_r_parentConstraint1.drawStyle

2026-07-08 17:14:09 - MayaTools.CNTManager3 - WARNING - [CNTManager3] 실패 - rig_ready:export:upperarm_out_r_scaleConstraint1.drawStyle: setAttr: No object matches name: rig_ready:export:upperarm_out_r_scaleConstraint1.drawStyle

2026-07-08 17:14:09 - MayaTools.CNTManager3 - WARNING - [CNTManager3] 실패 - rig_ready:export:upperarm_correctiveRoot_r_parentConstraint1.drawStyle: setAttr: No object matches name: rig_ready:export:upperarm_correctiveRoot_r_parentConstraint1.drawStyle

2026-07-08 17:14:09 - MayaTools.CNTManager3 - WARNING - [CNTManager3] 실패 - rig_ready:export:upperarm_correctiveRoot_r_scaleConstraint1.drawStyle: setAttr: No object matches name: rig_ready:export:upperarm_correctiveRoot_r_scaleConstraint1.drawStyle

2026-07-08 17:14:09 - MayaTools.CNTManager3 - WARNING - [CNTManager3] 실패 - rig_ready:export:pinky_03_bulge_r_parentConstraint1.drawStyle: setAttr: No object matches name: rig_ready:export:pinky_03_bulge_r_parentConstraint1.drawStyle

2026-07-08 17:14:09 - MayaTools.CNTManager3 - WARNING - [CNTManager3] 실패 - rig_ready:export:pinky_03_bulge_r_scaleConstraint1.drawStyle: setAttr: No object matches name: rig_ready:export:pinky_03_bulge_r_scaleConstraint1.drawStyle

2026-07-08 17:14:09 - MayaTools.CNTManager3 - WARNING - [CNTManager3] 실패 - rig_ready:export:pinky_03_in_r_parentConstraint1.drawStyle: setAttr: No object matches name: rig_ready:export:pinky_03_in_r_parentConstraint1.drawStyle

2026-07-08 17:14:09 - MayaTools.CNTManager3 - WARNING - [CNTManager3] 실패 - rig_ready:export:pinky_03_in_r_scaleConstraint1.drawStyle: setAttr: No object matches name: rig_ready:export:pinky_03_in_r_scaleConstraint1.drawStyle

2026-07-08 17:14:09 - MayaTools.CNTManager3 - WARNING - [CNTManager3] 실패 - rig_ready:export:pinky_02_dip_r_parentConstraint1.drawStyle: setAttr: No object matches name: rig_ready:export:pinky_02_dip_r_parentConstraint1.drawStyle

2026-07-08 17:14:09 - MayaTools.CNTManager3 - WARNING - [CNTManager3] 실패 - rig_ready:export:pinky_02_dip_r_scaleConstraint1.drawStyle: setAttr: No object matches name: rig_ready:export:pinky_02_dip_r_scaleConstraint1.drawStyle

2026-07-08 17:14:09 - MayaTools.CNTManager3 - WARNING - [CNTManager3] 실패 - rig_ready:export:pinky_03_half_r_parentConstraint1.drawStyle: setAttr: No object matches name: rig_ready:export:pinky_03_half_r_parentConstraint1.drawStyle

2026-07-08 17:14:09 - MayaTools.CNTManager3 - WARNING - [CNTManager3] 실패 - rig_ready:export:pinky_03_half_r_scaleConstraint1.drawStyle: setAttr: No object matches name: rig_ready:export:pinky_03_half_r_scaleConstraint1.drawStyle

2026-07-08 17:14:09 - MayaTools.CNTManager3 - WARNING - [CNTManager3] 실패 - rig_ready:export:pinky_03_r_parentConstraint1.drawStyle: setAttr: No object matches name: rig_ready:export:pinky_03_r_parentConstraint1.drawStyle

2026-07-08 17:14:09 - MayaTools.CNTManager3 - WARNING - [CNTManager3] 실패 - rig_ready:export:pinky_03_r_scaleConstraint1.drawStyle: setAttr: No object matches name: rig_ready:export:pinky_03_r_scaleConstraint1.drawStyle

2026-07-08 17:14:09 - MayaTools.CNTManager3 - WARNING - [CNTManager3] 실패 - rig_ready:export:pinky_02_bulge_r_parentConstraint1.drawStyle: setAttr: No object matches name: rig_ready:export:pinky_02_bulge_r_parentConstraint1.drawStyle

2026-07-08 17:14:09 - MayaTools.CNTManager3 - WARNING - [CNTManager3] 실패 - rig_ready:export:pinky_02_bulge_r_scaleConstraint1.drawStyle: setAttr: No object matches name: rig_ready:export:pinky_02_bulge_r_scaleConstraint1.drawStyle

2026-07-08 17:14:09 - MayaTools.CNTManager3 - WARNING - [CNTManager3] 실패 - rig_ready:export:pinky_02_side_out_r_parentConstraint1.drawStyle: setAttr: No object matches name: rig_ready:export:pinky_02_side_out_r_parentConstraint1.drawStyle

2026-07-08 17:14:09 - MayaTools.CNTManager3 - WARNING - [CNTManager3] 실패 - rig_ready:export:pinky_02_side_out_r_scaleConstraint1.drawStyle: setAttr: No object matches name: rig_ready:export:pinky_02_side_out_r_scaleConstraint1.drawStyle

2026-07-08 17:14:09 - MayaTools.CNTManager3 - WARNING - [CNTManager3] 실패 - rig_ready:export:pinky_02_side_inn_r_parentConstraint1.drawStyle: setAttr: No object matches name: rig_ready:export:pinky_02_side_inn_r_parentConstraint1.drawStyle

2026-07-08 17:14:09 - MayaTools.CNTManager3 - WARNING - [CNTManager3] 실패 - rig_ready:export:pinky_02_side_inn_r_scaleConstraint1.drawStyle: setAttr: No object matches name: rig_ready:export:pinky_02_side_inn_r_scaleConstraint1.drawStyle

2026-07-08 17:14:09 - MayaTools.CNTManager3 - WARNING - [CNTManager3] 실패 - rig_ready:export:pinky_02_in_r_parentConstraint1.drawStyle: setAttr: No object matches name: rig_ready:export:pinky_02_in_r_parentConstraint1.drawStyle

2026-07-08 17:14:09 - MayaTools.CNTManager3 - WARNING - [CNTManager3] 실패 - rig_ready:export:pinky_02_in_r_scaleConstraint1.drawStyle: setAttr: No object matches name: rig_ready:export:pinky_02_in_r_scaleConstraint1.drawStyle

2026-07-08 17:14:09 - MayaTools.CNTManager3 - WARNING - [CNTManager3] 실패 - rig_ready:export:pinky_02_pip_r_parentConstraint1.drawStyle: setAttr: No object matches name: rig_ready:export:pinky_02_pip_r_parentConstraint1.drawStyle

2026-07-08 17:14:09 - MayaTools.CNTManager3 - WARNING - [CNTManager3] 실패 - rig_ready:export:pinky_02_pip_r_scaleConstraint1.drawStyle: setAttr: No object matches name: rig_ready:export:pinky_02_pip_r_scaleConstraint1.drawStyle

2026-07-08 17:14:09 - MayaTools.CNTManager3 - WARNING - [CNTManager3] 실패 - rig_ready:export:pinky_02_half_r_parentConstraint1.drawStyle: setAttr: No object matches name: rig_ready:export:pinky_02_half_r_parentConstraint1.drawStyle

2026-07-08 17:14:09 - MayaTools.CNTManager3 - WARNING - [CNTManager3] 실패 - rig_ready:export:pinky_02_half_r_scaleConstraint1.drawStyle: setAttr: No object matches name: rig_ready:export:pinky_02_half_r_scaleConstraint1.drawStyle

2026-07-08 17:14:09 - MayaTools.CNTManager3 - WARNING - [CNTManager3] 실패 - rig_ready:export:pinky_02_r_parentConstraint1.drawStyle: setAttr: No object matches name: rig_ready:export:pinky_02_r_parentConstraint1.drawStyle

2026-07-08 17:14:09 - MayaTools.CNTManager3 - WARNING - [CNTManager3] 실패 - rig_ready:export:pinky_02_r_scaleConstraint1.drawStyle: setAttr: No object matches name: rig_ready:export:pinky_02_r_scaleConstraint1.drawStyle

2026-07-08 17:14:09 - MayaTools.CNTManager3 - WARNING - [CNTManager3] 실패 - rig_ready:export:pinky_01_palmMid_r_parentConstraint1.drawStyle: setAttr: No object matches name: rig_ready:export:pinky_01_palmMid_r_parentConstraint1.drawStyle

2026-07-08 17:14:09 - MayaTools.CNTManager3 - WARNING - [CNTManager3] 실패 - rig_ready:export:pinky_01_palmMid_r_scaleConstraint1.drawStyle: setAttr: No object matches name: rig_ready:export:pinky_01_palmMid_r_scaleConstraint1.drawStyle

2026-07-08 17:14:09 - MayaTools.CNTManager3 - WARNING - [CNTManager3] 실패 - rig_ready:export:pinky_01_bulge_r_parentConstraint1.drawStyle: setAttr: No object matches name: rig_ready:export:pinky_01_bulge_r_parentConstraint1.drawStyle

2026-07-08 17:14:09 - MayaTools.CNTManager3 - WARNING - [CNTManager3] 실패 - rig_ready:export:pinky_01_bulge_r_scaleConstraint1.drawStyle: setAttr: No object matches name: rig_ready:export:pinky_01_bulge_r_scaleConstraint1.drawStyle

2026-07-08 17:14:09 - MayaTools.CNTManager3 - WARNING - [CNTManager3] 실패 - rig_ready:export:pinky_01_side_out_r_parentConstraint1.drawStyle: setAttr: No object matches name: rig_ready:export:pinky_01_side_out_r_parentConstraint1.drawStyle

2026-07-08 17:14:09 - MayaTools.CNTManager3 - WARNING - [CNTManager3] 실패 - rig_ready:export:pinky_01_side_out_r_scaleConstraint1.drawStyle: setAttr: No object matches name: rig_ready:export:pinky_01_side_out_r_scaleConstraint1.drawStyle

2026-07-08 17:14:09 - MayaTools.CNTManager3 - WARNING - [CNTManager3] 실패 - rig_ready:export:pinky_01_side_inn_r_parentConstraint1.drawStyle: setAttr: No object matches name: rig_ready:export:pinky_01_side_inn_r_parentConstraint1.drawStyle

2026-07-08 17:14:09 - MayaTools.CNTManager3 - WARNING - [CNTManager3] 실패 - rig_ready:export:pinky_01_side_inn_r_scaleConstraint1.drawStyle: setAttr: No object matches name: rig_ready:export:pinky_01_side_inn_r_scaleConstraint1.drawStyle

2026-07-08 17:14:09 - MayaTools.CNTManager3 - WARNING - [CNTManager3] 실패 - rig_ready:export:pinky_01_mcp_r_parentConstraint1.drawStyle: setAttr: No object matches name: rig_ready:export:pinky_01_mcp_r_parentConstraint1.drawStyle

2026-07-08 17:14:09 - MayaTools.CNTManager3 - WARNING - [CNTManager3] 실패 - rig_ready:export:pinky_01_mcp_r_scaleConstraint1.drawStyle: setAttr: No object matches name: rig_ready:export:pinky_01_mcp_r_scaleConstraint1.drawStyle

2026-07-08 17:14:09 - MayaTools.CNTManager3 - WARNING - [CNTManager3] 실패 - rig_ready:export:pinky_01_palm_r_parentConstraint1.drawStyle: setAttr: No object matches name: rig_ready:export:pinky_01_palm_r_parentConstraint1.drawStyle

2026-07-08 17:14:09 - MayaTools.CNTManager3 - WARNING - [CNTManager3] 실패 - rig_ready:export:pinky_01_palm_r_scaleConstraint1.drawStyle: setAttr: No object matches name: rig_ready:export:pinky_01_palm_r_scaleConstraint1.drawStyle

2026-07-08 17:14:09 - MayaTools.CNTManager3 - WARNING - [CNTManager3] 실패 - rig_ready:export:pinky_01_half_r_parentConstraint1.drawStyle: setAttr: No object matches name: rig_ready:export:pinky_01_half_r_parentConstraint1.drawStyle

2026-07-08 17:14:09 - MayaTools.CNTManager3 - WARNING - [CNTManager3] 실패 - rig_ready:export:pinky_01_half_r_scaleConstraint1.drawStyle: setAttr: No object matches name: rig_ready:export:pinky_01_half_r_scaleConstraint1.drawStyle

2026-07-08 17:14:09 - MayaTools.CNTManager3 - WARNING - [CNTManager3] 실패 - rig_ready:export:pinky_01_r_parentConstraint1.drawStyle: setAttr: No object matches name: rig_ready:export:pinky_01_r_parentConstraint1.drawStyle

2026-07-08 17:14:09 - MayaTools.CNTManager3 - WARNING - [CNTManager3] 실패 - rig_ready:export:pinky_01_r_scaleConstraint1.drawStyle: setAttr: No object matches name: rig_ready:export:pinky_01_r_scaleConstraint1.drawStyle

2026-07-08 17:14:09 - MayaTools.CNTManager3 - WARNING - [CNTManager3] 실패 - rig_ready:export:pinky_metacarpal_slide_r_parentConstraint1.drawStyle: setAttr: No object matches name: rig_ready:export:pinky_metacarpal_slide_r_parentConstraint1.drawStyle

2026-07-08 17:14:09 - MayaTools.CNTManager3 - WARNING - [CNTManager3] 실패 - rig_ready:export:pinky_metacarpal_slide_r_scaleConstraint1.drawStyle: setAttr: No object matches name: rig_ready:export:pinky_metacarpal_slide_r_scaleConstraint1.drawStyle

2026-07-08 17:14:09 - MayaTools.CNTManager3 - WARNING - [CNTManager3] 실패 - rig_ready:export:pinky_metacarpal_r_parentConstraint1.drawStyle: setAttr: No object matches name: rig_ready:export:pinky_metacarpal_r_parentConstraint1.drawStyle

2026-07-08 17:14:09 - MayaTools.CNTManager3 - WARNING - [CNTManager3] 실패 - rig_ready:export:pinky_metacarpal_r_scaleConstraint1.drawStyle: setAttr: No object matches name: rig_ready:export:pinky_metacarpal_r_scaleConstraint1.drawStyle

2026-07-08 17:14:09 - MayaTools.CNTManager3 - WARNING - [CNTManager3] 실패 - rig_ready:export:ring_03_bulge_r_parentConstraint1.drawStyle: setAttr: No object matches name: rig_ready:export:ring_03_bulge_r_parentConstraint1.drawStyle

2026-07-08 17:14:09 - MayaTools.CNTManager3 - WARNING - [CNTManager3] 실패 - rig_ready:export:ring_03_bulge_r_scaleConstraint1.drawStyle: setAttr: No object matches name: rig_ready:export:ring_03_bulge_r_scaleConstraint1.drawStyle

2026-07-08 17:14:09 - MayaTools.CNTManager3 - WARNING - [CNTManager3] 실패 - rig_ready:export:ring_02_dip_r_parentConstraint1.drawStyle: setAttr: No object matches name: rig_ready:export:ring_02_dip_r_parentConstraint1.drawStyle

2026-07-08 17:14:09 - MayaTools.CNTManager3 - WARNING - [CNTManager3] 실패 - rig_ready:export:ring_02_dip_r_scaleConstraint1.drawStyle: setAttr: No object matches name: rig_ready:export:ring_02_dip_r_scaleConstraint1.drawStyle

2026-07-08 17:14:09 - MayaTools.CNTManager3 - WARNING - [CNTManager3] 실패 - rig_ready:export:ring_03_in_r_parentConstraint1.drawStyle: setAttr: No object matches name: rig_ready:export:ring_03_in_r_parentConstraint1.drawStyle

2026-07-08 17:14:09 - MayaTools.CNTManager3 - WARNING - [CNTManager3] 실패 - rig_ready:export:ring_03_in_r_scaleConstraint1.drawStyle: setAttr: No object matches name: rig_ready:export:ring_03_in_r_scaleConstraint1.drawStyle

2026-07-08 17:14:09 - MayaTools.CNTManager3 - WARNING - [CNTManager3] 실패 - rig_ready:export:ring_03_half_r_parentConstraint1.drawStyle: setAttr: No object matches name: rig_ready:export:ring_03_half_r_parentConstraint1.drawStyle

2026-07-08 17:14:09 - MayaTools.CNTManager3 - WARNING - [CNTManager3] 실패 - rig_ready:export:ring_03_half_r_scaleConstraint1.drawStyle: setAttr: No object matches name: rig_ready:export:ring_03_half_r_scaleConstraint1.drawStyle

2026-07-08 17:14:09 - MayaTools.CNTManager3 - WARNING - [CNTManager3] 실패 - rig_ready:export:ring_03_r_parentConstraint1.drawStyle: setAttr: No object matches name: rig_ready:export:ring_03_r_parentConstraint1.drawStyle

2026-07-08 17:14:09 - MayaTools.CNTManager3 - WARNING - [CNTManager3] 실패 - rig_ready:export:ring_03_r_scaleConstraint1.drawStyle: setAttr: No object matches name: rig_ready:export:ring_03_r_scaleConstraint1.drawStyle

2026-07-08 17:14:09 - MayaTools.CNTManager3 - WARNING - [CNTManager3] 실패 - rig_ready:export:ring_02_bulge_r_parentConstraint1.drawStyle: setAttr: No object matches name: rig_ready:export:ring_02_bulge_r_parentConstraint1.drawStyle

2026-07-08 17:14:09 - MayaTools.CNTManager3 - WARNING - [CNTManager3] 실패 - rig_ready:export:ring_02_bulge_r_scaleConstraint1.drawStyle: setAttr: No object matches name: rig_ready:export:ring_02_bulge_r_scaleConstraint1.drawStyle

2026-07-08 17:14:09 - MayaTools.CNTManager3 - WARNING - [CNTManager3] 실패 - rig_ready:export:ring_02_side_out_r_parentConstraint1.drawStyle: setAttr: No object matches name: rig_ready:export:ring_02_side_out_r_parentConstraint1.drawStyle

2026-07-08 17:14:09 - MayaTools.CNTManager3 - WARNING - [CNTManager3] 실패 - rig_ready:export:ring_02_side_out_r_scaleConstraint1.drawStyle: setAttr: No object matches name: rig_ready:export:ring_02_side_out_r_scaleConstraint1.drawStyle

2026-07-08 17:14:09 - MayaTools.CNTManager3 - WARNING - [CNTManager3] 실패 - rig_ready:export:ring_02_side_inn_r_parentConstraint1.drawStyle: setAttr: No object matches name: rig_ready:export:ring_02_side_inn_r_parentConstraint1.drawStyle

2026-07-08 17:14:09 - MayaTools.CNTManager3 - WARNING - [CNTManager3] 실패 - rig_ready:export:ring_02_side_inn_r_scaleConstraint1.drawStyle: setAttr: No object matches name: rig_ready:export:ring_02_side_inn_r_scaleConstraint1.drawStyle

2026-07-08 17:14:09 - MayaTools.CNTManager3 - WARNING - [CNTManager3] 실패 - rig_ready:export:ring_02_in_r_parentConstraint1.drawStyle: setAttr: No object matches name: rig_ready:export:ring_02_in_r_parentConstraint1.drawStyle

2026-07-08 17:14:09 - MayaTools.CNTManager3 - WARNING - [CNTManager3] 실패 - rig_ready:export:ring_02_in_r_scaleConstraint1.drawStyle: setAttr: No object matches name: rig_ready:export:ring_02_in_r_scaleConstraint1.drawStyle

2026-07-08 17:14:09 - MayaTools.CNTManager3 - WARNING - [CNTManager3] 실패 - rig_ready:export:ring_02_pip_r_parentConstraint1.drawStyle: setAttr: No object matches name: rig_ready:export:ring_02_pip_r_parentConstraint1.drawStyle

2026-07-08 17:14:09 - MayaTools.CNTManager3 - WARNING - [CNTManager3] 실패 - rig_ready:export:ring_02_pip_r_scaleConstraint1.drawStyle: setAttr: No object matches name: rig_ready:export:ring_02_pip_r_scaleConstraint1.drawStyle

2026-07-08 17:14:09 - MayaTools.CNTManager3 - WARNING - [CNTManager3] 실패 - rig_ready:export:ring_02_half_r_parentConstraint1.drawStyle: setAttr: No object matches name: rig_ready:export:ring_02_half_r_parentConstraint1.drawStyle

2026-07-08 17:14:09 - MayaTools.CNTManager3 - WARNING - [CNTManager3] 실패 - rig_ready:export:ring_02_half_r_scaleConstraint1.drawStyle: setAttr: No object matches name: rig_ready:export:ring_02_half_r_scaleConstraint1.drawStyle

2026-07-08 17:14:09 - MayaTools.CNTManager3 - WARNING - [CNTManager3] 실패 - rig_ready:export:ring_02_r_parentConstraint1.drawStyle: setAttr: No object matches name: rig_ready:export:ring_02_r_parentConstraint1.drawStyle

2026-07-08 17:14:09 - MayaTools.CNTManager3 - WARNING - [CNTManager3] 실패 - rig_ready:export:ring_02_r_scaleConstraint1.drawStyle: setAttr: No object matches name: rig_ready:export:ring_02_r_scaleConstraint1.drawStyle

2026-07-08 17:14:09 - MayaTools.CNTManager3 - WARNING - [CNTManager3] 실패 - rig_ready:export:ring_01_palmMid_r_parentConstraint1.drawStyle: setAttr: No object matches name: rig_ready:export:ring_01_palmMid_r_parentConstraint1.drawStyle

2026-07-08 17:14:09 - MayaTools.CNTManager3 - WARNING - [CNTManager3] 실패 - rig_ready:export:ring_01_palmMid_r_scaleConstraint1.drawStyle: setAttr: No object matches name: rig_ready:export:ring_01_palmMid_r_scaleConstraint1.drawStyle

2026-07-08 17:14:09 - MayaTools.CNTManager3 - WARNING - [CNTManager3] 실패 - rig_ready:export:ring_01_bulge_r_parentConstraint1.drawStyle: setAttr: No object matches name: rig_ready:export:ring_01_bulge_r_parentConstraint1.drawStyle

2026-07-08 17:14:09 - MayaTools.CNTManager3 - WARNING - [CNTManager3] 실패 - rig_ready:export:ring_01_bulge_r_scaleConstraint1.drawStyle: setAttr: No object matches name: rig_ready:export:ring_01_bulge_r_scaleConstraint1.drawStyle

2026-07-08 17:14:09 - MayaTools.CNTManager3 - WARNING - [CNTManager3] 실패 - rig_ready:export:ring_01_side_out_r_parentConstraint1.drawStyle: setAttr: No object matches name: rig_ready:export:ring_01_side_out_r_parentConstraint1.drawStyle

2026-07-08 17:14:09 - MayaTools.CNTManager3 - WARNING - [CNTManager3] 실패 - rig_ready:export:ring_01_side_out_r_scaleConstraint1.drawStyle: setAttr: No object matches name: rig_ready:export:ring_01_side_out_r_scaleConstraint1.drawStyle

2026-07-08 17:14:09 - MayaTools.CNTManager3 - WARNING - [CNTManager3] 실패 - rig_ready:export:ring_01_side_inn_r_parentConstraint1.drawStyle: setAttr: No object matches name: rig_ready:export:ring_01_side_inn_r_parentConstraint1.drawStyle

2026-07-08 17:14:09 - MayaTools.CNTManager3 - WARNING - [CNTManager3] 실패 - rig_ready:export:ring_01_side_inn_r_scaleConstraint1.drawStyle: setAttr: No object matches name: rig_ready:export:ring_01_side_inn_r_scaleConstraint1.drawStyle

2026-07-08 17:14:09 - MayaTools.CNTManager3 - WARNING - [CNTManager3] 실패 - rig_ready:export:ring_01_mcp_r_parentConstraint1.drawStyle: setAttr: No object matches name: rig_ready:export:ring_01_mcp_r_parentConstraint1.drawStyle

2026-07-08 17:14:09 - MayaTools.CNTManager3 - WARNING - [CNTManager3] 실패 - rig_ready:export:ring_01_mcp_r_scaleConstraint1.drawStyle: setAttr: No object matches name: rig_ready:export:ring_01_mcp_r_scaleConstraint1.drawStyle

2026-07-08 17:14:09 - MayaTools.CNTManager3 - WARNING - [CNTManager3] 실패 - rig_ready:export:ring_01_palm_r_parentConstraint1.drawStyle: setAttr: No object matches name: rig_ready:export:ring_01_palm_r_parentConstraint1.drawStyle

2026-07-08 17:14:09 - MayaTools.CNTManager3 - WARNING - [CNTManager3] 실패 - rig_ready:export:ring_01_palm_r_scaleConstraint1.drawStyle: setAttr: No object matches name: rig_ready:export:ring_01_palm_r_scaleConstraint1.drawStyle

2026-07-08 17:14:09 - MayaTools.CNTManager3 - WARNING - [CNTManager3] 실패 - rig_ready:export:ring_01_half_r_parentConstraint1.drawStyle: setAttr: No object matches name: rig_ready:export:ring_01_half_r_parentConstraint1.drawStyle

2026-07-08 17:14:09 - MayaTools.CNTManager3 - WARNING - [CNTManager3] 실패 - rig_ready:export:ring_01_half_r_scaleConstraint1.drawStyle: setAttr: No object matches name: rig_ready:export:ring_01_half_r_scaleConstraint1.drawStyle

2026-07-08 17:14:09 - MayaTools.CNTManager3 - WARNING - [CNTManager3] 실패 - rig_ready:export:ring_01_r_parentConstraint1.drawStyle: setAttr: No object matches name: rig_ready:export:ring_01_r_parentConstraint1.drawStyle

2026-07-08 17:14:09 - MayaTools.CNTManager3 - WARNING - [CNTManager3] 실패 - rig_ready:export:ring_01_r_scaleConstraint1.drawStyle: setAttr: No object matches name: rig_ready:export:ring_01_r_scaleConstraint1.drawStyle

2026-07-08 17:14:09 - MayaTools.CNTManager3 - WARNING - [CNTManager3] 실패 - rig_ready:export:ring_metacarpal_slide_r_parentConstraint1.drawStyle: setAttr: No object matches name: rig_ready:export:ring_metacarpal_slide_r_parentConstraint1.drawStyle

2026-07-08 17:14:09 - MayaTools.CNTManager3 - WARNING - [CNTManager3] 실패 - rig_ready:export:ring_metacarpal_slide_r_scaleConstraint1.drawStyle: setAttr: No object matches name: rig_ready:export:ring_metacarpal_slide_r_scaleConstraint1.drawStyle

2026-07-08 17:14:09 - MayaTools.CNTManager3 - WARNING - [CNTManager3] 실패 - rig_ready:export:ring_metacarpal_r_parentConstraint1.drawStyle: setAttr: No object matches name: rig_ready:export:ring_metacarpal_r_parentConstraint1.drawStyle

2026-07-08 17:14:09 - MayaTools.CNTManager3 - WARNING - [CNTManager3] 실패 - rig_ready:export:ring_metacarpal_r_scaleConstraint1.drawStyle: setAttr: No object matches name: rig_ready:export:ring_metacarpal_r_scaleConstraint1.drawStyle

2026-07-08 17:14:09 - MayaTools.CNTManager3 - WARNING - [CNTManager3] 실패 - rig_ready:export:thumb_03_bulge_r_parentConstraint1.drawStyle: setAttr: No object matches name: rig_ready:export:thumb_03_bulge_r_parentConstraint1.drawStyle

2026-07-08 17:14:09 - MayaTools.CNTManager3 - WARNING - [CNTManager3] 실패 - rig_ready:export:thumb_03_bulge_r_scaleConstraint1.drawStyle: setAttr: No object matches name: rig_ready:export:thumb_03_bulge_r_scaleConstraint1.drawStyle

2026-07-08 17:14:09 - MayaTools.CNTManager3 - WARNING - [CNTManager3] 실패 - rig_ready:export:thumb_03_side_out_r_parentConstraint1.drawStyle: setAttr: No object matches name: rig_ready:export:thumb_03_side_out_r_parentConstraint1.drawStyle

2026-07-08 17:14:09 - MayaTools.CNTManager3 - WARNING - [CNTManager3] 실패 - rig_ready:export:thumb_03_side_out_r_scaleConstraint1.drawStyle: setAttr: No object matches name: rig_ready:export:thumb_03_side_out_r_scaleConstraint1.drawStyle

2026-07-08 17:14:09 - MayaTools.CNTManager3 - WARNING - [CNTManager3] 실패 - rig_ready:export:thumb_03_side_inn_r_parentConstraint1.drawStyle: setAttr: No object matches name: rig_ready:export:thumb_03_side_inn_r_parentConstraint1.drawStyle

2026-07-08 17:14:09 - MayaTools.CNTManager3 - WARNING - [CNTManager3] 실패 - rig_ready:export:thumb_03_side_inn_r_scaleConstraint1.drawStyle: setAttr: No object matches name: rig_ready:export:thumb_03_side_inn_r_scaleConstraint1.drawStyle

2026-07-08 17:14:09 - MayaTools.CNTManager3 - WARNING - [CNTManager3] 실패 - rig_ready:export:thumb_03_pip_r_parentConstraint1.drawStyle: setAttr: No object matches name: rig_ready:export:thumb_03_pip_r_parentConstraint1.drawStyle

2026-07-08 17:14:09 - MayaTools.CNTManager3 - WARNING - [CNTManager3] 실패 - rig_ready:export:thumb_03_pip_r_scaleConstraint1.drawStyle: setAttr: No object matches name: rig_ready:export:thumb_03_pip_r_scaleConstraint1.drawStyle

2026-07-08 17:14:09 - MayaTools.CNTManager3 - WARNING - [CNTManager3] 실패 - rig_ready:export:thumb_03_in_r_parentConstraint1.drawStyle: setAttr: No object matches name: rig_ready:export:thumb_03_in_r_parentConstraint1.drawStyle

2026-07-08 17:14:09 - MayaTools.CNTManager3 - WARNING - [CNTManager3] 실패 - rig_ready:export:thumb_03_in_r_scaleConstraint1.drawStyle: setAttr: No object matches name: rig_ready:export:thumb_03_in_r_scaleConstraint1.drawStyle

2026-07-08 17:14:09 - MayaTools.CNTManager3 - WARNING - [CNTManager3] 실패 - rig_ready:export:thumb_03_half_r_parentConstraint1.drawStyle: setAttr: No object matches name: rig_ready:export:thumb_03_half_r_parentConstraint1.drawStyle

2026-07-08 17:14:09 - MayaTools.CNTManager3 - WARNING - [CNTManager3] 실패 - rig_ready:export:thumb_03_half_r_scaleConstraint1.drawStyle: setAttr: No object matches name: rig_ready:export:thumb_03_half_r_scaleConstraint1.drawStyle

2026-07-08 17:14:09 - MayaTools.CNTManager3 - WARNING - [CNTManager3] 실패 - rig_ready:export:thumb_03_r_parentConstraint1.drawStyle: setAttr: No object matches name: rig_ready:export:thumb_03_r_parentConstraint1.drawStyle

2026-07-08 17:14:09 - MayaTools.CNTManager3 - WARNING - [CNTManager3] 실패 - rig_ready:export:thumb_03_r_scaleConstraint1.drawStyle: setAttr: No object matches name: rig_ready:export:thumb_03_r_scaleConstraint1.drawStyle

2026-07-08 17:14:09 - MayaTools.CNTManager3 - WARNING - [CNTManager3] 실패 - rig_ready:export:thumb_02_bulge_r_parentConstraint1.drawStyle: setAttr: No object matches name: rig_ready:export:thumb_02_bulge_r_parentConstraint1.drawStyle

2026-07-08 17:14:09 - MayaTools.CNTManager3 - WARNING - [CNTManager3] 실패 - rig_ready:export:thumb_02_bulge_r_scaleConstraint1.drawStyle: setAttr: No object matches name: rig_ready:export:thumb_02_bulge_r_scaleConstraint1.drawStyle

2026-07-08 17:14:09 - MayaTools.CNTManager3 - WARNING - [CNTManager3] 실패 - rig_ready:export:thumb_02_side_out_r_parentConstraint1.drawStyle: setAttr: No object matches name: rig_ready:export:thumb_02_side_out_r_parentConstraint1.drawStyle

2026-07-08 17:14:09 - MayaTools.CNTManager3 - WARNING - [CNTManager3] 실패 - rig_ready:export:thumb_02_side_out_r_scaleConstraint1.drawStyle: setAttr: No object matches name: rig_ready:export:thumb_02_side_out_r_scaleConstraint1.drawStyle

2026-07-08 17:14:09 - MayaTools.CNTManager3 - WARNING - [CNTManager3] 실패 - rig_ready:export:thumb_02_side_inn_r_parentConstraint1.drawStyle: setAttr: No object matches name: rig_ready:export:thumb_02_side_inn_r_parentConstraint1.drawStyle

2026-07-08 17:14:09 - MayaTools.CNTManager3 - WARNING - [CNTManager3] 실패 - rig_ready:export:thumb_02_side_inn_r_scaleConstraint1.drawStyle: setAttr: No object matches name: rig_ready:export:thumb_02_side_inn_r_scaleConstraint1.drawStyle

2026-07-08 17:14:09 - MayaTools.CNTManager3 - WARNING - [CNTManager3] 실패 - rig_ready:export:thumb_02_in_r_parentConstraint1.drawStyle: setAttr: No object matches name: rig_ready:export:thumb_02_in_r_parentConstraint1.drawStyle

2026-07-08 17:14:09 - MayaTools.CNTManager3 - WARNING - [CNTManager3] 실패 - rig_ready:export:thumb_02_in_r_scaleConstraint1.drawStyle: setAttr: No object matches name: rig_ready:export:thumb_02_in_r_scaleConstraint1.drawStyle

2026-07-08 17:14:09 - MayaTools.CNTManager3 - WARNING - [CNTManager3] 실패 - rig_ready:export:thumb_02_mcp_r_parentConstraint1.drawStyle: setAttr: No object matches name: rig_ready:export:thumb_02_mcp_r_parentConstraint1.drawStyle

2026-07-08 17:14:09 - MayaTools.CNTManager3 - WARNING - [CNTManager3] 실패 - rig_ready:export:thumb_02_mcp_r_scaleConstraint1.drawStyle: setAttr: No object matches name: rig_ready:export:thumb_02_mcp_r_scaleConstraint1.drawStyle

2026-07-08 17:14:09 - MayaTools.CNTManager3 - WARNING - [CNTManager3] 실패 - rig_ready:export:thumb_02_half_r_parentConstraint1.drawStyle: setAttr: No object matches name: rig_ready:export:thumb_02_half_r_parentConstraint1.drawStyle

2026-07-08 17:14:09 - MayaTools.CNTManager3 - WARNING - [CNTManager3] 실패 - rig_ready:export:thumb_02_half_r_scaleConstraint1.drawStyle: setAttr: No object matches name: rig_ready:export:thumb_02_half_r_scaleConstraint1.drawStyle

2026-07-08 17:14:09 - MayaTools.CNTManager3 - WARNING - [CNTManager3] 실패 - rig_ready:export:thumb_02_r_parentConstraint1.drawStyle: setAttr: No object matches name: rig_ready:export:thumb_02_r_parentConstraint1.drawStyle

2026-07-08 17:14:09 - MayaTools.CNTManager3 - WARNING - [CNTManager3] 실패 - rig_ready:export:thumb_02_r_scaleConstraint1.drawStyle: setAttr: No object matches name: rig_ready:export:thumb_02_r_scaleConstraint1.drawStyle

2026-07-08 17:14:09 - MayaTools.CNTManager3 - WARNING - [CNTManager3] 실패 - rig_ready:export:thumb_01_side_out_r_parentConstraint1.drawStyle: setAttr: No object matches name: rig_ready:export:thumb_01_side_out_r_parentConstraint1.drawStyle

2026-07-08 17:14:09 - MayaTools.CNTManager3 - WARNING - [CNTManager3] 실패 - rig_ready:export:thumb_01_side_out_r_scaleConstraint1.drawStyle: setAttr: No object matches name: rig_ready:export:thumb_01_side_out_r_scaleConstraint1.drawStyle

2026-07-08 17:14:09 - MayaTools.CNTManager3 - WARNING - [CNTManager3] 실패 - rig_ready:export:thumb_01_side_inn_r_parentConstraint1.drawStyle: setAttr: No object matches name: rig_ready:export:thumb_01_side_inn_r_parentConstraint1.drawStyle

2026-07-08 17:14:09 - MayaTools.CNTManager3 - WARNING - [CNTManager3] 실패 - rig_ready:export:thumb_01_side_inn_r_scaleConstraint1.drawStyle: setAttr: No object matches name: rig_ready:export:thumb_01_side_inn_r_scaleConstraint1.drawStyle

2026-07-08 17:14:09 - MayaTools.CNTManager3 - WARNING - [CNTManager3] 실패 - rig_ready:export:thumb_web_r_parentConstraint1.drawStyle: setAttr: No object matches name: rig_ready:export:thumb_web_r_parentConstraint1.drawStyle

2026-07-08 17:14:09 - MayaTools.CNTManager3 - WARNING - [CNTManager3] 실패 - rig_ready:export:thumb_web_r_scaleConstraint1.drawStyle: setAttr: No object matches name: rig_ready:export:thumb_web_r_scaleConstraint1.drawStyle

2026-07-08 17:14:09 - MayaTools.CNTManager3 - WARNING - [CNTManager3] 실패 - rig_ready:export:thumb_meat_r_parentConstraint1.drawStyle: setAttr: No object matches name: rig_ready:export:thumb_meat_r_parentConstraint1.drawStyle

2026-07-08 17:14:09 - MayaTools.CNTManager3 - WARNING - [CNTManager3] 실패 - rig_ready:export:thumb_meat_r_scaleConstraint1.drawStyle: setAttr: No object matches name: rig_ready:export:thumb_meat_r_scaleConstraint1.drawStyle

2026-07-08 17:14:09 - MayaTools.CNTManager3 - WARNING - [CNTManager3] 실패 - rig_ready:export:thumb_01_half_r_parentConstraint1.drawStyle: setAttr: No object matches name: rig_ready:export:thumb_01_half_r_parentConstraint1.drawStyle

2026-07-08 17:14:09 - MayaTools.CNTManager3 - WARNING - [CNTManager3] 실패 - rig_ready:export:thumb_01_half_r_scaleConstraint1.drawStyle: setAttr: No object matches name: rig_ready:export:thumb_01_half_r_scaleConstraint1.drawStyle

2026-07-08 17:14:09 - MayaTools.CNTManager3 - WARNING - [CNTManager3] 실패 - rig_ready:export:thumb_01_r_parentConstraint1.drawStyle: setAttr: No object matches name: rig_ready:export:thumb_01_r_parentConstraint1.drawStyle

2026-07-08 17:14:09 - MayaTools.CNTManager3 - WARNING - [CNTManager3] 실패 - rig_ready:export:thumb_01_r_scaleConstraint1.drawStyle: setAttr: No object matches name: rig_ready:export:thumb_01_r_scaleConstraint1.drawStyle

2026-07-08 17:14:09 - MayaTools.CNTManager3 - WARNING - [CNTManager3] 실패 - rig_ready:export:middle_03_bulge_r_parentConstraint1.drawStyle: setAttr: No object matches name: rig_ready:export:middle_03_bulge_r_parentConstraint1.drawStyle

2026-07-08 17:14:09 - MayaTools.CNTManager3 - WARNING - [CNTManager3] 실패 - rig_ready:export:middle_03_bulge_r_scaleConstraint1.drawStyle: setAttr: No object matches name: rig_ready:export:middle_03_bulge_r_scaleConstraint1.drawStyle

2026-07-08 17:14:09 - MayaTools.CNTManager3 - WARNING - [CNTManager3] 실패 - rig_ready:export:middle_03_in_r_parentConstraint1.drawStyle: setAttr: No object matches name: rig_ready:export:middle_03_in_r_parentConstraint1.drawStyle

2026-07-08 17:14:09 - MayaTools.CNTManager3 - WARNING - [CNTManager3] 실패 - rig_ready:export:middle_03_in_r_scaleConstraint1.drawStyle: setAttr: No object matches name: rig_ready:export:middle_03_in_r_scaleConstraint1.drawStyle

2026-07-08 17:14:09 - MayaTools.CNTManager3 - WARNING - [CNTManager3] 실패 - rig_ready:export:middle_02_dip_r_parentConstraint1.drawStyle: setAttr: No object matches name: rig_ready:export:middle_02_dip_r_parentConstraint1.drawStyle

2026-07-08 17:14:09 - MayaTools.CNTManager3 - WARNING - [CNTManager3] 실패 - rig_ready:export:middle_02_dip_r_scaleConstraint1.drawStyle: setAttr: No object matches name: rig_ready:export:middle_02_dip_r_scaleConstraint1.drawStyle

2026-07-08 17:14:09 - MayaTools.CNTManager3 - WARNING - [CNTManager3] 실패 - rig_ready:export:middle_03_half_r_parentConstraint1.drawStyle: setAttr: No object matches name: rig_ready:export:middle_03_half_r_parentConstraint1.drawStyle

2026-07-08 17:14:09 - MayaTools.CNTManager3 - WARNING - [CNTManager3] 실패 - rig_ready:export:middle_03_half_r_scaleConstraint1.drawStyle: setAttr: No object matches name: rig_ready:export:middle_03_half_r_scaleConstraint1.drawStyle

2026-07-08 17:14:09 - MayaTools.CNTManager3 - WARNING - [CNTManager3] 실패 - rig_ready:export:middle_03_r_parentConstraint1.drawStyle: setAttr: No object matches name: rig_ready:export:middle_03_r_parentConstraint1.drawStyle

2026-07-08 17:14:09 - MayaTools.CNTManager3 - WARNING - [CNTManager3] 실패 - rig_ready:export:middle_03_r_scaleConstraint1.drawStyle: setAttr: No object matches name: rig_ready:export:middle_03_r_scaleConstraint1.drawStyle

2026-07-08 17:14:09 - MayaTools.CNTManager3 - WARNING - [CNTManager3] 실패 - rig_ready:export:middle_02_bulge_r_parentConstraint1.drawStyle: setAttr: No object matches name: rig_ready:export:middle_02_bulge_r_parentConstraint1.drawStyle

2026-07-08 17:14:09 - MayaTools.CNTManager3 - WARNING - [CNTManager3] 실패 - rig_ready:export:middle_02_bulge_r_scaleConstraint1.drawStyle: setAttr: No object matches name: rig_ready:export:middle_02_bulge_r_scaleConstraint1.drawStyle

2026-07-08 17:14:09 - MayaTools.CNTManager3 - WARNING - [CNTManager3] 실패 - rig_ready:export:middle_02_side_out_r_parentConstraint1.drawStyle: setAttr: No object matches name: rig_ready:export:middle_02_side_out_r_parentConstraint1.drawStyle

2026-07-08 17:14:09 - MayaTools.CNTManager3 - WARNING - [CNTManager3] 실패 - rig_ready:export:middle_02_side_out_r_scaleConstraint1.drawStyle: setAttr: No object matches name: rig_ready:export:middle_02_side_out_r_scaleConstraint1.drawStyle

2026-07-08 17:14:09 - MayaTools.CNTManager3 - WARNING - [CNTManager3] 실패 - rig_ready:export:middle_02_side_inn_r_parentConstraint1.drawStyle: setAttr: No object matches name: rig_ready:export:middle_02_side_inn_r_parentConstraint1.drawStyle

2026-07-08 17:14:09 - MayaTools.CNTManager3 - WARNING - [CNTManager3] 실패 - rig_ready:export:middle_02_side_inn_r_scaleConstraint1.drawStyle: setAttr: No object matches name: rig_ready:export:middle_02_side_inn_r_scaleConstraint1.drawStyle

2026-07-08 17:14:09 - MayaTools.CNTManager3 - WARNING - [CNTManager3] 실패 - rig_ready:export:middle_02_pip_r_parentConstraint1.drawStyle: setAttr: No object matches name: rig_ready:export:middle_02_pip_r_parentConstraint1.drawStyle

2026-07-08 17:14:09 - MayaTools.CNTManager3 - WARNING - [CNTManager3] 실패 - rig_ready:export:middle_02_pip_r_scaleConstraint1.drawStyle: setAttr: No object matches name: rig_ready:export:middle_02_pip_r_scaleConstraint1.drawStyle

2026-07-08 17:14:09 - MayaTools.CNTManager3 - WARNING - [CNTManager3] 실패 - rig_ready:export:middle_02_in_r_parentConstraint1.drawStyle: setAttr: No object matches name: rig_ready:export:middle_02_in_r_parentConstraint1.drawStyle

2026-07-08 17:14:09 - MayaTools.CNTManager3 - WARNING - [CNTManager3] 실패 - rig_ready:export:middle_02_in_r_scaleConstraint1.drawStyle: setAttr: No object matches name: rig_ready:export:middle_02_in_r_scaleConstraint1.drawStyle

2026-07-08 17:14:09 - MayaTools.CNTManager3 - WARNING - [CNTManager3] 실패 - rig_ready:export:middle_02_half_r_parentConstraint1.drawStyle: setAttr: No object matches name: rig_ready:export:middle_02_half_r_parentConstraint1.drawStyle

2026-07-08 17:14:09 - MayaTools.CNTManager3 - WARNING - [CNTManager3] 실패 - rig_ready:export:middle_02_half_r_scaleConstraint1.drawStyle: setAttr: No object matches name: rig_ready:export:middle_02_half_r_scaleConstraint1.drawStyle

2026-07-08 17:14:09 - MayaTools.CNTManager3 - WARNING - [CNTManager3] 실패 - rig_ready:export:middle_02_r_parentConstraint1.drawStyle: setAttr: No object matches name: rig_ready:export:middle_02_r_parentConstraint1.drawStyle

2026-07-08 17:14:09 - MayaTools.CNTManager3 - WARNING - [CNTManager3] 실패 - rig_ready:export:middle_02_r_scaleConstraint1.drawStyle: setAttr: No object matches name: rig_ready:export:middle_02_r_scaleConstraint1.drawStyle

2026-07-08 17:14:09 - MayaTools.CNTManager3 - WARNING - [CNTManager3] 실패 - rig_ready:export:middle_01_palmMid_r_parentConstraint1.drawStyle: setAttr: No object matches name: rig_ready:export:middle_01_palmMid_r_parentConstraint1.drawStyle

2026-07-08 17:14:09 - MayaTools.CNTManager3 - WARNING - [CNTManager3] 실패 - rig_ready:export:middle_01_palmMid_r_scaleConstraint1.drawStyle: setAttr: No object matches name: rig_ready:export:middle_01_palmMid_r_scaleConstraint1.drawStyle

2026-07-08 17:14:09 - MayaTools.CNTManager3 - WARNING - [CNTManager3] 실패 - rig_ready:export:middle_01_bulge_r_parentConstraint1.drawStyle: setAttr: No object matches name: rig_ready:export:middle_01_bulge_r_parentConstraint1.drawStyle

2026-07-08 17:14:09 - MayaTools.CNTManager3 - WARNING - [CNTManager3] 실패 - rig_ready:export:middle_01_bulge_r_scaleConstraint1.drawStyle: setAttr: No object matches name: rig_ready:export:middle_01_bulge_r_scaleConstraint1.drawStyle

2026-07-08 17:14:09 - MayaTools.CNTManager3 - WARNING - [CNTManager3] 실패 - rig_ready:export:middle_01_side_out_r_parentConstraint1.drawStyle: setAttr: No object matches name: rig_ready:export:middle_01_side_out_r_parentConstraint1.drawStyle

2026-07-08 17:14:09 - MayaTools.CNTManager3 - WARNING - [CNTManager3] 실패 - rig_ready:export:middle_01_side_out_r_scaleConstraint1.drawStyle: setAttr: No object matches name: rig_ready:export:middle_01_side_out_r_scaleConstraint1.drawStyle

2026-07-08 17:14:09 - MayaTools.CNTManager3 - WARNING - [CNTManager3] 실패 - rig_ready:export:middle_01_side_inn_r_parentConstraint1.drawStyle: setAttr: No object matches name: rig_ready:export:middle_01_side_inn_r_parentConstraint1.drawStyle

2026-07-08 17:14:09 - MayaTools.CNTManager3 - WARNING - [CNTManager3] 실패 - rig_ready:export:middle_01_side_inn_r_scaleConstraint1.drawStyle: setAttr: No object matches name: rig_ready:export:middle_01_side_inn_r_scaleConstraint1.drawStyle

2026-07-08 17:14:09 - MayaTools.CNTManager3 - WARNING - [CNTManager3] 실패 - rig_ready:export:middle_01_mcp_r_parentConstraint1.drawStyle: setAttr: No object matches name: rig_ready:export:middle_01_mcp_r_parentConstraint1.drawStyle

2026-07-08 17:14:09 - MayaTools.CNTManager3 - WARNING - [CNTManager3] 실패 - rig_ready:export:middle_01_mcp_r_scaleConstraint1.drawStyle: setAttr: No object matches name: rig_ready:export:middle_01_mcp_r_scaleConstraint1.drawStyle

2026-07-08 17:14:09 - MayaTools.CNTManager3 - WARNING - [CNTManager3] 실패 - rig_ready:export:middle_01_palm_r_parentConstraint1.drawStyle: setAttr: No object matches name: rig_ready:export:middle_01_palm_r_parentConstraint1.drawStyle

2026-07-08 17:14:09 - MayaTools.CNTManager3 - WARNING - [CNTManager3] 실패 - rig_ready:export:middle_01_palm_r_scaleConstraint1.drawStyle: setAttr: No object matches name: rig_ready:export:middle_01_palm_r_scaleConstraint1.drawStyle

2026-07-08 17:14:09 - MayaTools.CNTManager3 - WARNING - [CNTManager3] 실패 - rig_ready:export:middle_01_half_r_parentConstraint1.drawStyle: setAttr: No object matches name: rig_ready:export:middle_01_half_r_parentConstraint1.drawStyle

2026-07-08 17:14:09 - MayaTools.CNTManager3 - WARNING - [CNTManager3] 실패 - rig_ready:export:middle_01_half_r_scaleConstraint1.drawStyle: setAttr: No object matches name: rig_ready:export:middle_01_half_r_scaleConstraint1.drawStyle

2026-07-08 17:14:09 - MayaTools.CNTManager3 - WARNING - [CNTManager3] 실패 - rig_ready:export:middle_01_r_parentConstraint1.drawStyle: setAttr: No object matches name: rig_ready:export:middle_01_r_parentConstraint1.drawStyle

2026-07-08 17:14:09 - MayaTools.CNTManager3 - WARNING - [CNTManager3] 실패 - rig_ready:export:middle_01_r_scaleConstraint1.drawStyle: setAttr: No object matches name: rig_ready:export:middle_01_r_scaleConstraint1.drawStyle

2026-07-08 17:14:09 - MayaTools.CNTManager3 - WARNING - [CNTManager3] 실패 - rig_ready:export:middle_metacarpal_slide_r_parentConstraint1.drawStyle: setAttr: No object matches name: rig_ready:export:middle_metacarpal_slide_r_parentConstraint1.drawStyle

2026-07-08 17:14:09 - MayaTools.CNTManager3 - WARNING - [CNTManager3] 실패 - rig_ready:export:middle_metacarpal_slide_r_scaleConstraint1.drawStyle: setAttr: No object matches name: rig_ready:export:middle_metacarpal_slide_r_scaleConstraint1.drawStyle

2026-07-08 17:14:09 - MayaTools.CNTManager3 - WARNING - [CNTManager3] 실패 - rig_ready:export:middle_metacarpal_r_parentConstraint1.drawStyle: setAttr: No object matches name: rig_ready:export:middle_metacarpal_r_parentConstraint1.drawStyle

2026-07-08 17:14:09 - MayaTools.CNTManager3 - WARNING - [CNTManager3] 실패 - rig_ready:export:middle_metacarpal_r_scaleConstraint1.drawStyle: setAttr: No object matches name: rig_ready:export:middle_metacarpal_r_scaleConstraint1.drawStyle

2026-07-08 17:14:09 - MayaTools.CNTManager3 - WARNING - [CNTManager3] 실패 - rig_ready:export:index_03_bulge_r_parentConstraint1.drawStyle: setAttr: No object matches name: rig_ready:export:index_03_bulge_r_parentConstraint1.drawStyle

2026-07-08 17:14:09 - MayaTools.CNTManager3 - WARNING - [CNTManager3] 실패 - rig_ready:export:index_03_bulge_r_scaleConstraint1.drawStyle: setAttr: No object matches name: rig_ready:export:index_03_bulge_r_scaleConstraint1.drawStyle

2026-07-08 17:14:09 - MayaTools.CNTManager3 - WARNING - [CNTManager3] 실패 - rig_ready:export:index_02_dip_r_parentConstraint1.drawStyle: setAttr: No object matches name: rig_ready:export:index_02_dip_r_parentConstraint1.drawStyle

2026-07-08 17:14:09 - MayaTools.CNTManager3 - WARNING - [CNTManager3] 실패 - rig_ready:export:index_02_dip_r_scaleConstraint1.drawStyle: setAttr: No object matches name: rig_ready:export:index_02_dip_r_scaleConstraint1.drawStyle

2026-07-08 17:14:09 - MayaTools.CNTManager3 - WARNING - [CNTManager3] 실패 - rig_ready:export:index_03_in_r_parentConstraint1.drawStyle: setAttr: No object matches name: rig_ready:export:index_03_in_r_parentConstraint1.drawStyle

2026-07-08 17:14:09 - MayaTools.CNTManager3 - WARNING - [CNTManager3] 실패 - rig_ready:export:index_03_in_r_scaleConstraint1.drawStyle: setAttr: No object matches name: rig_ready:export:index_03_in_r_scaleConstraint1.drawStyle

2026-07-08 17:14:09 - MayaTools.CNTManager3 - WARNING - [CNTManager3] 실패 - rig_ready:export:index_03_half_r_parentConstraint1.drawStyle: setAttr: No object matches name: rig_ready:export:index_03_half_r_parentConstraint1.drawStyle

2026-07-08 17:14:09 - MayaTools.CNTManager3 - WARNING - [CNTManager3] 실패 - rig_ready:export:index_03_half_r_scaleConstraint1.drawStyle: setAttr: No object matches name: rig_ready:export:index_03_half_r_scaleConstraint1.drawStyle

2026-07-08 17:14:09 - MayaTools.CNTManager3 - WARNING - [CNTManager3] 실패 - rig_ready:export:index_03_r_parentConstraint1.drawStyle: setAttr: No object matches name: rig_ready:export:index_03_r_parentConstraint1.drawStyle

2026-07-08 17:14:09 - MayaTools.CNTManager3 - WARNING - [CNTManager3] 실패 - rig_ready:export:index_03_r_scaleConstraint1.drawStyle: setAttr: No object matches name: rig_ready:export:index_03_r_scaleConstraint1.drawStyle

2026-07-08 17:14:09 - MayaTools.CNTManager3 - WARNING - [CNTManager3] 실패 - rig_ready:export:index_02_bulge_r_parentConstraint1.drawStyle: setAttr: No object matches name: rig_ready:export:index_02_bulge_r_parentConstraint1.drawStyle

2026-07-08 17:14:09 - MayaTools.CNTManager3 - WARNING - [CNTManager3] 실패 - rig_ready:export:index_02_bulge_r_scaleConstraint1.drawStyle: setAttr: No object matches name: rig_ready:export:index_02_bulge_r_scaleConstraint1.drawStyle

2026-07-08 17:14:09 - MayaTools.CNTManager3 - WARNING - [CNTManager3] 실패 - rig_ready:export:index_02_side_out_r_parentConstraint1.drawStyle: setAttr: No object matches name: rig_ready:export:index_02_side_out_r_parentConstraint1.drawStyle

2026-07-08 17:14:09 - MayaTools.CNTManager3 - WARNING - [CNTManager3] 실패 - rig_ready:export:index_02_side_out_r_scaleConstraint1.drawStyle: setAttr: No object matches name: rig_ready:export:index_02_side_out_r_scaleConstraint1.drawStyle

2026-07-08 17:14:09 - MayaTools.CNTManager3 - WARNING - [CNTManager3] 실패 - rig_ready:export:index_02_side_inn_r_parentConstraint1.drawStyle: setAttr: No object matches name: rig_ready:export:index_02_side_inn_r_parentConstraint1.drawStyle

2026-07-08 17:14:09 - MayaTools.CNTManager3 - WARNING - [CNTManager3] 실패 - rig_ready:export:index_02_side_inn_r_scaleConstraint1.drawStyle: setAttr: No object matches name: rig_ready:export:index_02_side_inn_r_scaleConstraint1.drawStyle

2026-07-08 17:14:09 - MayaTools.CNTManager3 - WARNING - [CNTManager3] 실패 - rig_ready:export:index_02_in_r_parentConstraint1.drawStyle: setAttr: No object matches name: rig_ready:export:index_02_in_r_parentConstraint1.drawStyle

2026-07-08 17:14:09 - MayaTools.CNTManager3 - WARNING - [CNTManager3] 실패 - rig_ready:export:index_02_in_r_scaleConstraint1.drawStyle: setAttr: No object matches name: rig_ready:export:index_02_in_r_scaleConstraint1.drawStyle

2026-07-08 17:14:09 - MayaTools.CNTManager3 - WARNING - [CNTManager3] 실패 - rig_ready:export:index_02_pip_r_parentConstraint1.drawStyle: setAttr: No object matches name: rig_ready:export:index_02_pip_r_parentConstraint1.drawStyle

2026-07-08 17:14:09 - MayaTools.CNTManager3 - WARNING - [CNTManager3] 실패 - rig_ready:export:index_02_pip_r_scaleConstraint1.drawStyle: setAttr: No object matches name: rig_ready:export:index_02_pip_r_scaleConstraint1.drawStyle

2026-07-08 17:14:09 - MayaTools.CNTManager3 - WARNING - [CNTManager3] 실패 - rig_ready:export:index_02_half_r_parentConstraint1.drawStyle: setAttr: No object matches name: rig_ready:export:index_02_half_r_parentConstraint1.drawStyle

2026-07-08 17:14:09 - MayaTools.CNTManager3 - WARNING - [CNTManager3] 실패 - rig_ready:export:index_02_half_r_scaleConstraint1.drawStyle: setAttr: No object matches name: rig_ready:export:index_02_half_r_scaleConstraint1.drawStyle

2026-07-08 17:14:09 - MayaTools.CNTManager3 - WARNING - [CNTManager3] 실패 - rig_ready:export:index_02_r_parentConstraint1.drawStyle: setAttr: No object matches name: rig_ready:export:index_02_r_parentConstraint1.drawStyle

2026-07-08 17:14:09 - MayaTools.CNTManager3 - WARNING - [CNTManager3] 실패 - rig_ready:export:index_02_r_scaleConstraint1.drawStyle: setAttr: No object matches name: rig_ready:export:index_02_r_scaleConstraint1.drawStyle

2026-07-08 17:14:09 - MayaTools.CNTManager3 - WARNING - [CNTManager3] 실패 - rig_ready:export:index_01_palmMid_r_parentConstraint1.drawStyle: setAttr: No object matches name: rig_ready:export:index_01_palmMid_r_parentConstraint1.drawStyle

2026-07-08 17:14:09 - MayaTools.CNTManager3 - WARNING - [CNTManager3] 실패 - rig_ready:export:index_01_palmMid_r_scaleConstraint1.drawStyle: setAttr: No object matches name: rig_ready:export:index_01_palmMid_r_scaleConstraint1.drawStyle

2026-07-08 17:14:09 - MayaTools.CNTManager3 - WARNING - [CNTManager3] 실패 - rig_ready:export:index_01_bulge_r_parentConstraint1.drawStyle: setAttr: No object matches name: rig_ready:export:index_01_bulge_r_parentConstraint1.drawStyle

2026-07-08 17:14:09 - MayaTools.CNTManager3 - WARNING - [CNTManager3] 실패 - rig_ready:export:index_01_bulge_r_scaleConstraint1.drawStyle: setAttr: No object matches name: rig_ready:export:index_01_bulge_r_scaleConstraint1.drawStyle

2026-07-08 17:14:09 - MayaTools.CNTManager3 - WARNING - [CNTManager3] 실패 - rig_ready:export:index_01_side_out_r_parentConstraint1.drawStyle: setAttr: No object matches name: rig_ready:export:index_01_side_out_r_parentConstraint1.drawStyle

2026-07-08 17:14:09 - MayaTools.CNTManager3 - WARNING - [CNTManager3] 실패 - rig_ready:export:index_01_side_out_r_scaleConstraint1.drawStyle: setAttr: No object matches name: rig_ready:export:index_01_side_out_r_scaleConstraint1.drawStyle

2026-07-08 17:14:09 - MayaTools.CNTManager3 - WARNING - [CNTManager3] 실패 - rig_ready:export:index_01_side_inn_r_parentConstraint1.drawStyle: setAttr: No object matches name: rig_ready:export:index_01_side_inn_r_parentConstraint1.drawStyle

2026-07-08 17:14:09 - MayaTools.CNTManager3 - WARNING - [CNTManager3] 실패 - rig_ready:export:index_01_side_inn_r_scaleConstraint1.drawStyle: setAttr: No object matches name: rig_ready:export:index_01_side_inn_r_scaleConstraint1.drawStyle

2026-07-08 17:14:09 - MayaTools.CNTManager3 - WARNING - [CNTManager3] 실패 - rig_ready:export:index_01_mcp_r_parentConstraint1.drawStyle: setAttr: No object matches name: rig_ready:export:index_01_mcp_r_parentConstraint1.drawStyle

2026-07-08 17:14:09 - MayaTools.CNTManager3 - WARNING - [CNTManager3] 실패 - rig_ready:export:index_01_mcp_r_scaleConstraint1.drawStyle: setAttr: No object matches name: rig_ready:export:index_01_mcp_r_scaleConstraint1.drawStyle

2026-07-08 17:14:09 - MayaTools.CNTManager3 - WARNING - [CNTManager3] 실패 - rig_ready:export:index_01_palm_r_parentConstraint1.drawStyle: setAttr: No object matches name: rig_ready:export:index_01_palm_r_parentConstraint1.drawStyle

2026-07-08 17:14:09 - MayaTools.CNTManager3 - WARNING - [CNTManager3] 실패 - rig_ready:export:index_01_palm_r_scaleConstraint1.drawStyle: setAttr: No object matches name: rig_ready:export:index_01_palm_r_scaleConstraint1.drawStyle

2026-07-08 17:14:09 - MayaTools.CNTManager3 - WARNING - [CNTManager3] 실패 - rig_ready:export:index_01_half_r_parentConstraint1.drawStyle: setAttr: No object matches name: rig_ready:export:index_01_half_r_parentConstraint1.drawStyle

2026-07-08 17:14:09 - MayaTools.CNTManager3 - WARNING - [CNTManager3] 실패 - rig_ready:export:index_01_half_r_scaleConstraint1.drawStyle: setAttr: No object matches name: rig_ready:export:index_01_half_r_scaleConstraint1.drawStyle

2026-07-08 17:14:09 - MayaTools.CNTManager3 - WARNING - [CNTManager3] 실패 - rig_ready:export:index_01_r_parentConstraint1.drawStyle: setAttr: No object matches name: rig_ready:export:index_01_r_parentConstraint1.drawStyle

2026-07-08 17:14:09 - MayaTools.CNTManager3 - WARNING - [CNTManager3] 실패 - rig_ready:export:index_01_r_scaleConstraint1.drawStyle: setAttr: No object matches name: rig_ready:export:index_01_r_scaleConstraint1.drawStyle

2026-07-08 17:14:09 - MayaTools.CNTManager3 - WARNING - [CNTManager3] 실패 - rig_ready:export:index_metacarpal_slide_r_parentConstraint1.drawStyle: setAttr: No object matches name: rig_ready:export:index_metacarpal_slide_r_parentConstraint1.drawStyle

2026-07-08 17:14:09 - MayaTools.CNTManager3 - WARNING - [CNTManager3] 실패 - rig_ready:export:index_metacarpal_slide_r_scaleConstraint1.drawStyle: setAttr: No object matches name: rig_ready:export:index_metacarpal_slide_r_scaleConstraint1.drawStyle

2026-07-08 17:14:09 - MayaTools.CNTManager3 - WARNING - [CNTManager3] 실패 - rig_ready:export:index_metacarpal_r_parentConstraint1.drawStyle: setAttr: No object matches name: rig_ready:export:index_metacarpal_r_parentConstraint1.drawStyle

2026-07-08 17:14:09 - MayaTools.CNTManager3 - WARNING - [CNTManager3] 실패 - rig_ready:export:index_metacarpal_r_scaleConstraint1.drawStyle: setAttr: No object matches name: rig_ready:export:index_metacarpal_r_scaleConstraint1.drawStyle

2026-07-08 17:14:09 - MayaTools.CNTManager3 - WARNING - [CNTManager3] 실패 - rig_ready:export:wrist_inner_r_parentConstraint1.drawStyle: setAttr: No object matches name: rig_ready:export:wrist_inner_r_parentConstraint1.drawStyle

2026-07-08 17:14:09 - MayaTools.CNTManager3 - WARNING - [CNTManager3] 실패 - rig_ready:export:wrist_inner_r_scaleConstraint1.drawStyle: setAttr: No object matches name: rig_ready:export:wrist_inner_r_scaleConstraint1.drawStyle

2026-07-08 17:14:09 - MayaTools.CNTManager3 - WARNING - [CNTManager3] 실패 - rig_ready:export:wrist_outer_r_parentConstraint1.drawStyle: setAttr: No object matches name: rig_ready:export:wrist_outer_r_parentConstraint1.drawStyle

2026-07-08 17:14:09 - MayaTools.CNTManager3 - WARNING - [CNTManager3] 실패 - rig_ready:export:wrist_outer_r_scaleConstraint1.drawStyle: setAttr: No object matches name: rig_ready:export:wrist_outer_r_scaleConstraint1.drawStyle

2026-07-08 17:14:09 - MayaTools.CNTManager3 - WARNING - [CNTManager3] 실패 - rig_ready:export:accessory_r_parentConstraint1.drawStyle: setAttr: No object matches name: rig_ready:export:accessory_r_parentConstraint1.drawStyle

2026-07-08 17:14:09 - MayaTools.CNTManager3 - WARNING - [CNTManager3] 실패 - rig_ready:export:accessory_r_scaleConstraint1.drawStyle: setAttr: No object matches name: rig_ready:export:accessory_r_scaleConstraint1.drawStyle

2026-07-08 17:14:09 - MayaTools.CNTManager3 - WARNING - [CNTManager3] 실패 - rig_ready:export:hand_r_no_twist_parentConstraint1.drawStyle: setAttr: No object matches name: rig_ready:export:hand_r_no_twist_parentConstraint1.drawStyle

2026-07-08 17:14:09 - MayaTools.CNTManager3 - WARNING - [CNTManager3] 실패 - rig_ready:export:hand_r_no_twist_scaleConstraint1.drawStyle: setAttr: No object matches name: rig_ready:export:hand_r_no_twist_scaleConstraint1.drawStyle

2026-07-08 17:14:09 - MayaTools.CNTManager3 - WARNING - [CNTManager3] 실패 - rig_ready:export:magazine1_r_parentConstraint1.drawStyle: setAttr: No object matches name: rig_ready:export:magazine1_r_parentConstraint1.drawStyle

2026-07-08 17:14:09 - MayaTools.CNTManager3 - WARNING - [CNTManager3] 실패 - rig_ready:export:magazine1_r_scaleConstraint1.drawStyle: setAttr: No object matches name: rig_ready:export:magazine1_r_scaleConstraint1.drawStyle

2026-07-08 17:14:09 - MayaTools.CNTManager3 - WARNING - [CNTManager3] 실패 - rig_ready:export:magazine2_r_parentConstraint1.drawStyle: setAttr: No object matches name: rig_ready:export:magazine2_r_parentConstraint1.drawStyle

2026-07-08 17:14:09 - MayaTools.CNTManager3 - WARNING - [CNTManager3] 실패 - rig_ready:export:magazine2_r_scaleConstraint1.drawStyle: setAttr: No object matches name: rig_ready:export:magazine2_r_scaleConstraint1.drawStyle

2026-07-08 17:14:09 - MayaTools.CNTManager3 - WARNING - [CNTManager3] 실패 - rig_ready:export:weapon_r_parentConstraint1.drawStyle: setAttr: No object matches name: rig_ready:export:weapon_r_parentConstraint1.drawStyle

2026-07-08 17:14:09 - MayaTools.CNTManager3 - WARNING - [CNTManager3] 실패 - rig_ready:export:weapon_r_scaleConstraint1.drawStyle: setAttr: No object matches name: rig_ready:export:weapon_r_scaleConstraint1.drawStyle

2026-07-08 17:14:09 - MayaTools.CNTManager3 - WARNING - [CNTManager3] 실패 - rig_ready:export:hand_r_parentConstraint1.drawStyle: setAttr: No object matches name: rig_ready:export:hand_r_parentConstraint1.drawStyle

2026-07-08 17:14:09 - MayaTools.CNTManager3 - WARNING - [CNTManager3] 실패 - rig_ready:export:hand_r_scaleConstraint1.drawStyle: setAttr: No object matches name: rig_ready:export:hand_r_scaleConstraint1.drawStyle

2026-07-08 17:14:09 - MayaTools.CNTManager3 - WARNING - [CNTManager3] 실패 - rig_ready:export:lowerarm_twist_02_r_parentConstraint1.drawStyle: setAttr: No object matches name: rig_ready:export:lowerarm_twist_02_r_parentConstraint1.drawStyle

2026-07-08 17:14:09 - MayaTools.CNTManager3 - WARNING - [CNTManager3] 실패 - rig_ready:export:lowerarm_twist_02_r_scaleConstraint1.drawStyle: setAttr: No object matches name: rig_ready:export:lowerarm_twist_02_r_scaleConstraint1.drawStyle

2026-07-08 17:14:09 - MayaTools.CNTManager3 - WARNING - [CNTManager3] 실패 - rig_ready:export:lowerarm_twist_01_r_parentConstraint1.drawStyle: setAttr: No object matches name: rig_ready:export:lowerarm_twist_01_r_parentConstraint1.drawStyle

2026-07-08 17:14:09 - MayaTools.CNTManager3 - WARNING - [CNTManager3] 실패 - rig_ready:export:lowerarm_twist_01_r_scaleConstraint1.drawStyle: setAttr: No object matches name: rig_ready:export:lowerarm_twist_01_r_scaleConstraint1.drawStyle

2026-07-08 17:14:09 - MayaTools.CNTManager3 - WARNING - [CNTManager3] 실패 - rig_ready:export:lowerarm_out_r_parentConstraint1.drawStyle: setAttr: No object matches name: rig_ready:export:lowerarm_out_r_parentConstraint1.drawStyle

2026-07-08 17:14:09 - MayaTools.CNTManager3 - WARNING - [CNTManager3] 실패 - rig_ready:export:lowerarm_out_r_scaleConstraint1.drawStyle: setAttr: No object matches name: rig_ready:export:lowerarm_out_r_scaleConstraint1.drawStyle

2026-07-08 17:14:09 - MayaTools.CNTManager3 - WARNING - [CNTManager3] 실패 - rig_ready:export:lowerarm_in_r_parentConstraint1.drawStyle: setAttr: No object matches name: rig_ready:export:lowerarm_in_r_parentConstraint1.drawStyle

2026-07-08 17:14:09 - MayaTools.CNTManager3 - WARNING - [CNTManager3] 실패 - rig_ready:export:lowerarm_in_r_scaleConstraint1.drawStyle: setAttr: No object matches name: rig_ready:export:lowerarm_in_r_scaleConstraint1.drawStyle

2026-07-08 17:14:09 - MayaTools.CNTManager3 - WARNING - [CNTManager3] 실패 - rig_ready:export:lowerarm_fwd_r_parentConstraint1.drawStyle: setAttr: No object matches name: rig_ready:export:lowerarm_fwd_r_parentConstraint1.drawStyle

2026-07-08 17:14:09 - MayaTools.CNTManager3 - WARNING - [CNTManager3] 실패 - rig_ready:export:lowerarm_fwd_r_scaleConstraint1.drawStyle: setAttr: No object matches name: rig_ready:export:lowerarm_fwd_r_scaleConstraint1.drawStyle

2026-07-08 17:14:09 - MayaTools.CNTManager3 - WARNING - [CNTManager3] 실패 - rig_ready:export:lowerarm_bck_r_parentConstraint1.drawStyle: setAttr: No object matches name: rig_ready:export:lowerarm_bck_r_parentConstraint1.drawStyle

2026-07-08 17:14:09 - MayaTools.CNTManager3 - WARNING - [CNTManager3] 실패 - rig_ready:export:lowerarm_bck_r_scaleConstraint1.drawStyle: setAttr: No object matches name: rig_ready:export:lowerarm_bck_r_scaleConstraint1.drawStyle

2026-07-08 17:14:09 - MayaTools.CNTManager3 - WARNING - [CNTManager3] 실패 - rig_ready:export:lowerarm_correctiveRoot_r_parentConstraint1.drawStyle: setAttr: No object matches name: rig_ready:export:lowerarm_correctiveRoot_r_parentConstraint1.drawStyle

2026-07-08 17:14:09 - MayaTools.CNTManager3 - WARNING - [CNTManager3] 실패 - rig_ready:export:lowerarm_correctiveRoot_r_scaleConstraint1.drawStyle: setAttr: No object matches name: rig_ready:export:lowerarm_correctiveRoot_r_scaleConstraint1.drawStyle

2026-07-08 17:14:09 - MayaTools.CNTManager3 - WARNING - [CNTManager3] 실패 - rig_ready:export:lowerarm_half_r_parentConstraint1.drawStyle: setAttr: No object matches name: rig_ready:export:lowerarm_half_r_parentConstraint1.drawStyle

2026-07-08 17:14:09 - MayaTools.CNTManager3 - WARNING - [CNTManager3] 실패 - rig_ready:export:lowerarm_half_r_scaleConstraint1.drawStyle: setAttr: No object matches name: rig_ready:export:lowerarm_half_r_scaleConstraint1.drawStyle

2026-07-08 17:14:09 - MayaTools.CNTManager3 - WARNING - [CNTManager3] 실패 - rig_ready:export:lowerarm_r_parentConstraint1.drawStyle: setAttr: No object matches name: rig_ready:export:lowerarm_r_parentConstraint1.drawStyle

2026-07-08 17:14:09 - MayaTools.CNTManager3 - WARNING - [CNTManager3] 실패 - rig_ready:export:lowerarm_r_scaleConstraint1.drawStyle: setAttr: No object matches name: rig_ready:export:lowerarm_r_scaleConstraint1.drawStyle

2026-07-08 17:14:09 - MayaTools.CNTManager3 - WARNING - [CNTManager3] 실패 - rig_ready:export:upperarm_twistCor_01_r_parentConstraint1.drawStyle: setAttr: No object matches name: rig_ready:export:upperarm_twistCor_01_r_parentConstraint1.drawStyle

2026-07-08 17:14:09 - MayaTools.CNTManager3 - WARNING - [CNTManager3] 실패 - rig_ready:export:upperarm_twistCor_01_r_scaleConstraint1.drawStyle: setAttr: No object matches name: rig_ready:export:upperarm_twistCor_01_r_scaleConstraint1.drawStyle

2026-07-08 17:14:09 - MayaTools.CNTManager3 - WARNING - [CNTManager3] 실패 - rig_ready:export:upperarm_twist_01_r_parentConstraint1.drawStyle: setAttr: No object matches name: rig_ready:export:upperarm_twist_01_r_parentConstraint1.drawStyle

2026-07-08 17:14:09 - MayaTools.CNTManager3 - WARNING - [CNTManager3] 실패 - rig_ready:export:upperarm_twist_01_r_scaleConstraint1.drawStyle: setAttr: No object matches name: rig_ready:export:upperarm_twist_01_r_scaleConstraint1.drawStyle

2026-07-08 17:14:09 - MayaTools.CNTManager3 - WARNING - [CNTManager3] 실패 - rig_ready:export:upperarm_tricep_r_parentConstraint1.drawStyle: setAttr: No object matches name: rig_ready:export:upperarm_tricep_r_parentConstraint1.drawStyle

2026-07-08 17:14:09 - MayaTools.CNTManager3 - WARNING - [CNTManager3] 실패 - rig_ready:export:upperarm_tricep_r_scaleConstraint1.drawStyle: setAttr: No object matches name: rig_ready:export:upperarm_tricep_r_scaleConstraint1.drawStyle

2026-07-08 17:14:09 - MayaTools.CNTManager3 - WARNING - [CNTManager3] 실패 - rig_ready:export:upperarm_bicep_r_parentConstraint1.drawStyle: setAttr: No object matches name: rig_ready:export:upperarm_bicep_r_parentConstraint1.drawStyle

2026-07-08 17:14:09 - MayaTools.CNTManager3 - WARNING - [CNTManager3] 실패 - rig_ready:export:upperarm_bicep_r_scaleConstraint1.drawStyle: setAttr: No object matches name: rig_ready:export:upperarm_bicep_r_scaleConstraint1.drawStyle

2026-07-08 17:14:09 - MayaTools.CNTManager3 - WARNING - [CNTManager3] 실패 - rig_ready:export:upperarm_twistCor_02_r_parentConstraint1.drawStyle: setAttr: No object matches name: rig_ready:export:upperarm_twistCor_02_r_parentConstraint1.drawStyle

2026-07-08 17:14:09 - MayaTools.CNTManager3 - WARNING - [CNTManager3] 실패 - rig_ready:export:upperarm_twistCor_02_r_scaleConstraint1.drawStyle: setAttr: No object matches name: rig_ready:export:upperarm_twistCor_02_r_scaleConstraint1.drawStyle

2026-07-08 17:14:09 - MayaTools.CNTManager3 - WARNING - [CNTManager3] 실패 - rig_ready:export:upperarm_twist_02_r_parentConstraint1.drawStyle: setAttr: No object matches name: rig_ready:export:upperarm_twist_02_r_parentConstraint1.drawStyle

2026-07-08 17:14:09 - MayaTools.CNTManager3 - WARNING - [CNTManager3] 실패 - rig_ready:export:upperarm_twist_02_r_scaleConstraint1.drawStyle: setAttr: No object matches name: rig_ready:export:upperarm_twist_02_r_scaleConstraint1.drawStyle

2026-07-08 17:14:09 - MayaTools.CNTManager3 - WARNING - [CNTManager3] 실패 - rig_ready:export:upperarm_twist_r_parentConstraint1.drawStyle: setAttr: No object matches name: rig_ready:export:upperarm_twist_r_parentConstraint1.drawStyle

2026-07-08 17:14:09 - MayaTools.CNTManager3 - WARNING - [CNTManager3] 실패 - rig_ready:export:upperarm_twist_r_scaleConstraint1.drawStyle: setAttr: No object matches name: rig_ready:export:upperarm_twist_r_scaleConstraint1.drawStyle

2026-07-08 17:14:09 - MayaTools.CNTManager3 - WARNING - [CNTManager3] 실패 - rig_ready:export:upperarm_r_parentConstraint1.drawStyle: setAttr: No object matches name: rig_ready:export:upperarm_r_parentConstraint1.drawStyle

2026-07-08 17:14:09 - MayaTools.CNTManager3 - WARNING - [CNTManager3] 실패 - rig_ready:export:upperarm_r_scaleConstraint1.drawStyle: setAttr: No object matches name: rig_ready:export:upperarm_r_scaleConstraint1.drawStyle

2026-07-08 17:14:09 - MayaTools.CNTManager3 - WARNING - [CNTManager3] 실패 - rig_ready:export:clavicle_out_r_parentConstraint1.drawStyle: setAttr: No object matches name: rig_ready:export:clavicle_out_r_parentConstraint1.drawStyle

2026-07-08 17:14:09 - MayaTools.CNTManager3 - WARNING - [CNTManager3] 실패 - rig_ready:export:clavicle_out_r_scaleConstraint1.drawStyle: setAttr: No object matches name: rig_ready:export:clavicle_out_r_scaleConstraint1.drawStyle

2026-07-08 17:14:09 - MayaTools.CNTManager3 - WARNING - [CNTManager3] 실패 - rig_ready:export:clavicle_scap_r_parentConstraint1.drawStyle: setAttr: No object matches name: rig_ready:export:clavicle_scap_r_parentConstraint1.drawStyle

2026-07-08 17:14:09 - MayaTools.CNTManager3 - WARNING - [CNTManager3] 실패 - rig_ready:export:clavicle_scap_r_scaleConstraint1.drawStyle: setAttr: No object matches name: rig_ready:export:clavicle_scap_r_scaleConstraint1.drawStyle

2026-07-08 17:14:09 - MayaTools.CNTManager3 - WARNING - [CNTManager3] 실패 - rig_ready:export:clavicle_r_parentConstraint1.drawStyle: setAttr: No object matches name: rig_ready:export:clavicle_r_parentConstraint1.drawStyle

2026-07-08 17:14:09 - MayaTools.CNTManager3 - WARNING - [CNTManager3] 실패 - rig_ready:export:clavicle_r_scaleConstraint1.drawStyle: setAttr: No object matches name: rig_ready:export:clavicle_r_scaleConstraint1.drawStyle

2026-07-08 17:14:09 - MayaTools.CNTManager3 - WARNING - [CNTManager3] 실패 - rig_ready:export:clavicle_pec_r_parentConstraint1.drawStyle: setAttr: No object matches name: rig_ready:export:clavicle_pec_r_parentConstraint1.drawStyle

2026-07-08 17:14:09 - MayaTools.CNTManager3 - WARNING - [CNTManager3] 실패 - rig_ready:export:clavicle_pec_r_scaleConstraint1.drawStyle: setAttr: No object matches name: rig_ready:export:clavicle_pec_r_scaleConstraint1.drawStyle

2026-07-08 17:14:09 - MayaTools.CNTManager3 - WARNING - [CNTManager3] 실패 - rig_ready:export:spine_04_latissimus_l_parentConstraint1.drawStyle: setAttr: No object matches name: rig_ready:export:spine_04_latissimus_l_parentConstraint1.drawStyle

2026-07-08 17:14:09 - MayaTools.CNTManager3 - WARNING - [CNTManager3] 실패 - rig_ready:export:spine_04_latissimus_l_scaleConstraint1.drawStyle: setAttr: No object matches name: rig_ready:export:spine_04_latissimus_l_scaleConstraint1.drawStyle

2026-07-08 17:14:09 - MayaTools.CNTManager3 - WARNING - [CNTManager3] 실패 - rig_ready:export:spine_04_latissimus_r_parentConstraint1.drawStyle: setAttr: No object matches name: rig_ready:export:spine_04_latissimus_r_parentConstraint1.drawStyle

2026-07-08 17:14:09 - MayaTools.CNTManager3 - WARNING - [CNTManager3] 실패 - rig_ready:export:spine_04_latissimus_r_scaleConstraint1.drawStyle: setAttr: No object matches name: rig_ready:export:spine_04_latissimus_r_scaleConstraint1.drawStyle

2026-07-08 17:14:09 - MayaTools.CNTManager3 - WARNING - [CNTManager3] 실패 - rig_ready:export:clavicle_pec_l_parentConstraint1.drawStyle: setAttr: No object matches name: rig_ready:export:clavicle_pec_l_parentConstraint1.drawStyle

2026-07-08 17:14:09 - MayaTools.CNTManager3 - WARNING - [CNTManager3] 실패 - rig_ready:export:clavicle_pec_l_scaleConstraint1.drawStyle: setAttr: No object matches name: rig_ready:export:clavicle_pec_l_scaleConstraint1.drawStyle

2026-07-08 17:14:09 - MayaTools.CNTManager3 - WARNING - [CNTManager3] 실패 - rig_ready:export:dyn_spine05_01_parentConstraint1.drawStyle: setAttr: No object matches name: rig_ready:export:dyn_spine05_01_parentConstraint1.drawStyle

2026-07-08 17:14:09 - MayaTools.CNTManager3 - WARNING - [CNTManager3] 실패 - rig_ready:export:dyn_spine05_01_scaleConstraint1.drawStyle: setAttr: No object matches name: rig_ready:export:dyn_spine05_01_scaleConstraint1.drawStyle

2026-07-08 17:14:09 - MayaTools.CNTManager3 - WARNING - [CNTManager3] 실패 - rig_ready:export:dyn_spine05_02_parentConstraint1.drawStyle: setAttr: No object matches name: rig_ready:export:dyn_spine05_02_parentConstraint1.drawStyle

2026-07-08 17:14:09 - MayaTools.CNTManager3 - WARNING - [CNTManager3] 실패 - rig_ready:export:dyn_spine05_02_scaleConstraint1.drawStyle: setAttr: No object matches name: rig_ready:export:dyn_spine05_02_scaleConstraint1.drawStyle

2026-07-08 17:14:09 - MayaTools.CNTManager3 - WARNING - [CNTManager3] 실패 - rig_ready:export:spine_05_parentConstraint1.drawStyle: setAttr: No object matches name: rig_ready:export:spine_05_parentConstraint1.drawStyle

2026-07-08 17:14:09 - MayaTools.CNTManager3 - WARNING - [CNTManager3] 실패 - rig_ready:export:spine_05_scaleConstraint1.drawStyle: setAttr: No object matches name: rig_ready:export:spine_05_scaleConstraint1.drawStyle

2026-07-08 17:14:09 - MayaTools.CNTManager3 - WARNING - [CNTManager3] 실패 - rig_ready:export:dyn_pec_l_parentConstraint1.drawStyle: setAttr: No object matches name: rig_ready:export:dyn_pec_l_parentConstraint1.drawStyle

2026-07-08 17:14:09 - MayaTools.CNTManager3 - WARNING - [CNTManager3] 실패 - rig_ready:export:dyn_pec_l_scaleConstraint1.drawStyle: setAttr: No object matches name: rig_ready:export:dyn_pec_l_scaleConstraint1.drawStyle

2026-07-08 17:14:09 - MayaTools.CNTManager3 - WARNING - [CNTManager3] 실패 - rig_ready:export:dyn_pec_r_parentConstraint1.drawStyle: setAttr: No object matches name: rig_ready:export:dyn_pec_r_parentConstraint1.drawStyle

2026-07-08 17:14:09 - MayaTools.CNTManager3 - WARNING - [CNTManager3] 실패 - rig_ready:export:dyn_pec_r_scaleConstraint1.drawStyle: setAttr: No object matches name: rig_ready:export:dyn_pec_r_scaleConstraint1.drawStyle

2026-07-08 17:14:09 - MayaTools.CNTManager3 - WARNING - [CNTManager3] 실패 - rig_ready:export:dyn_spine04_01_parentConstraint1.drawStyle: setAttr: No object matches name: rig_ready:export:dyn_spine04_01_parentConstraint1.drawStyle

2026-07-08 17:14:09 - MayaTools.CNTManager3 - WARNING - [CNTManager3] 실패 - rig_ready:export:dyn_spine04_01_scaleConstraint1.drawStyle: setAttr: No object matches name: rig_ready:export:dyn_spine04_01_scaleConstraint1.drawStyle

2026-07-08 17:14:09 - MayaTools.CNTManager3 - WARNING - [CNTManager3] 실패 - rig_ready:export:dyn_spine04_02_parentConstraint1.drawStyle: setAttr: No object matches name: rig_ready:export:dyn_spine04_02_parentConstraint1.drawStyle

2026-07-08 17:14:09 - MayaTools.CNTManager3 - WARNING - [CNTManager3] 실패 - rig_ready:export:dyn_spine04_02_scaleConstraint1.drawStyle: setAttr: No object matches name: rig_ready:export:dyn_spine04_02_scaleConstraint1.drawStyle

2026-07-08 17:14:09 - MayaTools.CNTManager3 - WARNING - [CNTManager3] 실패 - rig_ready:export:spine_04_parentConstraint1.drawStyle: setAttr: No object matches name: rig_ready:export:spine_04_parentConstraint1.drawStyle

2026-07-08 17:14:09 - MayaTools.CNTManager3 - WARNING - [CNTManager3] 실패 - rig_ready:export:spine_04_scaleConstraint1.drawStyle: setAttr: No object matches name: rig_ready:export:spine_04_scaleConstraint1.drawStyle

2026-07-08 17:14:09 - MayaTools.CNTManager3 - WARNING - [CNTManager3] 실패 - rig_ready:export:dyn_spine03_01_parentConstraint1.drawStyle: setAttr: No object matches name: rig_ready:export:dyn_spine03_01_parentConstraint1.drawStyle

2026-07-08 17:14:09 - MayaTools.CNTManager3 - WARNING - [CNTManager3] 실패 - rig_ready:export:dyn_spine03_01_scaleConstraint1.drawStyle: setAttr: No object matches name: rig_ready:export:dyn_spine03_01_scaleConstraint1.drawStyle

2026-07-08 17:14:09 - MayaTools.CNTManager3 - WARNING - [CNTManager3] 실패 - rig_ready:export:dyn_spine03_02_parentConstraint1.drawStyle: setAttr: No object matches name: rig_ready:export:dyn_spine03_02_parentConstraint1.drawStyle

2026-07-08 17:14:09 - MayaTools.CNTManager3 - WARNING - [CNTManager3] 실패 - rig_ready:export:dyn_spine03_02_scaleConstraint1.drawStyle: setAttr: No object matches name: rig_ready:export:dyn_spine03_02_scaleConstraint1.drawStyle

2026-07-08 17:14:09 - MayaTools.CNTManager3 - WARNING - [CNTManager3] 실패 - rig_ready:export:spine_03_parentConstraint1.drawStyle: setAttr: No object matches name: rig_ready:export:spine_03_parentConstraint1.drawStyle

2026-07-08 17:14:09 - MayaTools.CNTManager3 - WARNING - [CNTManager3] 실패 - rig_ready:export:spine_03_scaleConstraint1.drawStyle: setAttr: No object matches name: rig_ready:export:spine_03_scaleConstraint1.drawStyle

2026-07-08 17:14:09 - MayaTools.CNTManager3 - WARNING - [CNTManager3] 실패 - rig_ready:export:dyn_spine02_01_parentConstraint1.drawStyle: setAttr: No object matches name: rig_ready:export:dyn_spine02_01_parentConstraint1.drawStyle

2026-07-08 17:14:09 - MayaTools.CNTManager3 - WARNING - [CNTManager3] 실패 - rig_ready:export:dyn_spine02_01_scaleConstraint1.drawStyle: setAttr: No object matches name: rig_ready:export:dyn_spine02_01_scaleConstraint1.drawStyle

2026-07-08 17:14:09 - MayaTools.CNTManager3 - WARNING - [CNTManager3] 실패 - rig_ready:export:dyn_spine02_02_parentConstraint1.drawStyle: setAttr: No object matches name: rig_ready:export:dyn_spine02_02_parentConstraint1.drawStyle

2026-07-08 17:14:09 - MayaTools.CNTManager3 - WARNING - [CNTManager3] 실패 - rig_ready:export:dyn_spine02_02_scaleConstraint1.drawStyle: setAttr: No object matches name: rig_ready:export:dyn_spine02_02_scaleConstraint1.drawStyle

2026-07-08 17:14:09 - MayaTools.CNTManager3 - WARNING - [CNTManager3] 실패 - rig_ready:export:spine_02_parentConstraint1.drawStyle: setAttr: No object matches name: rig_ready:export:spine_02_parentConstraint1.drawStyle

2026-07-08 17:14:09 - MayaTools.CNTManager3 - WARNING - [CNTManager3] 실패 - rig_ready:export:spine_02_scaleConstraint1.drawStyle: setAttr: No object matches name: rig_ready:export:spine_02_scaleConstraint1.drawStyle

2026-07-08 17:14:09 - MayaTools.CNTManager3 - WARNING - [CNTManager3] 실패 - rig_ready:export:dyn_spine01_01_parentConstraint1.drawStyle: setAttr: No object matches name: rig_ready:export:dyn_spine01_01_parentConstraint1.drawStyle

2026-07-08 17:14:09 - MayaTools.CNTManager3 - WARNING - [CNTManager3] 실패 - rig_ready:export:dyn_spine01_01_scaleConstraint1.drawStyle: setAttr: No object matches name: rig_ready:export:dyn_spine01_01_scaleConstraint1.drawStyle

2026-07-08 17:14:09 - MayaTools.CNTManager3 - WARNING - [CNTManager3] 실패 - rig_ready:export:dyn_spine01_02_parentConstraint1.drawStyle: setAttr: No object matches name: rig_ready:export:dyn_spine01_02_parentConstraint1.drawStyle

2026-07-08 17:14:09 - MayaTools.CNTManager3 - WARNING - [CNTManager3] 실패 - rig_ready:export:dyn_spine01_02_scaleConstraint1.drawStyle: setAttr: No object matches name: rig_ready:export:dyn_spine01_02_scaleConstraint1.drawStyle

2026-07-08 17:14:09 - MayaTools.CNTManager3 - WARNING - [CNTManager3] 실패 - rig_ready:export:spine_01_parentConstraint1.drawStyle: setAttr: No object matches name: rig_ready:export:spine_01_parentConstraint1.drawStyle

2026-07-08 17:14:09 - MayaTools.CNTManager3 - WARNING - [CNTManager3] 실패 - rig_ready:export:spine_01_scaleConstraint1.drawStyle: setAttr: No object matches name: rig_ready:export:spine_01_scaleConstraint1.drawStyle

2026-07-08 17:14:09 - MayaTools.CNTManager3 - WARNING - [CNTManager3] 실패 - rig_ready:export:littletoe_02_r_parentConstraint1.drawStyle: setAttr: No object matches name: rig_ready:export:littletoe_02_r_parentConstraint1.drawStyle

2026-07-08 17:14:09 - MayaTools.CNTManager3 - WARNING - [CNTManager3] 실패 - rig_ready:export:littletoe_02_r_scaleConstraint1.drawStyle: setAttr: No object matches name: rig_ready:export:littletoe_02_r_scaleConstraint1.drawStyle

2026-07-08 17:14:09 - MayaTools.CNTManager3 - WARNING - [CNTManager3] 실패 - rig_ready:export:littletoe_01_r_parentConstraint1.drawStyle: setAttr: No object matches name: rig_ready:export:littletoe_01_r_parentConstraint1.drawStyle

2026-07-08 17:14:09 - MayaTools.CNTManager3 - WARNING - [CNTManager3] 실패 - rig_ready:export:littletoe_01_r_scaleConstraint1.drawStyle: setAttr: No object matches name: rig_ready:export:littletoe_01_r_scaleConstraint1.drawStyle

2026-07-08 17:14:09 - MayaTools.CNTManager3 - WARNING - [CNTManager3] 실패 - rig_ready:export:ringtoe_02_r_parentConstraint1.drawStyle: setAttr: No object matches name: rig_ready:export:ringtoe_02_r_parentConstraint1.drawStyle

2026-07-08 17:14:09 - MayaTools.CNTManager3 - WARNING - [CNTManager3] 실패 - rig_ready:export:ringtoe_02_r_scaleConstraint1.drawStyle: setAttr: No object matches name: rig_ready:export:ringtoe_02_r_scaleConstraint1.drawStyle

2026-07-08 17:14:09 - MayaTools.CNTManager3 - WARNING - [CNTManager3] 실패 - rig_ready:export:ringtoe_01_r_parentConstraint1.drawStyle: setAttr: No object matches name: rig_ready:export:ringtoe_01_r_parentConstraint1.drawStyle

2026-07-08 17:14:09 - MayaTools.CNTManager3 - WARNING - [CNTManager3] 실패 - rig_ready:export:ringtoe_01_r_scaleConstraint1.drawStyle: setAttr: No object matches name: rig_ready:export:ringtoe_01_r_scaleConstraint1.drawStyle

2026-07-08 17:14:09 - MayaTools.CNTManager3 - WARNING - [CNTManager3] 실패 - rig_ready:export:middletoe_02_r_parentConstraint1.drawStyle: setAttr: No object matches name: rig_ready:export:middletoe_02_r_parentConstraint1.drawStyle

2026-07-08 17:14:09 - MayaTools.CNTManager3 - WARNING - [CNTManager3] 실패 - rig_ready:export:middletoe_02_r_scaleConstraint1.drawStyle: setAttr: No object matches name: rig_ready:export:middletoe_02_r_scaleConstraint1.drawStyle

2026-07-08 17:14:09 - MayaTools.CNTManager3 - WARNING - [CNTManager3] 실패 - rig_ready:export:middletoe_01_r_parentConstraint1.drawStyle: setAttr: No object matches name: rig_ready:export:middletoe_01_r_parentConstraint1.drawStyle

2026-07-08 17:14:09 - MayaTools.CNTManager3 - WARNING - [CNTManager3] 실패 - rig_ready:export:middletoe_01_r_scaleConstraint1.drawStyle: setAttr: No object matches name: rig_ready:export:middletoe_01_r_scaleConstraint1.drawStyle

2026-07-08 17:14:09 - MayaTools.CNTManager3 - WARNING - [CNTManager3] 실패 - rig_ready:export:bigtoe_02_r_parentConstraint1.drawStyle: setAttr: No object matches name: rig_ready:export:bigtoe_02_r_parentConstraint1.drawStyle

2026-07-08 17:14:09 - MayaTools.CNTManager3 - WARNING - [CNTManager3] 실패 - rig_ready:export:bigtoe_02_r_scaleConstraint1.drawStyle: setAttr: No object matches name: rig_ready:export:bigtoe_02_r_scaleConstraint1.drawStyle

2026-07-08 17:14:09 - MayaTools.CNTManager3 - WARNING - [CNTManager3] 실패 - rig_ready:export:bigtoe_01_r_parentConstraint1.drawStyle: setAttr: No object matches name: rig_ready:export:bigtoe_01_r_parentConstraint1.drawStyle

2026-07-08 17:14:09 - MayaTools.CNTManager3 - WARNING - [CNTManager3] 실패 - rig_ready:export:bigtoe_01_r_scaleConstraint1.drawStyle: setAttr: No object matches name: rig_ready:export:bigtoe_01_r_scaleConstraint1.drawStyle

2026-07-08 17:14:09 - MayaTools.CNTManager3 - WARNING - [CNTManager3] 실패 - rig_ready:export:indextoe_02_r_parentConstraint1.drawStyle: setAttr: No object matches name: rig_ready:export:indextoe_02_r_parentConstraint1.drawStyle

2026-07-08 17:14:09 - MayaTools.CNTManager3 - WARNING - [CNTManager3] 실패 - rig_ready:export:indextoe_02_r_scaleConstraint1.drawStyle: setAttr: No object matches name: rig_ready:export:indextoe_02_r_scaleConstraint1.drawStyle

2026-07-08 17:14:09 - MayaTools.CNTManager3 - WARNING - [CNTManager3] 실패 - rig_ready:export:indextoe_01_r_parentConstraint1.drawStyle: setAttr: No object matches name: rig_ready:export:indextoe_01_r_parentConstraint1.drawStyle

2026-07-08 17:14:09 - MayaTools.CNTManager3 - WARNING - [CNTManager3] 실패 - rig_ready:export:indextoe_01_r_scaleConstraint1.drawStyle: setAttr: No object matches name: rig_ready:export:indextoe_01_r_scaleConstraint1.drawStyle

2026-07-08 17:14:09 - MayaTools.CNTManager3 - WARNING - [CNTManager3] 실패 - rig_ready:export:toes_r_parentConstraint1.drawStyle: setAttr: No object matches name: rig_ready:export:toes_r_parentConstraint1.drawStyle

2026-07-08 17:14:09 - MayaTools.CNTManager3 - WARNING - [CNTManager3] 실패 - rig_ready:export:toes_r_scaleConstraint1.drawStyle: setAttr: No object matches name: rig_ready:export:toes_r_scaleConstraint1.drawStyle

2026-07-08 17:14:09 - MayaTools.CNTManager3 - WARNING - [CNTManager3] 실패 - rig_ready:export:ball_r_parentConstraint1.drawStyle: setAttr: No object matches name: rig_ready:export:ball_r_parentConstraint1.drawStyle

2026-07-08 17:14:09 - MayaTools.CNTManager3 - WARNING - [CNTManager3] 실패 - rig_ready:export:ball_r_scaleConstraint1.drawStyle: setAttr: No object matches name: rig_ready:export:ball_r_scaleConstraint1.drawStyle

2026-07-08 17:14:09 - MayaTools.CNTManager3 - WARNING - [CNTManager3] 실패 - rig_ready:export:ankle_bck_r_parentConstraint1.drawStyle: setAttr: No object matches name: rig_ready:export:ankle_bck_r_parentConstraint1.drawStyle

2026-07-08 17:14:09 - MayaTools.CNTManager3 - WARNING - [CNTManager3] 실패 - rig_ready:export:ankle_bck_r_scaleConstraint1.drawStyle: setAttr: No object matches name: rig_ready:export:ankle_bck_r_scaleConstraint1.drawStyle

2026-07-08 17:14:09 - MayaTools.CNTManager3 - WARNING - [CNTManager3] 실패 - rig_ready:export:ankle_fwd_r_parentConstraint1.drawStyle: setAttr: No object matches name: rig_ready:export:ankle_fwd_r_parentConstraint1.drawStyle

2026-07-08 17:14:09 - MayaTools.CNTManager3 - WARNING - [CNTManager3] 실패 - rig_ready:export:ankle_fwd_r_scaleConstraint1.drawStyle: setAttr: No object matches name: rig_ready:export:ankle_fwd_r_scaleConstraint1.drawStyle

2026-07-08 17:14:09 - MayaTools.CNTManager3 - WARNING - [CNTManager3] 실패 - rig_ready:export:foot_r_parentConstraint1.drawStyle: setAttr: No object matches name: rig_ready:export:foot_r_parentConstraint1.drawStyle

2026-07-08 17:14:09 - MayaTools.CNTManager3 - WARNING - [CNTManager3] 실패 - rig_ready:export:foot_r_scaleConstraint1.drawStyle: setAttr: No object matches name: rig_ready:export:foot_r_scaleConstraint1.drawStyle

2026-07-08 17:14:09 - MayaTools.CNTManager3 - WARNING - [CNTManager3] 실패 - rig_ready:export:calf_twistCor_02_r_parentConstraint1.drawStyle: setAttr: No object matches name: rig_ready:export:calf_twistCor_02_r_parentConstraint1.drawStyle

2026-07-08 17:14:09 - MayaTools.CNTManager3 - WARNING - [CNTManager3] 실패 - rig_ready:export:calf_twistCor_02_r_scaleConstraint1.drawStyle: setAttr: No object matches name: rig_ready:export:calf_twistCor_02_r_scaleConstraint1.drawStyle

2026-07-08 17:14:09 - MayaTools.CNTManager3 - WARNING - [CNTManager3] 실패 - rig_ready:export:calf_twist_02_r_parentConstraint1.drawStyle: setAttr: No object matches name: rig_ready:export:calf_twist_02_r_parentConstraint1.drawStyle

2026-07-08 17:14:09 - MayaTools.CNTManager3 - WARNING - [CNTManager3] 실패 - rig_ready:export:calf_twist_02_r_scaleConstraint1.drawStyle: setAttr: No object matches name: rig_ready:export:calf_twist_02_r_scaleConstraint1.drawStyle

2026-07-08 17:14:09 - MayaTools.CNTManager3 - WARNING - [CNTManager3] 실패 - rig_ready:export:calf_twist_01_r_parentConstraint1.drawStyle: setAttr: No object matches name: rig_ready:export:calf_twist_01_r_parentConstraint1.drawStyle

2026-07-08 17:14:09 - MayaTools.CNTManager3 - WARNING - [CNTManager3] 실패 - rig_ready:export:calf_twist_01_r_scaleConstraint1.drawStyle: setAttr: No object matches name: rig_ready:export:calf_twist_01_r_scaleConstraint1.drawStyle

2026-07-08 17:14:09 - MayaTools.CNTManager3 - WARNING - [CNTManager3] 실패 - rig_ready:export:calf_kneeBack_r_parentConstraint1.drawStyle: setAttr: No object matches name: rig_ready:export:calf_kneeBack_r_parentConstraint1.drawStyle

2026-07-08 17:14:09 - MayaTools.CNTManager3 - WARNING - [CNTManager3] 실패 - rig_ready:export:calf_kneeBack_r_scaleConstraint1.drawStyle: setAttr: No object matches name: rig_ready:export:calf_kneeBack_r_scaleConstraint1.drawStyle

2026-07-08 17:14:09 - MayaTools.CNTManager3 - WARNING - [CNTManager3] 실패 - rig_ready:export:calf_knee_r_parentConstraint1.drawStyle: setAttr: No object matches name: rig_ready:export:calf_knee_r_parentConstraint1.drawStyle

2026-07-08 17:14:09 - MayaTools.CNTManager3 - WARNING - [CNTManager3] 실패 - rig_ready:export:calf_knee_r_scaleConstraint1.drawStyle: setAttr: No object matches name: rig_ready:export:calf_knee_r_scaleConstraint1.drawStyle

2026-07-08 17:14:09 - MayaTools.CNTManager3 - WARNING - [CNTManager3] 실패 - rig_ready:export:calf_correctiveRoot_r_parentConstraint1.drawStyle: setAttr: No object matches name: rig_ready:export:calf_correctiveRoot_r_parentConstraint1.drawStyle

2026-07-08 17:14:09 - MayaTools.CNTManager3 - WARNING - [CNTManager3] 실패 - rig_ready:export:calf_correctiveRoot_r_scaleConstraint1.drawStyle: setAttr: No object matches name: rig_ready:export:calf_correctiveRoot_r_scaleConstraint1.drawStyle

2026-07-08 17:14:09 - MayaTools.CNTManager3 - WARNING - [CNTManager3] 실패 - rig_ready:export:calf_half_r_parentConstraint1.drawStyle: setAttr: No object matches name: rig_ready:export:calf_half_r_parentConstraint1.drawStyle

2026-07-08 17:14:09 - MayaTools.CNTManager3 - WARNING - [CNTManager3] 실패 - rig_ready:export:calf_half_r_scaleConstraint1.drawStyle: setAttr: No object matches name: rig_ready:export:calf_half_r_scaleConstraint1.drawStyle

2026-07-08 17:14:09 - MayaTools.CNTManager3 - WARNING - [CNTManager3] 실패 - rig_ready:export:calf_r_parentConstraint1.drawStyle: setAttr: No object matches name: rig_ready:export:calf_r_parentConstraint1.drawStyle

2026-07-08 17:14:09 - MayaTools.CNTManager3 - WARNING - [CNTManager3] 실패 - rig_ready:export:calf_r_scaleConstraint1.drawStyle: setAttr: No object matches name: rig_ready:export:calf_r_scaleConstraint1.drawStyle

2026-07-08 17:14:09 - MayaTools.CNTManager3 - WARNING - [CNTManager3] 실패 - rig_ready:export:thigh_twistCor_01_r_parentConstraint1.drawStyle: setAttr: No object matches name: rig_ready:export:thigh_twistCor_01_r_parentConstraint1.drawStyle

2026-07-08 17:14:09 - MayaTools.CNTManager3 - WARNING - [CNTManager3] 실패 - rig_ready:export:thigh_twistCor_01_r_scaleConstraint1.drawStyle: setAttr: No object matches name: rig_ready:export:thigh_twistCor_01_r_scaleConstraint1.drawStyle

2026-07-08 17:14:09 - MayaTools.CNTManager3 - WARNING - [CNTManager3] 실패 - rig_ready:export:thigh_twist_01_r_parentConstraint1.drawStyle: setAttr: No object matches name: rig_ready:export:thigh_twist_01_r_parentConstraint1.drawStyle

2026-07-08 17:14:09 - MayaTools.CNTManager3 - WARNING - [CNTManager3] 실패 - rig_ready:export:thigh_twist_01_r_scaleConstraint1.drawStyle: setAttr: No object matches name: rig_ready:export:thigh_twist_01_r_scaleConstraint1.drawStyle

2026-07-08 17:14:09 - MayaTools.CNTManager3 - WARNING - [CNTManager3] 실패 - rig_ready:export:thigh_twistCor_02_r_parentConstraint1.drawStyle: setAttr: No object matches name: rig_ready:export:thigh_twistCor_02_r_parentConstraint1.drawStyle

2026-07-08 17:14:09 - MayaTools.CNTManager3 - WARNING - [CNTManager3] 실패 - rig_ready:export:thigh_twistCor_02_r_scaleConstraint1.drawStyle: setAttr: No object matches name: rig_ready:export:thigh_twistCor_02_r_scaleConstraint1.drawStyle

2026-07-08 17:14:09 - MayaTools.CNTManager3 - WARNING - [CNTManager3] 실패 - rig_ready:export:thigh_twist_02_r_parentConstraint1.drawStyle: setAttr: No object matches name: rig_ready:export:thigh_twist_02_r_parentConstraint1.drawStyle

2026-07-08 17:14:09 - MayaTools.CNTManager3 - WARNING - [CNTManager3] 실패 - rig_ready:export:thigh_twist_02_r_scaleConstraint1.drawStyle: setAttr: No object matches name: rig_ready:export:thigh_twist_02_r_scaleConstraint1.drawStyle

2026-07-08 17:14:09 - MayaTools.CNTManager3 - WARNING - [CNTManager3] 실패 - rig_ready:export:thigh_fwd_r_parentConstraint1.drawStyle: setAttr: No object matches name: rig_ready:export:thigh_fwd_r_parentConstraint1.drawStyle

2026-07-08 17:14:09 - MayaTools.CNTManager3 - WARNING - [CNTManager3] 실패 - rig_ready:export:thigh_fwd_r_scaleConstraint1.drawStyle: setAttr: No object matches name: rig_ready:export:thigh_fwd_r_scaleConstraint1.drawStyle

2026-07-08 17:14:09 - MayaTools.CNTManager3 - WARNING - [CNTManager3] 실패 - rig_ready:export:thigh_bck_r_parentConstraint1.drawStyle: setAttr: No object matches name: rig_ready:export:thigh_bck_r_parentConstraint1.drawStyle

2026-07-08 17:14:09 - MayaTools.CNTManager3 - WARNING - [CNTManager3] 실패 - rig_ready:export:thigh_bck_r_scaleConstraint1.drawStyle: setAttr: No object matches name: rig_ready:export:thigh_bck_r_scaleConstraint1.drawStyle

2026-07-08 17:14:09 - MayaTools.CNTManager3 - WARNING - [CNTManager3] 실패 - rig_ready:export:thigh_out_r_parentConstraint1.drawStyle: setAttr: No object matches name: rig_ready:export:thigh_out_r_parentConstraint1.drawStyle

2026-07-08 17:14:09 - MayaTools.CNTManager3 - WARNING - [CNTManager3] 실패 - rig_ready:export:thigh_out_r_scaleConstraint1.drawStyle: setAttr: No object matches name: rig_ready:export:thigh_out_r_scaleConstraint1.drawStyle

2026-07-08 17:14:09 - MayaTools.CNTManager3 - WARNING - [CNTManager3] 실패 - rig_ready:export:thigh_in_r_parentConstraint1.drawStyle: setAttr: No object matches name: rig_ready:export:thigh_in_r_parentConstraint1.drawStyle

2026-07-08 17:14:09 - MayaTools.CNTManager3 - WARNING - [CNTManager3] 실패 - rig_ready:export:thigh_in_r_scaleConstraint1.drawStyle: setAttr: No object matches name: rig_ready:export:thigh_in_r_scaleConstraint1.drawStyle

2026-07-08 17:14:09 - MayaTools.CNTManager3 - WARNING - [CNTManager3] 실패 - rig_ready:export:thigh_bck_lwr_r_parentConstraint1.drawStyle: setAttr: No object matches name: rig_ready:export:thigh_bck_lwr_r_parentConstraint1.drawStyle

2026-07-08 17:14:09 - MayaTools.CNTManager3 - WARNING - [CNTManager3] 실패 - rig_ready:export:thigh_bck_lwr_r_scaleConstraint1.drawStyle: setAttr: No object matches name: rig_ready:export:thigh_bck_lwr_r_scaleConstraint1.drawStyle

2026-07-08 17:14:09 - MayaTools.CNTManager3 - WARNING - [CNTManager3] 실패 - rig_ready:export:thigh_fwd_lwr_r_parentConstraint1.drawStyle: setAttr: No object matches name: rig_ready:export:thigh_fwd_lwr_r_parentConstraint1.drawStyle

2026-07-08 17:14:09 - MayaTools.CNTManager3 - WARNING - [CNTManager3] 실패 - rig_ready:export:thigh_fwd_lwr_r_scaleConstraint1.drawStyle: setAttr: No object matches name: rig_ready:export:thigh_fwd_lwr_r_scaleConstraint1.drawStyle

2026-07-08 17:14:09 - MayaTools.CNTManager3 - WARNING - [CNTManager3] 실패 - rig_ready:export:thigh_correctiveRoot_r_parentConstraint1.drawStyle: setAttr: No object matches name: rig_ready:export:thigh_correctiveRoot_r_parentConstraint1.drawStyle

2026-07-08 17:14:09 - MayaTools.CNTManager3 - WARNING - [CNTManager3] 실패 - rig_ready:export:thigh_correctiveRoot_r_scaleConstraint1.drawStyle: setAttr: No object matches name: rig_ready:export:thigh_correctiveRoot_r_scaleConstraint1.drawStyle

2026-07-08 17:14:09 - MayaTools.CNTManager3 - WARNING - [CNTManager3] 실패 - rig_ready:export:thigh_twist_r_parentConstraint1.drawStyle: setAttr: No object matches name: rig_ready:export:thigh_twist_r_parentConstraint1.drawStyle

2026-07-08 17:14:09 - MayaTools.CNTManager3 - WARNING - [CNTManager3] 실패 - rig_ready:export:thigh_twist_r_scaleConstraint1.drawStyle: setAttr: No object matches name: rig_ready:export:thigh_twist_r_scaleConstraint1.drawStyle

2026-07-08 17:14:09 - MayaTools.CNTManager3 - WARNING - [CNTManager3] 실패 - rig_ready:export:dyn_butt_r_parentConstraint1.drawStyle: setAttr: No object matches name: rig_ready:export:dyn_butt_r_parentConstraint1.drawStyle

2026-07-08 17:14:09 - MayaTools.CNTManager3 - WARNING - [CNTManager3] 실패 - rig_ready:export:dyn_butt_r_scaleConstraint1.drawStyle: setAttr: No object matches name: rig_ready:export:dyn_butt_r_scaleConstraint1.drawStyle

2026-07-08 17:14:09 - MayaTools.CNTManager3 - WARNING - [CNTManager3] 실패 - rig_ready:export:dyn_thigh_r_parentConstraint1.drawStyle: setAttr: No object matches name: rig_ready:export:dyn_thigh_r_parentConstraint1.drawStyle

2026-07-08 17:14:09 - MayaTools.CNTManager3 - WARNING - [CNTManager3] 실패 - rig_ready:export:dyn_thigh_r_scaleConstraint1.drawStyle: setAttr: No object matches name: rig_ready:export:dyn_thigh_r_scaleConstraint1.drawStyle

2026-07-08 17:14:09 - MayaTools.CNTManager3 - WARNING - [CNTManager3] 실패 - rig_ready:export:thigh_r_parentConstraint1.drawStyle: setAttr: No object matches name: rig_ready:export:thigh_r_parentConstraint1.drawStyle

2026-07-08 17:14:09 - MayaTools.CNTManager3 - WARNING - [CNTManager3] 실패 - rig_ready:export:thigh_r_scaleConstraint1.drawStyle: setAttr: No object matches name: rig_ready:export:thigh_r_scaleConstraint1.drawStyle

2026-07-08 17:14:09 - MayaTools.CNTManager3 - WARNING - [CNTManager3] 실패 - rig_ready:export:indextoe_02_l_parentConstraint1.drawStyle: setAttr: No object matches name: rig_ready:export:indextoe_02_l_parentConstraint1.drawStyle

2026-07-08 17:14:09 - MayaTools.CNTManager3 - WARNING - [CNTManager3] 실패 - rig_ready:export:indextoe_02_l_scaleConstraint1.drawStyle: setAttr: No object matches name: rig_ready:export:indextoe_02_l_scaleConstraint1.drawStyle

2026-07-08 17:14:09 - MayaTools.CNTManager3 - WARNING - [CNTManager3] 실패 - rig_ready:export:indextoe_01_l_parentConstraint1.drawStyle: setAttr: No object matches name: rig_ready:export:indextoe_01_l_parentConstraint1.drawStyle

2026-07-08 17:14:09 - MayaTools.CNTManager3 - WARNING - [CNTManager3] 실패 - rig_ready:export:indextoe_01_l_scaleConstraint1.drawStyle: setAttr: No object matches name: rig_ready:export:indextoe_01_l_scaleConstraint1.drawStyle

2026-07-08 17:14:09 - MayaTools.CNTManager3 - WARNING - [CNTManager3] 실패 - rig_ready:export:bigtoe_02_l_parentConstraint1.drawStyle: setAttr: No object matches name: rig_ready:export:bigtoe_02_l_parentConstraint1.drawStyle

2026-07-08 17:14:09 - MayaTools.CNTManager3 - WARNING - [CNTManager3] 실패 - rig_ready:export:bigtoe_02_l_scaleConstraint1.drawStyle: setAttr: No object matches name: rig_ready:export:bigtoe_02_l_scaleConstraint1.drawStyle

2026-07-08 17:14:09 - MayaTools.CNTManager3 - WARNING - [CNTManager3] 실패 - rig_ready:export:bigtoe_01_l_parentConstraint1.drawStyle: setAttr: No object matches name: rig_ready:export:bigtoe_01_l_parentConstraint1.drawStyle

2026-07-08 17:14:09 - MayaTools.CNTManager3 - WARNING - [CNTManager3] 실패 - rig_ready:export:bigtoe_01_l_scaleConstraint1.drawStyle: setAttr: No object matches name: rig_ready:export:bigtoe_01_l_scaleConstraint1.drawStyle

2026-07-08 17:14:09 - MayaTools.CNTManager3 - WARNING - [CNTManager3] 실패 - rig_ready:export:littletoe_02_l_parentConstraint1.drawStyle: setAttr: No object matches name: rig_ready:export:littletoe_02_l_parentConstraint1.drawStyle

2026-07-08 17:14:09 - MayaTools.CNTManager3 - WARNING - [CNTManager3] 실패 - rig_ready:export:littletoe_02_l_scaleConstraint1.drawStyle: setAttr: No object matches name: rig_ready:export:littletoe_02_l_scaleConstraint1.drawStyle

2026-07-08 17:14:09 - MayaTools.CNTManager3 - WARNING - [CNTManager3] 실패 - rig_ready:export:littletoe_01_l_parentConstraint1.drawStyle: setAttr: No object matches name: rig_ready:export:littletoe_01_l_parentConstraint1.drawStyle

2026-07-08 17:14:09 - MayaTools.CNTManager3 - WARNING - [CNTManager3] 실패 - rig_ready:export:littletoe_01_l_scaleConstraint1.drawStyle: setAttr: No object matches name: rig_ready:export:littletoe_01_l_scaleConstraint1.drawStyle

2026-07-08 17:14:09 - MayaTools.CNTManager3 - WARNING - [CNTManager3] 실패 - rig_ready:export:middletoe_02_l_parentConstraint1.drawStyle: setAttr: No object matches name: rig_ready:export:middletoe_02_l_parentConstraint1.drawStyle

2026-07-08 17:14:09 - MayaTools.CNTManager3 - WARNING - [CNTManager3] 실패 - rig_ready:export:middletoe_02_l_scaleConstraint1.drawStyle: setAttr: No object matches name: rig_ready:export:middletoe_02_l_scaleConstraint1.drawStyle

2026-07-08 17:14:09 - MayaTools.CNTManager3 - WARNING - [CNTManager3] 실패 - rig_ready:export:middletoe_01_l_parentConstraint1.drawStyle: setAttr: No object matches name: rig_ready:export:middletoe_01_l_parentConstraint1.drawStyle

2026-07-08 17:14:09 - MayaTools.CNTManager3 - WARNING - [CNTManager3] 실패 - rig_ready:export:middletoe_01_l_scaleConstraint1.drawStyle: setAttr: No object matches name: rig_ready:export:middletoe_01_l_scaleConstraint1.drawStyle

2026-07-08 17:14:09 - MayaTools.CNTManager3 - WARNING - [CNTManager3] 실패 - rig_ready:export:ringtoe_02_l_parentConstraint1.drawStyle: setAttr: No object matches name: rig_ready:export:ringtoe_02_l_parentConstraint1.drawStyle

2026-07-08 17:14:09 - MayaTools.CNTManager3 - WARNING - [CNTManager3] 실패 - rig_ready:export:ringtoe_02_l_scaleConstraint1.drawStyle: setAttr: No object matches name: rig_ready:export:ringtoe_02_l_scaleConstraint1.drawStyle

2026-07-08 17:14:09 - MayaTools.CNTManager3 - WARNING - [CNTManager3] 실패 - rig_ready:export:ringtoe_01_l_parentConstraint1.drawStyle: setAttr: No object matches name: rig_ready:export:ringtoe_01_l_parentConstraint1.drawStyle

2026-07-08 17:14:09 - MayaTools.CNTManager3 - WARNING - [CNTManager3] 실패 - rig_ready:export:ringtoe_01_l_scaleConstraint1.drawStyle: setAttr: No object matches name: rig_ready:export:ringtoe_01_l_scaleConstraint1.drawStyle

2026-07-08 17:14:09 - MayaTools.CNTManager3 - WARNING - [CNTManager3] 실패 - rig_ready:export:toes_l_parentConstraint1.drawStyle: setAttr: No object matches name: rig_ready:export:toes_l_parentConstraint1.drawStyle

2026-07-08 17:14:09 - MayaTools.CNTManager3 - WARNING - [CNTManager3] 실패 - rig_ready:export:toes_l_scaleConstraint1.drawStyle: setAttr: No object matches name: rig_ready:export:toes_l_scaleConstraint1.drawStyle

2026-07-08 17:14:09 - MayaTools.CNTManager3 - WARNING - [CNTManager3] 실패 - rig_ready:export:ball_l_parentConstraint1.drawStyle: setAttr: No object matches name: rig_ready:export:ball_l_parentConstraint1.drawStyle

2026-07-08 17:14:09 - MayaTools.CNTManager3 - WARNING - [CNTManager3] 실패 - rig_ready:export:ball_l_scaleConstraint1.drawStyle: setAttr: No object matches name: rig_ready:export:ball_l_scaleConstraint1.drawStyle

2026-07-08 17:14:09 - MayaTools.CNTManager3 - WARNING - [CNTManager3] 실패 - rig_ready:export:ankle_bck_l_parentConstraint1.drawStyle: setAttr: No object matches name: rig_ready:export:ankle_bck_l_parentConstraint1.drawStyle

2026-07-08 17:14:09 - MayaTools.CNTManager3 - WARNING - [CNTManager3] 실패 - rig_ready:export:ankle_bck_l_scaleConstraint1.drawStyle: setAttr: No object matches name: rig_ready:export:ankle_bck_l_scaleConstraint1.drawStyle

2026-07-08 17:14:09 - MayaTools.CNTManager3 - WARNING - [CNTManager3] 실패 - rig_ready:export:ankle_fwd_l_parentConstraint1.drawStyle: setAttr: No object matches name: rig_ready:export:ankle_fwd_l_parentConstraint1.drawStyle

2026-07-08 17:14:09 - MayaTools.CNTManager3 - WARNING - [CNTManager3] 실패 - rig_ready:export:ankle_fwd_l_scaleConstraint1.drawStyle: setAttr: No object matches name: rig_ready:export:ankle_fwd_l_scaleConstraint1.drawStyle

2026-07-08 17:14:09 - MayaTools.CNTManager3 - WARNING - [CNTManager3] 실패 - rig_ready:export:foot_l_parentConstraint1.drawStyle: setAttr: No object matches name: rig_ready:export:foot_l_parentConstraint1.drawStyle

2026-07-08 17:14:09 - MayaTools.CNTManager3 - WARNING - [CNTManager3] 실패 - rig_ready:export:foot_l_scaleConstraint1.drawStyle: setAttr: No object matches name: rig_ready:export:foot_l_scaleConstraint1.drawStyle

2026-07-08 17:14:09 - MayaTools.CNTManager3 - WARNING - [CNTManager3] 실패 - rig_ready:export:calf_twistCor_02_l_parentConstraint1.drawStyle: setAttr: No object matches name: rig_ready:export:calf_twistCor_02_l_parentConstraint1.drawStyle

2026-07-08 17:14:09 - MayaTools.CNTManager3 - WARNING - [CNTManager3] 실패 - rig_ready:export:calf_twistCor_02_l_scaleConstraint1.drawStyle: setAttr: No object matches name: rig_ready:export:calf_twistCor_02_l_scaleConstraint1.drawStyle

2026-07-08 17:14:09 - MayaTools.CNTManager3 - WARNING - [CNTManager3] 실패 - rig_ready:export:calf_twist_02_l_parentConstraint1.drawStyle: setAttr: No object matches name: rig_ready:export:calf_twist_02_l_parentConstraint1.drawStyle

2026-07-08 17:14:09 - MayaTools.CNTManager3 - WARNING - [CNTManager3] 실패 - rig_ready:export:calf_twist_02_l_scaleConstraint1.drawStyle: setAttr: No object matches name: rig_ready:export:calf_twist_02_l_scaleConstraint1.drawStyle

2026-07-08 17:14:09 - MayaTools.CNTManager3 - WARNING - [CNTManager3] 실패 - rig_ready:export:calf_twist_01_l_parentConstraint1.drawStyle: setAttr: No object matches name: rig_ready:export:calf_twist_01_l_parentConstraint1.drawStyle

2026-07-08 17:14:09 - MayaTools.CNTManager3 - WARNING - [CNTManager3] 실패 - rig_ready:export:calf_twist_01_l_scaleConstraint1.drawStyle: setAttr: No object matches name: rig_ready:export:calf_twist_01_l_scaleConstraint1.drawStyle

2026-07-08 17:14:09 - MayaTools.CNTManager3 - WARNING - [CNTManager3] 실패 - rig_ready:export:calf_kneeBack_l_parentConstraint1.drawStyle: setAttr: No object matches name: rig_ready:export:calf_kneeBack_l_parentConstraint1.drawStyle

2026-07-08 17:14:09 - MayaTools.CNTManager3 - WARNING - [CNTManager3] 실패 - rig_ready:export:calf_kneeBack_l_scaleConstraint1.drawStyle: setAttr: No object matches name: rig_ready:export:calf_kneeBack_l_scaleConstraint1.drawStyle

2026-07-08 17:14:09 - MayaTools.CNTManager3 - WARNING - [CNTManager3] 실패 - rig_ready:export:calf_knee_l_parentConstraint1.drawStyle: setAttr: No object matches name: rig_ready:export:calf_knee_l_parentConstraint1.drawStyle

2026-07-08 17:14:09 - MayaTools.CNTManager3 - WARNING - [CNTManager3] 실패 - rig_ready:export:calf_knee_l_scaleConstraint1.drawStyle: setAttr: No object matches name: rig_ready:export:calf_knee_l_scaleConstraint1.drawStyle

2026-07-08 17:14:09 - MayaTools.CNTManager3 - WARNING - [CNTManager3] 실패 - rig_ready:export:calf_correctiveRoot_l_parentConstraint1.drawStyle: setAttr: No object matches name: rig_ready:export:calf_correctiveRoot_l_parentConstraint1.drawStyle

2026-07-08 17:14:09 - MayaTools.CNTManager3 - WARNING - [CNTManager3] 실패 - rig_ready:export:calf_correctiveRoot_l_scaleConstraint1.drawStyle: setAttr: No object matches name: rig_ready:export:calf_correctiveRoot_l_scaleConstraint1.drawStyle

2026-07-08 17:14:09 - MayaTools.CNTManager3 - WARNING - [CNTManager3] 실패 - rig_ready:export:calf_half_l_parentConstraint1.drawStyle: setAttr: No object matches name: rig_ready:export:calf_half_l_parentConstraint1.drawStyle

2026-07-08 17:14:09 - MayaTools.CNTManager3 - WARNING - [CNTManager3] 실패 - rig_ready:export:calf_half_l_scaleConstraint1.drawStyle: setAttr: No object matches name: rig_ready:export:calf_half_l_scaleConstraint1.drawStyle

2026-07-08 17:14:09 - MayaTools.CNTManager3 - WARNING - [CNTManager3] 실패 - rig_ready:export:calf_l_parentConstraint1.drawStyle: setAttr: No object matches name: rig_ready:export:calf_l_parentConstraint1.drawStyle

2026-07-08 17:14:09 - MayaTools.CNTManager3 - WARNING - [CNTManager3] 실패 - rig_ready:export:calf_l_scaleConstraint1.drawStyle: setAttr: No object matches name: rig_ready:export:calf_l_scaleConstraint1.drawStyle

2026-07-08 17:14:09 - MayaTools.CNTManager3 - WARNING - [CNTManager3] 실패 - rig_ready:export:thigh_twistCor_01_l_parentConstraint1.drawStyle: setAttr: No object matches name: rig_ready:export:thigh_twistCor_01_l_parentConstraint1.drawStyle

2026-07-08 17:14:09 - MayaTools.CNTManager3 - WARNING - [CNTManager3] 실패 - rig_ready:export:thigh_twistCor_01_l_scaleConstraint1.drawStyle: setAttr: No object matches name: rig_ready:export:thigh_twistCor_01_l_scaleConstraint1.drawStyle

2026-07-08 17:14:09 - MayaTools.CNTManager3 - WARNING - [CNTManager3] 실패 - rig_ready:export:thigh_twist_01_l_parentConstraint1.drawStyle: setAttr: No object matches name: rig_ready:export:thigh_twist_01_l_parentConstraint1.drawStyle

2026-07-08 17:14:09 - MayaTools.CNTManager3 - WARNING - [CNTManager3] 실패 - rig_ready:export:thigh_twist_01_l_scaleConstraint1.drawStyle: setAttr: No object matches name: rig_ready:export:thigh_twist_01_l_scaleConstraint1.drawStyle

2026-07-08 17:14:09 - MayaTools.CNTManager3 - WARNING - [CNTManager3] 실패 - rig_ready:export:thigh_twistCor_02_l_parentConstraint1.drawStyle: setAttr: No object matches name: rig_ready:export:thigh_twistCor_02_l_parentConstraint1.drawStyle

2026-07-08 17:14:09 - MayaTools.CNTManager3 - WARNING - [CNTManager3] 실패 - rig_ready:export:thigh_twistCor_02_l_scaleConstraint1.drawStyle: setAttr: No object matches name: rig_ready:export:thigh_twistCor_02_l_scaleConstraint1.drawStyle

2026-07-08 17:14:09 - MayaTools.CNTManager3 - WARNING - [CNTManager3] 실패 - rig_ready:export:thigh_twist_02_l_parentConstraint1.drawStyle: setAttr: No object matches name: rig_ready:export:thigh_twist_02_l_parentConstraint1.drawStyle

2026-07-08 17:14:09 - MayaTools.CNTManager3 - WARNING - [CNTManager3] 실패 - rig_ready:export:thigh_twist_02_l_scaleConstraint1.drawStyle: setAttr: No object matches name: rig_ready:export:thigh_twist_02_l_scaleConstraint1.drawStyle

2026-07-08 17:14:09 - MayaTools.CNTManager3 - WARNING - [CNTManager3] 실패 - rig_ready:export:thigh_bck_l_parentConstraint1.drawStyle: setAttr: No object matches name: rig_ready:export:thigh_bck_l_parentConstraint1.drawStyle

2026-07-08 17:14:09 - MayaTools.CNTManager3 - WARNING - [CNTManager3] 실패 - rig_ready:export:thigh_bck_l_scaleConstraint1.drawStyle: setAttr: No object matches name: rig_ready:export:thigh_bck_l_scaleConstraint1.drawStyle

2026-07-08 17:14:09 - MayaTools.CNTManager3 - WARNING - [CNTManager3] 실패 - rig_ready:export:thigh_fwd_l_parentConstraint1.drawStyle: setAttr: No object matches name: rig_ready:export:thigh_fwd_l_parentConstraint1.drawStyle

2026-07-08 17:14:09 - MayaTools.CNTManager3 - WARNING - [CNTManager3] 실패 - rig_ready:export:thigh_fwd_l_scaleConstraint1.drawStyle: setAttr: No object matches name: rig_ready:export:thigh_fwd_l_scaleConstraint1.drawStyle

2026-07-08 17:14:09 - MayaTools.CNTManager3 - WARNING - [CNTManager3] 실패 - rig_ready:export:thigh_out_l_parentConstraint1.drawStyle: setAttr: No object matches name: rig_ready:export:thigh_out_l_parentConstraint1.drawStyle

2026-07-08 17:14:09 - MayaTools.CNTManager3 - WARNING - [CNTManager3] 실패 - rig_ready:export:thigh_out_l_scaleConstraint1.drawStyle: setAttr: No object matches name: rig_ready:export:thigh_out_l_scaleConstraint1.drawStyle

2026-07-08 17:14:09 - MayaTools.CNTManager3 - WARNING - [CNTManager3] 실패 - rig_ready:export:thigh_bck_lwr_l_parentConstraint1.drawStyle: setAttr: No object matches name: rig_ready:export:thigh_bck_lwr_l_parentConstraint1.drawStyle

2026-07-08 17:14:09 - MayaTools.CNTManager3 - WARNING - [CNTManager3] 실패 - rig_ready:export:thigh_bck_lwr_l_scaleConstraint1.drawStyle: setAttr: No object matches name: rig_ready:export:thigh_bck_lwr_l_scaleConstraint1.drawStyle

2026-07-08 17:14:09 - MayaTools.CNTManager3 - WARNING - [CNTManager3] 실패 - rig_ready:export:thigh_in_l_parentConstraint1.drawStyle: setAttr: No object matches name: rig_ready:export:thigh_in_l_parentConstraint1.drawStyle

2026-07-08 17:14:09 - MayaTools.CNTManager3 - WARNING - [CNTManager3] 실패 - rig_ready:export:thigh_in_l_scaleConstraint1.drawStyle: setAttr: No object matches name: rig_ready:export:thigh_in_l_scaleConstraint1.drawStyle

2026-07-08 17:14:09 - MayaTools.CNTManager3 - WARNING - [CNTManager3] 실패 - rig_ready:export:thigh_fwd_lwr_l_parentConstraint1.drawStyle: setAttr: No object matches name: rig_ready:export:thigh_fwd_lwr_l_parentConstraint1.drawStyle

2026-07-08 17:14:09 - MayaTools.CNTManager3 - WARNING - [CNTManager3] 실패 - rig_ready:export:thigh_fwd_lwr_l_scaleConstraint1.drawStyle: setAttr: No object matches name: rig_ready:export:thigh_fwd_lwr_l_scaleConstraint1.drawStyle

2026-07-08 17:14:09 - MayaTools.CNTManager3 - WARNING - [CNTManager3] 실패 - rig_ready:export:thigh_correctiveRoot_l_parentConstraint1.drawStyle: setAttr: No object matches name: rig_ready:export:thigh_correctiveRoot_l_parentConstraint1.drawStyle

2026-07-08 17:14:09 - MayaTools.CNTManager3 - WARNING - [CNTManager3] 실패 - rig_ready:export:thigh_correctiveRoot_l_scaleConstraint1.drawStyle: setAttr: No object matches name: rig_ready:export:thigh_correctiveRoot_l_scaleConstraint1.drawStyle

2026-07-08 17:14:09 - MayaTools.CNTManager3 - WARNING - [CNTManager3] 실패 - rig_ready:export:thigh_twist_l_parentConstraint1.drawStyle: setAttr: No object matches name: rig_ready:export:thigh_twist_l_parentConstraint1.drawStyle

2026-07-08 17:14:09 - MayaTools.CNTManager3 - WARNING - [CNTManager3] 실패 - rig_ready:export:thigh_twist_l_scaleConstraint1.drawStyle: setAttr: No object matches name: rig_ready:export:thigh_twist_l_scaleConstraint1.drawStyle

2026-07-08 17:14:09 - MayaTools.CNTManager3 - WARNING - [CNTManager3] 실패 - rig_ready:export:dyn_butt_l_parentConstraint1.drawStyle: setAttr: No object matches name: rig_ready:export:dyn_butt_l_parentConstraint1.drawStyle

2026-07-08 17:14:09 - MayaTools.CNTManager3 - WARNING - [CNTManager3] 실패 - rig_ready:export:dyn_butt_l_scaleConstraint1.drawStyle: setAttr: No object matches name: rig_ready:export:dyn_butt_l_scaleConstraint1.drawStyle

2026-07-08 17:14:09 - MayaTools.CNTManager3 - WARNING - [CNTManager3] 실패 - rig_ready:export:dyn_thigh_l_parentConstraint1.drawStyle: setAttr: No object matches name: rig_ready:export:dyn_thigh_l_parentConstraint1.drawStyle

2026-07-08 17:14:09 - MayaTools.CNTManager3 - WARNING - [CNTManager3] 실패 - rig_ready:export:dyn_thigh_l_scaleConstraint1.drawStyle: setAttr: No object matches name: rig_ready:export:dyn_thigh_l_scaleConstraint1.drawStyle

2026-07-08 17:14:09 - MayaTools.CNTManager3 - WARNING - [CNTManager3] 실패 - rig_ready:export:thigh_l_parentConstraint1.drawStyle: setAttr: No object matches name: rig_ready:export:thigh_l_parentConstraint1.drawStyle

2026-07-08 17:14:09 - MayaTools.CNTManager3 - WARNING - [CNTManager3] 실패 - rig_ready:export:thigh_l_scaleConstraint1.drawStyle: setAttr: No object matches name: rig_ready:export:thigh_l_scaleConstraint1.drawStyle

2026-07-08 17:14:09 - MayaTools.CNTManager3 - WARNING - [CNTManager3] 실패 - rig_ready:export:dyn_pelvis_01_parentConstraint1.drawStyle: setAttr: No object matches name: rig_ready:export:dyn_pelvis_01_parentConstraint1.drawStyle

2026-07-08 17:14:09 - MayaTools.CNTManager3 - WARNING - [CNTManager3] 실패 - rig_ready:export:dyn_pelvis_01_scaleConstraint1.drawStyle: setAttr: No object matches name: rig_ready:export:dyn_pelvis_01_scaleConstraint1.drawStyle

2026-07-08 17:14:09 - MayaTools.CNTManager3 - WARNING - [CNTManager3] 실패 - rig_ready:export:dyn_pelvis_02_parentConstraint1.drawStyle: setAttr: No object matches name: rig_ready:export:dyn_pelvis_02_parentConstraint1.drawStyle

2026-07-08 17:14:09 - MayaTools.CNTManager3 - WARNING - [CNTManager3] 실패 - rig_ready:export:dyn_pelvis_02_scaleConstraint1.drawStyle: setAttr: No object matches name: rig_ready:export:dyn_pelvis_02_scaleConstraint1.drawStyle

2026-07-08 17:14:09 - MayaTools.CNTManager3 - WARNING - [CNTManager3] 실패 - rig_ready:export:dyn_pelvis_03_parentConstraint1.drawStyle: setAttr: No object matches name: rig_ready:export:dyn_pelvis_03_parentConstraint1.drawStyle

2026-07-08 17:14:09 - MayaTools.CNTManager3 - WARNING - [CNTManager3] 실패 - rig_ready:export:dyn_pelvis_03_scaleConstraint1.drawStyle: setAttr: No object matches name: rig_ready:export:dyn_pelvis_03_scaleConstraint1.drawStyle

2026-07-08 17:14:09 - MayaTools.CNTManager3 - WARNING - [CNTManager3] 실패 - rig_ready:export:dyn_pelvis_04_parentConstraint1.drawStyle: setAttr: No object matches name: rig_ready:export:dyn_pelvis_04_parentConstraint1.drawStyle

2026-07-08 17:14:09 - MayaTools.CNTManager3 - WARNING - [CNTManager3] 실패 - rig_ready:export:dyn_pelvis_04_scaleConstraint1.drawStyle: setAttr: No object matches name: rig_ready:export:dyn_pelvis_04_scaleConstraint1.drawStyle

2026-07-08 17:14:09 - MayaTools.CNTManager3 - WARNING - [CNTManager3] 실패 - rig_ready:export:dyn_pelvis_05_parentConstraint1.drawStyle: setAttr: No object matches name: rig_ready:export:dyn_pelvis_05_parentConstraint1.drawStyle

2026-07-08 17:14:09 - MayaTools.CNTManager3 - WARNING - [CNTManager3] 실패 - rig_ready:export:dyn_pelvis_05_scaleConstraint1.drawStyle: setAttr: No object matches name: rig_ready:export:dyn_pelvis_05_scaleConstraint1.drawStyle

2026-07-08 17:14:09 - MayaTools.CNTManager3 - WARNING - [CNTManager3] 실패 - rig_ready:export:dyn_pelvis_06_parentConstraint1.drawStyle: setAttr: No object matches name: rig_ready:export:dyn_pelvis_06_parentConstraint1.drawStyle

2026-07-08 17:14:09 - MayaTools.CNTManager3 - WARNING - [CNTManager3] 실패 - rig_ready:export:dyn_pelvis_06_scaleConstraint1.drawStyle: setAttr: No object matches name: rig_ready:export:dyn_pelvis_06_scaleConstraint1.drawStyle

2026-07-08 17:14:10 - MayaTools.CNTManager3 - WARNING - [CNTManager3] 실패 - rig_ready:export:dyn_pelvis_07_parentConstraint1.drawStyle: setAttr: No object matches name: rig_ready:export:dyn_pelvis_07_parentConstraint1.drawStyle

2026-07-08 17:14:10 - MayaTools.CNTManager3 - WARNING - [CNTManager3] 실패 - rig_ready:export:dyn_pelvis_07_scaleConstraint1.drawStyle: setAttr: No object matches name: rig_ready:export:dyn_pelvis_07_scaleConstraint1.drawStyle

2026-07-08 17:14:10 - MayaTools.CNTManager3 - WARNING - [CNTManager3] 실패 - rig_ready:export:pelvis_parentConstraint1.drawStyle: setAttr: No object matches name: rig_ready:export:pelvis_parentConstraint1.drawStyle

2026-07-08 17:14:10 - MayaTools.CNTManager3 - WARNING - [CNTManager3] 실패 - rig_ready:export:pelvis_scaleConstraint1.drawStyle: setAttr: No object matches name: rig_ready:export:pelvis_scaleConstraint1.drawStyle

2026-07-08 17:14:10 - MayaTools.CNTManager3 - WARNING - [CNTManager3] 실패 - rig_ready:export:clavicle_l_match_parentConstraint1.drawStyle: setAttr: No object matches name: rig_ready:export:clavicle_l_match_parentConstraint1.drawStyle

2026-07-08 17:14:10 - MayaTools.CNTManager3 - WARNING - [CNTManager3] 실패 - rig_ready:export:clavicle_l_match_scaleConstraint1.drawStyle: setAttr: No object matches name: rig_ready:export:clavicle_l_match_scaleConstraint1.drawStyle

2026-07-08 17:14:10 - MayaTools.CNTManager3 - WARNING - [CNTManager3] 실패 - rig_ready:export:clavicle_l_root_parentConstraint1.drawStyle: setAttr: No object matches name: rig_ready:export:clavicle_l_root_parentConstraint1.drawStyle

2026-07-08 17:14:10 - MayaTools.CNTManager3 - WARNING - [CNTManager3] 실패 - rig_ready:export:clavicle_l_root_scaleConstraint1.drawStyle: setAttr: No object matches name: rig_ready:export:clavicle_l_root_scaleConstraint1.drawStyle

2026-07-08 17:14:10 - MayaTools.CNTManager3 - WARNING - [CNTManager3] 실패 - rig_ready:export:clavicle_r_match_parentConstraint1.drawStyle: setAttr: No object matches name: rig_ready:export:clavicle_r_match_parentConstraint1.drawStyle

2026-07-08 17:14:10 - MayaTools.CNTManager3 - WARNING - [CNTManager3] 실패 - rig_ready:export:clavicle_r_match_scaleConstraint1.drawStyle: setAttr: No object matches name: rig_ready:export:clavicle_r_match_scaleConstraint1.drawStyle

2026-07-08 17:14:10 - MayaTools.CNTManager3 - WARNING - [CNTManager3] 실패 - rig_ready:export:clavicle_r_root_parentConstraint1.drawStyle: setAttr: No object matches name: rig_ready:export:clavicle_r_root_parentConstraint1.drawStyle

2026-07-08 17:14:10 - MayaTools.CNTManager3 - WARNING - [CNTManager3] 실패 - rig_ready:export:clavicle_r_root_scaleConstraint1.drawStyle: setAttr: No object matches name: rig_ready:export:clavicle_r_root_scaleConstraint1.drawStyle

2026-07-08 17:14:10 - MayaTools.CNTManager3 - WARNING - [CNTManager3] 실패 - rig_ready:export:weapon_main_parentConstraint1.drawStyle: setAttr: No object matches name: rig_ready:export:weapon_main_parentConstraint1.drawStyle

2026-07-08 17:14:10 - MayaTools.CNTManager3 - WARNING - [CNTManager3] 실패 - rig_ready:export:weapon_main_scaleConstraint1.drawStyle: setAttr: No object matches name: rig_ready:export:weapon_main_scaleConstraint1.drawStyle

2026-07-08 17:14:10 - MayaTools.CNTManager3 - WARNING - [CNTManager3] 실패 - rig_ready:export:weapon_secondary_parentConstraint1.drawStyle: setAttr: No object matches name: rig_ready:export:weapon_secondary_parentConstraint1.drawStyle

2026-07-08 17:14:10 - MayaTools.CNTManager3 - WARNING - [CNTManager3] 실패 - rig_ready:export:weapon_secondary_scaleConstraint1.drawStyle: setAttr: No object matches name: rig_ready:export:weapon_secondary_scaleConstraint1.drawStyle

2026-07-08 17:14:10 - MayaTools.CNTManager3 - WARNING - [CNTManager3] 실패 - rig_ready:export:accessory_main_parentConstraint1.drawStyle: setAttr: No object matches name: rig_ready:export:accessory_main_parentConstraint1.drawStyle

2026-07-08 17:14:10 - MayaTools.CNTManager3 - WARNING - [CNTManager3] 실패 - rig_ready:export:accessory_main_scaleConstraint1.drawStyle: setAttr: No object matches name: rig_ready:export:accessory_main_scaleConstraint1.drawStyle

2026-07-08 17:14:10 - MayaTools.CNTManager3 - WARNING - [CNTManager3] 실패 - rig_ready:export:torso_root_parentConstraint1.drawStyle: setAttr: No object matches name: rig_ready:export:torso_root_parentConstraint1.drawStyle

2026-07-08 17:14:10 - MayaTools.CNTManager3 - WARNING - [CNTManager3] 실패 - rig_ready:export:torso_root_scaleConstraint1.drawStyle: setAttr: No object matches name: rig_ready:export:torso_root_scaleConstraint1.drawStyle

2026-07-08 17:14:10 - MayaTools.CNTManager3 - WARNING - [CNTManager3] 실패 - rig_ready:export:camera_parentConstraint1.drawStyle: setAttr: No object matches name: rig_ready:export:camera_parentConstraint1.drawStyle

2026-07-08 17:14:10 - MayaTools.CNTManager3 - WARNING - [CNTManager3] 실패 - rig_ready:export:camera_scaleConstraint1.drawStyle: setAttr: No object matches name: rig_ready:export:camera_scaleConstraint1.drawStyle

2026-07-08 17:14:10 - MayaTools.CNTManager3 - WARNING - [CNTManager3] 실패 - rig_ready:export:player_root_parentConstraint1.drawStyle: setAttr: No object matches name: rig_ready:export:player_root_parentConstraint1.drawStyle

2026-07-08 17:14:10 - MayaTools.CNTManager3 - WARNING - [CNTManager3] 실패 - rig_ready:export:player_root_scaleConstraint1.drawStyle: setAttr: No object matches name: rig_ready:export:player_root_scaleConstraint1.drawStyle

2026-07-08 17:14:10 - MayaTools.CNTManager3 - WARNING - [CNTManager3] 실패 - rig_ready:export:center_of_mass_parentConstraint1.drawStyle: setAttr: No object matches name: rig_ready:export:center_of_mass_parentConstraint1.drawStyle

2026-07-08 17:14:10 - MayaTools.CNTManager3 - WARNING - [CNTManager3] 실패 - rig_ready:export:center_of_mass_scaleConstraint1.drawStyle: setAttr: No object matches name: rig_ready:export:center_of_mass_scaleConstraint1.drawStyle

2026-07-08 17:14:10 - MayaTools.CNTManager3 - WARNING - [CNTManager3] 실패 - rig_ready:export:ik_foot_l_parentConstraint1.drawStyle: setAttr: No object matches name: rig_ready:export:ik_foot_l_parentConstraint1.drawStyle

2026-07-08 17:14:10 - MayaTools.CNTManager3 - WARNING - [CNTManager3] 실패 - rig_ready:export:ik_foot_l_scaleConstraint1.drawStyle: setAttr: No object matches name: rig_ready:export:ik_foot_l_scaleConstraint1.drawStyle

2026-07-08 17:14:10 - MayaTools.CNTManager3 - WARNING - [CNTManager3] 실패 - rig_ready:export:ik_foot_r_parentConstraint1.drawStyle: setAttr: No object matches name: rig_ready:export:ik_foot_r_parentConstraint1.drawStyle

2026-07-08 17:14:10 - MayaTools.CNTManager3 - WARNING - [CNTManager3] 실패 - rig_ready:export:ik_foot_r_scaleConstraint1.drawStyle: setAttr: No object matches name: rig_ready:export:ik_foot_r_scaleConstraint1.drawStyle

2026-07-08 17:14:10 - MayaTools.CNTManager3 - WARNING - [CNTManager3] 실패 - rig_ready:export:ik_foot_root_parentConstraint1.drawStyle: setAttr: No object matches name: rig_ready:export:ik_foot_root_parentConstraint1.drawStyle

2026-07-08 17:14:10 - MayaTools.CNTManager3 - WARNING - [CNTManager3] 실패 - rig_ready:export:ik_foot_root_scaleConstraint1.drawStyle: setAttr: No object matches name: rig_ready:export:ik_foot_root_scaleConstraint1.drawStyle

2026-07-08 17:14:10 - MayaTools.CNTManager3 - WARNING - [CNTManager3] 실패 - rig_ready:export:ik_hand_l_parentConstraint1.drawStyle: setAttr: No object matches name: rig_ready:export:ik_hand_l_parentConstraint1.drawStyle

2026-07-08 17:14:10 - MayaTools.CNTManager3 - WARNING - [CNTManager3] 실패 - rig_ready:export:ik_hand_l_scaleConstraint1.drawStyle: setAttr: No object matches name: rig_ready:export:ik_hand_l_scaleConstraint1.drawStyle

2026-07-08 17:14:10 - MayaTools.CNTManager3 - WARNING - [CNTManager3] 실패 - rig_ready:export:ik_hand_r_parentConstraint1.drawStyle: setAttr: No object matches name: rig_ready:export:ik_hand_r_parentConstraint1.drawStyle

2026-07-08 17:14:10 - MayaTools.CNTManager3 - WARNING - [CNTManager3] 실패 - rig_ready:export:ik_hand_r_scaleConstraint1.drawStyle: setAttr: No object matches name: rig_ready:export:ik_hand_r_scaleConstraint1.drawStyle

2026-07-08 17:14:10 - MayaTools.CNTManager3 - WARNING - [CNTManager3] 실패 - rig_ready:export:ik_hand_root_parentConstraint1.drawStyle: setAttr: No object matches name: rig_ready:export:ik_hand_root_parentConstraint1.drawStyle

2026-07-08 17:14:10 - MayaTools.CNTManager3 - WARNING - [CNTManager3] 실패 - rig_ready:export:ik_hand_root_scaleConstraint1.drawStyle: setAttr: No object matches name: rig_ready:export:ik_hand_root_scaleConstraint1.drawStyle

2026-07-08 17:14:10 - MayaTools.CNTManager3 - WARNING - [CNTManager3] 실패 - rig_ready:export:interaction_parentConstraint1.drawStyle: setAttr: No object matches name: rig_ready:export:interaction_parentConstraint1.drawStyle

2026-07-08 17:14:10 - MayaTools.CNTManager3 - WARNING - [CNTManager3] 실패 - rig_ready:export:interaction_scaleConstraint1.drawStyle: setAttr: No object matches name: rig_ready:export:interaction_scaleConstraint1.drawStyle

2026-07-08 17:14:10 - MayaTools.CNTManager3 - WARNING - [CNTManager3] 실패 - rig_ready:export:warp_target_1_parentConstraint1.drawStyle: setAttr: No object matches name: rig_ready:export:warp_target_1_parentConstraint1.drawStyle

2026-07-08 17:14:10 - MayaTools.CNTManager3 - WARNING - [CNTManager3] 실패 - rig_ready:export:warp_target_1_scaleConstraint1.drawStyle: setAttr: No object matches name: rig_ready:export:warp_target_1_scaleConstraint1.drawStyle

2026-07-08 17:14:10 - MayaTools.CNTManager3 - WARNING - [CNTManager3] 실패 - rig_ready:export:warp_target_2_parentConstraint1.drawStyle: setAttr: No object matches name: rig_ready:export:warp_target_2_parentConstraint1.drawStyle

2026-07-08 17:14:10 - MayaTools.CNTManager3 - WARNING - [CNTManager3] 실패 - rig_ready:export:warp_target_2_scaleConstraint1.drawStyle: setAttr: No object matches name: rig_ready:export:warp_target_2_scaleConstraint1.drawStyle

2026-07-08 17:14:10 - MayaTools.CNTManager3 - WARNING - [CNTManager3] 실패 - rig_ready:export:root_parentConstraint1.drawStyle: setAttr: No object matches name: rig_ready:export:root_parentConstraint1.drawStyle

2026-07-08 17:14:10 - MayaTools.CNTManager3 - WARNING - [CNTManager3] 실패 - rig_ready:export:root_scaleConstraint1.drawStyle: setAttr: No object matches name: rig_ready:export:root_scaleConstraint1.drawStyle

2026-07-08 17:14:10 - MayaTools.CNTManager3 - INFO - [CNTManager3] Operation Batch Attr Set completed
2026-07-08 17:14:10 - MayaTools.CNTManager3 - INFO - [CNTManager3] 완료: 1273/3819 오브젝트 처리됨
2026-07-08 17:14:12 - MayaTools.CNTManager3 - INFO - [CNTManager3] CNTManager3 cleanup completed
2026-07-08 17:24:49 - MayaTools.CNTManager3 - INFO - [CNTManager3] CNTManager3 initialized
2026-07-08 17:24:50 - MayaTools.CNTManager3 - INFO - [CNTManager3] UI Action: Add items to A list
2026-07-08 17:24:50 - MayaTools.CNTManager3 - INFO - [CNTManager3] Added 1396 items to A list
2026-07-08 17:24:59 - MayaTools.CNTManager3 - INFO - [CNTManager3] Starting operation: Batch Attr Set
2026-07-08 17:24:59 - MayaTools.CNTManager3 - WARNING - [CNTManager3] 실패 - root.drawstyle: setAttr: No object matches name: root.drawstyle

2026-07-08 17:24:59 - MayaTools.CNTManager3 - WARNING - [CNTManager3] 실패 - pelvis.drawstyle: setAttr: No object matches name: pelvis.drawstyle

2026-07-08 17:24:59 - MayaTools.CNTManager3 - WARNING - [CNTManager3] 실패 - spine_01.drawstyle: setAttr: No object matches name: spine_01.drawstyle

2026-07-08 17:24:59 - MayaTools.CNTManager3 - WARNING - [CNTManager3] 실패 - spine_02.drawstyle: setAttr: No object matches name: spine_02.drawstyle

2026-07-08 17:24:59 - MayaTools.CNTManager3 - WARNING - [CNTManager3] 실패 - spine_03.drawstyle: setAttr: No object matches name: spine_03.drawstyle

2026-07-08 17:24:59 - MayaTools.CNTManager3 - WARNING - [CNTManager3] 실패 - spine_04.drawstyle: setAttr: No object matches name: spine_04.drawstyle

2026-07-08 17:24:59 - MayaTools.CNTManager3 - WARNING - [CNTManager3] 실패 - spine_05.drawstyle: setAttr: No object matches name: spine_05.drawstyle

2026-07-08 17:24:59 - MayaTools.CNTManager3 - WARNING - [CNTManager3] 실패 - neck_01.drawstyle: setAttr: No object matches name: neck_01.drawstyle

2026-07-08 17:24:59 - MayaTools.CNTManager3 - WARNING - [CNTManager3] 실패 - neck_02.drawstyle: setAttr: No object matches name: neck_02.drawstyle

2026-07-08 17:24:59 - MayaTools.CNTManager3 - WARNING - [CNTManager3] 실패 - head.drawstyle: setAttr: No object matches name: head.drawstyle

2026-07-08 17:24:59 - MayaTools.CNTManager3 - WARNING - [CNTManager3] 실패 - FACIAL_C_FacialRoot.drawstyle: setAttr: No object matches name: FACIAL_C_FacialRoot.drawstyle

2026-07-08 17:24:59 - MayaTools.CNTManager3 - WARNING - [CNTManager3] 실패 - FACIAL_C_Hair1.drawstyle: setAttr: No object matches name: FACIAL_C_Hair1.drawstyle

2026-07-08 17:24:59 - MayaTools.CNTManager3 - WARNING - [CNTManager3] 실패 - FACIAL_L_12IPV_Hair1.drawstyle: setAttr: No object matches name: FACIAL_L_12IPV_Hair1.drawstyle

2026-07-08 17:24:59 - MayaTools.CNTManager3 - WARNING - [CNTManager3] 실패 - FACIAL_R_12IPV_Hair1.drawstyle: setAttr: No object matches name: FACIAL_R_12IPV_Hair1.drawstyle

2026-07-08 17:24:59 - MayaTools.CNTManager3 - WARNING - [CNTManager3] 실패 - FACIAL_C_Hair2.drawstyle: setAttr: No object matches name: FACIAL_C_Hair2.drawstyle

2026-07-08 17:24:59 - MayaTools.CNTManager3 - WARNING - [CNTManager3] 실패 - FACIAL_C_Hair3.drawstyle: setAttr: No object matches name: FACIAL_C_Hair3.drawstyle

2026-07-08 17:24:59 - MayaTools.CNTManager3 - WARNING - [CNTManager3] 실패 - FACIAL_C_Hair4.drawstyle: setAttr: No object matches name: FACIAL_C_Hair4.drawstyle

2026-07-08 17:24:59 - MayaTools.CNTManager3 - WARNING - [CNTManager3] 실패 - FACIAL_C_Hair5.drawstyle: setAttr: No object matches name: FACIAL_C_Hair5.drawstyle

2026-07-08 17:24:59 - MayaTools.CNTManager3 - WARNING - [CNTManager3] 실패 - FACIAL_C_Hair6.drawstyle: setAttr: No object matches name: FACIAL_C_Hair6.drawstyle

2026-07-08 17:24:59 - MayaTools.CNTManager3 - WARNING - [CNTManager3] 실패 - FACIAL_L_HairA1.drawstyle: setAttr: No object matches name: FACIAL_L_HairA1.drawstyle

2026-07-08 17:24:59 - MayaTools.CNTManager3 - WARNING - [CNTManager3] 실패 - FACIAL_R_HairA1.drawstyle: setAttr: No object matches name: FACIAL_R_HairA1.drawstyle

2026-07-08 17:24:59 - MayaTools.CNTManager3 - WARNING - [CNTManager3] 실패 - FACIAL_L_HairA2.drawstyle: setAttr: No object matches name: FACIAL_L_HairA2.drawstyle

2026-07-08 17:24:59 - MayaTools.CNTManager3 - WARNING - [CNTManager3] 실패 - FACIAL_R_HairA2.drawstyle: setAttr: No object matches name: FACIAL_R_HairA2.drawstyle

2026-07-08 17:24:59 - MayaTools.CNTManager3 - WARNING - [CNTManager3] 실패 - FACIAL_L_HairA3.drawstyle: setAttr: No object matches name: FACIAL_L_HairA3.drawstyle

2026-07-08 17:24:59 - MayaTools.CNTManager3 - WARNING - [CNTManager3] 실패 - FACIAL_R_HairA3.drawstyle: setAttr: No object matches name: FACIAL_R_HairA3.drawstyle

2026-07-08 17:24:59 - MayaTools.CNTManager3 - WARNING - [CNTManager3] 실패 - FACIAL_L_HairA4.drawstyle: setAttr: No object matches name: FACIAL_L_HairA4.drawstyle

2026-07-08 17:24:59 - MayaTools.CNTManager3 - WARNING - [CNTManager3] 실패 - FACIAL_R_HairA4.drawstyle: setAttr: No object matches name: FACIAL_R_HairA4.drawstyle

2026-07-08 17:24:59 - MayaTools.CNTManager3 - WARNING - [CNTManager3] 실패 - FACIAL_L_HairA5.drawstyle: setAttr: No object matches name: FACIAL_L_HairA5.drawstyle

2026-07-08 17:24:59 - MayaTools.CNTManager3 - WARNING - [CNTManager3] 실패 - FACIAL_R_HairA5.drawstyle: setAttr: No object matches name: FACIAL_R_HairA5.drawstyle

2026-07-08 17:24:59 - MayaTools.CNTManager3 - WARNING - [CNTManager3] 실패 - FACIAL_L_HairA6.drawstyle: setAttr: No object matches name: FACIAL_L_HairA6.drawstyle

2026-07-08 17:24:59 - MayaTools.CNTManager3 - WARNING - [CNTManager3] 실패 - FACIAL_R_HairA6.drawstyle: setAttr: No object matches name: FACIAL_R_HairA6.drawstyle

2026-07-08 17:24:59 - MayaTools.CNTManager3 - WARNING - [CNTManager3] 실패 - FACIAL_L_HairB1.drawstyle: setAttr: No object matches name: FACIAL_L_HairB1.drawstyle

2026-07-08 17:24:59 - MayaTools.CNTManager3 - WARNING - [CNTManager3] 실패 - FACIAL_R_HairB1.drawstyle: setAttr: No object matches name: FACIAL_R_HairB1.drawstyle

2026-07-08 17:24:59 - MayaTools.CNTManager3 - WARNING - [CNTManager3] 실패 - FACIAL_L_HairB2.drawstyle: setAttr: No object matches name: FACIAL_L_HairB2.drawstyle

2026-07-08 17:24:59 - MayaTools.CNTManager3 - WARNING - [CNTManager3] 실패 - FACIAL_R_HairB2.drawstyle: setAttr: No object matches name: FACIAL_R_HairB2.drawstyle

2026-07-08 17:24:59 - MayaTools.CNTManager3 - WARNING - [CNTManager3] 실패 - FACIAL_L_HairB3.drawstyle: setAttr: No object matches name: FACIAL_L_HairB3.drawstyle

2026-07-08 17:24:59 - MayaTools.CNTManager3 - WARNING - [CNTManager3] 실패 - FACIAL_R_HairB3.drawstyle: setAttr: No object matches name: FACIAL_R_HairB3.drawstyle

2026-07-08 17:24:59 - MayaTools.CNTManager3 - WARNING - [CNTManager3] 실패 - FACIAL_L_HairB4.drawstyle: setAttr: No object matches name: FACIAL_L_HairB4.drawstyle

2026-07-08 17:24:59 - MayaTools.CNTManager3 - WARNING - [CNTManager3] 실패 - FACIAL_R_HairB4.drawstyle: setAttr: No object matches name: FACIAL_R_HairB4.drawstyle

2026-07-08 17:24:59 - MayaTools.CNTManager3 - WARNING - [CNTManager3] 실패 - FACIAL_L_HairB5.drawstyle: setAttr: No object matches name: FACIAL_L_HairB5.drawstyle

2026-07-08 17:24:59 - MayaTools.CNTManager3 - WARNING - [CNTManager3] 실패 - FACIAL_R_HairB5.drawstyle: setAttr: No object matches name: FACIAL_R_HairB5.drawstyle

2026-07-08 17:24:59 - MayaTools.CNTManager3 - WARNING - [CNTManager3] 실패 - FACIAL_L_Temple.drawstyle: setAttr: No object matches name: FACIAL_L_Temple.drawstyle

2026-07-08 17:24:59 - MayaTools.CNTManager3 - WARNING - [CNTManager3] 실패 - FACIAL_R_Temple.drawstyle: setAttr: No object matches name: FACIAL_R_Temple.drawstyle

2026-07-08 17:24:59 - MayaTools.CNTManager3 - WARNING - [CNTManager3] 실패 - FACIAL_L_12IPV_Temple1.drawstyle: setAttr: No object matches name: FACIAL_L_12IPV_Temple1.drawstyle

2026-07-08 17:24:59 - MayaTools.CNTManager3 - WARNING - [CNTManager3] 실패 - FACIAL_R_12IPV_Temple1.drawstyle: setAttr: No object matches name: FACIAL_R_12IPV_Temple1.drawstyle

2026-07-08 17:24:59 - MayaTools.CNTManager3 - WARNING - [CNTManager3] 실패 - FACIAL_L_12IPV_Temple2.drawstyle: setAttr: No object matches name: FACIAL_L_12IPV_Temple2.drawstyle

2026-07-08 17:24:59 - MayaTools.CNTManager3 - WARNING - [CNTManager3] 실패 - FACIAL_R_12IPV_Temple2.drawstyle: setAttr: No object matches name: FACIAL_R_12IPV_Temple2.drawstyle

2026-07-08 17:24:59 - MayaTools.CNTManager3 - WARNING - [CNTManager3] 실패 - FACIAL_L_12IPV_Temple3.drawstyle: setAttr: No object matches name: FACIAL_L_12IPV_Temple3.drawstyle

2026-07-08 17:24:59 - MayaTools.CNTManager3 - WARNING - [CNTManager3] 실패 - FACIAL_R_12IPV_Temple3.drawstyle: setAttr: No object matches name: FACIAL_R_12IPV_Temple3.drawstyle

2026-07-08 17:24:59 - MayaTools.CNTManager3 - WARNING - [CNTManager3] 실패 - FACIAL_L_12IPV_Temple4.drawstyle: setAttr: No object matches name: FACIAL_L_12IPV_Temple4.drawstyle

2026-07-08 17:24:59 - MayaTools.CNTManager3 - WARNING - [CNTManager3] 실패 - FACIAL_R_12IPV_Temple4.drawstyle: setAttr: No object matches name: FACIAL_R_12IPV_Temple4.drawstyle

2026-07-08 17:24:59 - MayaTools.CNTManager3 - WARNING - [CNTManager3] 실패 - FACIAL_L_HairC1.drawstyle: setAttr: No object matches name: FACIAL_L_HairC1.drawstyle

2026-07-08 17:24:59 - MayaTools.CNTManager3 - WARNING - [CNTManager3] 실패 - FACIAL_R_HairC1.drawstyle: setAttr: No object matches name: FACIAL_R_HairC1.drawstyle

2026-07-08 17:24:59 - MayaTools.CNTManager3 - WARNING - [CNTManager3] 실패 - FACIAL_L_HairC2.drawstyle: setAttr: No object matches name: FACIAL_L_HairC2.drawstyle

2026-07-08 17:24:59 - MayaTools.CNTManager3 - WARNING - [CNTManager3] 실패 - FACIAL_R_HairC2.drawstyle: setAttr: No object matches name: FACIAL_R_HairC2.drawstyle

2026-07-08 17:24:59 - MayaTools.CNTManager3 - WARNING - [CNTManager3] 실패 - FACIAL_L_HairC3.drawstyle: setAttr: No object matches name: FACIAL_L_HairC3.drawstyle

2026-07-08 17:24:59 - MayaTools.CNTManager3 - WARNING - [CNTManager3] 실패 - FACIAL_R_HairC3.drawstyle: setAttr: No object matches name: FACIAL_R_HairC3.drawstyle

2026-07-08 17:24:59 - MayaTools.CNTManager3 - WARNING - [CNTManager3] 실패 - FACIAL_L_HairC4.drawstyle: setAttr: No object matches name: FACIAL_L_HairC4.drawstyle

2026-07-08 17:24:59 - MayaTools.CNTManager3 - WARNING - [CNTManager3] 실패 - FACIAL_R_HairC4.drawstyle: setAttr: No object matches name: FACIAL_R_HairC4.drawstyle

2026-07-08 17:24:59 - MayaTools.CNTManager3 - WARNING - [CNTManager3] 실패 - FACIAL_L_Sideburn1.drawstyle: setAttr: No object matches name: FACIAL_L_Sideburn1.drawstyle

2026-07-08 17:24:59 - MayaTools.CNTManager3 - WARNING - [CNTManager3] 실패 - FACIAL_R_Sideburn1.drawstyle: setAttr: No object matches name: FACIAL_R_Sideburn1.drawstyle

2026-07-08 17:24:59 - MayaTools.CNTManager3 - WARNING - [CNTManager3] 실패 - FACIAL_L_Sideburn2.drawstyle: setAttr: No object matches name: FACIAL_L_Sideburn2.drawstyle

2026-07-08 17:24:59 - MayaTools.CNTManager3 - WARNING - [CNTManager3] 실패 - FACIAL_R_Sideburn2.drawstyle: setAttr: No object matches name: FACIAL_R_Sideburn2.drawstyle

2026-07-08 17:24:59 - MayaTools.CNTManager3 - WARNING - [CNTManager3] 실패 - FACIAL_L_Sideburn3.drawstyle: setAttr: No object matches name: FACIAL_L_Sideburn3.drawstyle

2026-07-08 17:24:59 - MayaTools.CNTManager3 - WARNING - [CNTManager3] 실패 - FACIAL_R_Sideburn3.drawstyle: setAttr: No object matches name: FACIAL_R_Sideburn3.drawstyle

2026-07-08 17:24:59 - MayaTools.CNTManager3 - WARNING - [CNTManager3] 실패 - FACIAL_L_Sideburn4.drawstyle: setAttr: No object matches name: FACIAL_L_Sideburn4.drawstyle

2026-07-08 17:24:59 - MayaTools.CNTManager3 - WARNING - [CNTManager3] 실패 - FACIAL_R_Sideburn4.drawstyle: setAttr: No object matches name: FACIAL_R_Sideburn4.drawstyle

2026-07-08 17:24:59 - MayaTools.CNTManager3 - WARNING - [CNTManager3] 실패 - FACIAL_L_Sideburn5.drawstyle: setAttr: No object matches name: FACIAL_L_Sideburn5.drawstyle

2026-07-08 17:24:59 - MayaTools.CNTManager3 - WARNING - [CNTManager3] 실패 - FACIAL_R_Sideburn5.drawstyle: setAttr: No object matches name: FACIAL_R_Sideburn5.drawstyle

2026-07-08 17:24:59 - MayaTools.CNTManager3 - WARNING - [CNTManager3] 실패 - FACIAL_L_Sideburn6.drawstyle: setAttr: No object matches name: FACIAL_L_Sideburn6.drawstyle

2026-07-08 17:24:59 - MayaTools.CNTManager3 - WARNING - [CNTManager3] 실패 - FACIAL_R_Sideburn6.drawstyle: setAttr: No object matches name: FACIAL_R_Sideburn6.drawstyle

2026-07-08 17:24:59 - MayaTools.CNTManager3 - WARNING - [CNTManager3] 실패 - FACIAL_C_ForeheadSkin.drawstyle: setAttr: No object matches name: FACIAL_C_ForeheadSkin.drawstyle

2026-07-08 17:24:59 - MayaTools.CNTManager3 - WARNING - [CNTManager3] 실패 - FACIAL_L_ForeheadInSkin.drawstyle: setAttr: No object matches name: FACIAL_L_ForeheadInSkin.drawstyle

2026-07-08 17:24:59 - MayaTools.CNTManager3 - WARNING - [CNTManager3] 실패 - FACIAL_R_ForeheadInSkin.drawstyle: setAttr: No object matches name: FACIAL_R_ForeheadInSkin.drawstyle

2026-07-08 17:24:59 - MayaTools.CNTManager3 - WARNING - [CNTManager3] 실패 - FACIAL_L_12IPV_ForeheadSkin1.drawstyle: setAttr: No object matches name: FACIAL_L_12IPV_ForeheadSkin1.drawstyle

2026-07-08 17:24:59 - MayaTools.CNTManager3 - WARNING - [CNTManager3] 실패 - FACIAL_R_12IPV_ForeheadSkin1.drawstyle: setAttr: No object matches name: FACIAL_R_12IPV_ForeheadSkin1.drawstyle

2026-07-08 17:24:59 - MayaTools.CNTManager3 - WARNING - [CNTManager3] 실패 - FACIAL_L_12IPV_ForeheadSkin2.drawstyle: setAttr: No object matches name: FACIAL_L_12IPV_ForeheadSkin2.drawstyle

2026-07-08 17:24:59 - MayaTools.CNTManager3 - WARNING - [CNTManager3] 실패 - FACIAL_R_12IPV_ForeheadSkin2.drawstyle: setAttr: No object matches name: FACIAL_R_12IPV_ForeheadSkin2.drawstyle

2026-07-08 17:24:59 - MayaTools.CNTManager3 - WARNING - [CNTManager3] 실패 - FACIAL_L_12IPV_ForeheadSkin3.drawstyle: setAttr: No object matches name: FACIAL_L_12IPV_ForeheadSkin3.drawstyle

2026-07-08 17:24:59 - MayaTools.CNTManager3 - WARNING - [CNTManager3] 실패 - FACIAL_R_12IPV_ForeheadSkin3.drawstyle: setAttr: No object matches name: FACIAL_R_12IPV_ForeheadSkin3.drawstyle

2026-07-08 17:24:59 - MayaTools.CNTManager3 - WARNING - [CNTManager3] 실패 - FACIAL_L_12IPV_ForeheadSkin4.drawstyle: setAttr: No object matches name: FACIAL_L_12IPV_ForeheadSkin4.drawstyle

2026-07-08 17:24:59 - MayaTools.CNTManager3 - WARNING - [CNTManager3] 실패 - FACIAL_R_12IPV_ForeheadSkin4.drawstyle: setAttr: No object matches name: FACIAL_R_12IPV_ForeheadSkin4.drawstyle

2026-07-08 17:24:59 - MayaTools.CNTManager3 - WARNING - [CNTManager3] 실패 - FACIAL_L_12IPV_ForeheadSkin5.drawstyle: setAttr: No object matches name: FACIAL_L_12IPV_ForeheadSkin5.drawstyle

2026-07-08 17:24:59 - MayaTools.CNTManager3 - WARNING - [CNTManager3] 실패 - FACIAL_R_12IPV_ForeheadSkin5.drawstyle: setAttr: No object matches name: FACIAL_R_12IPV_ForeheadSkin5.drawstyle

2026-07-08 17:24:59 - MayaTools.CNTManager3 - WARNING - [CNTManager3] 실패 - FACIAL_L_12IPV_ForeheadSkin6.drawstyle: setAttr: No object matches name: FACIAL_L_12IPV_ForeheadSkin6.drawstyle

2026-07-08 17:24:59 - MayaTools.CNTManager3 - WARNING - [CNTManager3] 실패 - FACIAL_R_12IPV_ForeheadSkin6.drawstyle: setAttr: No object matches name: FACIAL_R_12IPV_ForeheadSkin6.drawstyle

2026-07-08 17:24:59 - MayaTools.CNTManager3 - WARNING - [CNTManager3] 실패 - FACIAL_L_ForeheadMidSkin.drawstyle: setAttr: No object matches name: FACIAL_L_ForeheadMidSkin.drawstyle

2026-07-08 17:24:59 - MayaTools.CNTManager3 - WARNING - [CNTManager3] 실패 - FACIAL_R_ForeheadMidSkin.drawstyle: setAttr: No object matches name: FACIAL_R_ForeheadMidSkin.drawstyle

2026-07-08 17:24:59 - MayaTools.CNTManager3 - WARNING - [CNTManager3] 실패 - FACIAL_L_ForeheadOutSkin.drawstyle: setAttr: No object matches name: FACIAL_L_ForeheadOutSkin.drawstyle

2026-07-08 17:24:59 - MayaTools.CNTManager3 - WARNING - [CNTManager3] 실패 - FACIAL_R_ForeheadOutSkin.drawstyle: setAttr: No object matches name: FACIAL_R_ForeheadOutSkin.drawstyle

2026-07-08 17:24:59 - MayaTools.CNTManager3 - WARNING - [CNTManager3] 실패 - FACIAL_C_Skull.drawstyle: setAttr: No object matches name: FACIAL_C_Skull.drawstyle

2026-07-08 17:24:59 - MayaTools.CNTManager3 - WARNING - [CNTManager3] 실패 - FACIAL_C_Forehead.drawstyle: setAttr: No object matches name: FACIAL_C_Forehead.drawstyle

2026-07-08 17:24:59 - MayaTools.CNTManager3 - WARNING - [CNTManager3] 실패 - FACIAL_C_Forehead1.drawstyle: setAttr: No object matches name: FACIAL_C_Forehead1.drawstyle

2026-07-08 17:24:59 - MayaTools.CNTManager3 - WARNING - [CNTManager3] 실패 - FACIAL_L_Forehead1.drawstyle: setAttr: No object matches name: FACIAL_L_Forehead1.drawstyle

2026-07-08 17:24:59 - MayaTools.CNTManager3 - WARNING - [CNTManager3] 실패 - FACIAL_R_Forehead1.drawstyle: setAttr: No object matches name: FACIAL_R_Forehead1.drawstyle

2026-07-08 17:24:59 - MayaTools.CNTManager3 - WARNING - [CNTManager3] 실패 - FACIAL_C_Forehead2.drawstyle: setAttr: No object matches name: FACIAL_C_Forehead2.drawstyle

2026-07-08 17:24:59 - MayaTools.CNTManager3 - WARNING - [CNTManager3] 실패 - FACIAL_L_Forehead2.drawstyle: setAttr: No object matches name: FACIAL_L_Forehead2.drawstyle

2026-07-08 17:24:59 - MayaTools.CNTManager3 - WARNING - [CNTManager3] 실패 - FACIAL_R_Forehead2.drawstyle: setAttr: No object matches name: FACIAL_R_Forehead2.drawstyle

2026-07-08 17:24:59 - MayaTools.CNTManager3 - WARNING - [CNTManager3] 실패 - FACIAL_C_Forehead3.drawstyle: setAttr: No object matches name: FACIAL_C_Forehead3.drawstyle

2026-07-08 17:24:59 - MayaTools.CNTManager3 - WARNING - [CNTManager3] 실패 - FACIAL_L_Forehead3.drawstyle: setAttr: No object matches name: FACIAL_L_Forehead3.drawstyle

2026-07-08 17:24:59 - MayaTools.CNTManager3 - WARNING - [CNTManager3] 실패 - FACIAL_R_Forehead3.drawstyle: setAttr: No object matches name: FACIAL_R_Forehead3.drawstyle

2026-07-08 17:24:59 - MayaTools.CNTManager3 - WARNING - [CNTManager3] 실패 - FACIAL_C_12IPV_Forehead1.drawstyle: setAttr: No object matches name: FACIAL_C_12IPV_Forehead1.drawstyle

2026-07-08 17:24:59 - MayaTools.CNTManager3 - WARNING - [CNTManager3] 실패 - FACIAL_L_12IPV_Forehead1.drawstyle: setAttr: No object matches name: FACIAL_L_12IPV_Forehead1.drawstyle

2026-07-08 17:24:59 - MayaTools.CNTManager3 - WARNING - [CNTManager3] 실패 - FACIAL_R_12IPV_Forehead1.drawstyle: setAttr: No object matches name: FACIAL_R_12IPV_Forehead1.drawstyle

2026-07-08 17:24:59 - MayaTools.CNTManager3 - WARNING - [CNTManager3] 실패 - FACIAL_C_12IPV_Forehead2.drawstyle: setAttr: No object matches name: FACIAL_C_12IPV_Forehead2.drawstyle

2026-07-08 17:24:59 - MayaTools.CNTManager3 - WARNING - [CNTManager3] 실패 - FACIAL_L_12IPV_Forehead2.drawstyle: setAttr: No object matches name: FACIAL_L_12IPV_Forehead2.drawstyle

2026-07-08 17:24:59 - MayaTools.CNTManager3 - WARNING - [CNTManager3] 실패 - FACIAL_R_12IPV_Forehead2.drawstyle: setAttr: No object matches name: FACIAL_R_12IPV_Forehead2.drawstyle

2026-07-08 17:24:59 - MayaTools.CNTManager3 - WARNING - [CNTManager3] 실패 - FACIAL_C_12IPV_Forehead3.drawstyle: setAttr: No object matches name: FACIAL_C_12IPV_Forehead3.drawstyle

2026-07-08 17:24:59 - MayaTools.CNTManager3 - WARNING - [CNTManager3] 실패 - FACIAL_L_12IPV_Forehead3.drawstyle: setAttr: No object matches name: FACIAL_L_12IPV_Forehead3.drawstyle

2026-07-08 17:24:59 - MayaTools.CNTManager3 - WARNING - [CNTManager3] 실패 - FACIAL_R_12IPV_Forehead3.drawstyle: setAttr: No object matches name: FACIAL_R_12IPV_Forehead3.drawstyle

2026-07-08 17:24:59 - MayaTools.CNTManager3 - WARNING - [CNTManager3] 실패 - FACIAL_C_12IPV_Forehead4.drawstyle: setAttr: No object matches name: FACIAL_C_12IPV_Forehead4.drawstyle

2026-07-08 17:24:59 - MayaTools.CNTManager3 - WARNING - [CNTManager3] 실패 - FACIAL_L_12IPV_Forehead4.drawstyle: setAttr: No object matches name: FACIAL_L_12IPV_Forehead4.drawstyle

2026-07-08 17:24:59 - MayaTools.CNTManager3 - WARNING - [CNTManager3] 실패 - FACIAL_R_12IPV_Forehead4.drawstyle: setAttr: No object matches name: FACIAL_R_12IPV_Forehead4.drawstyle

2026-07-08 17:24:59 - MayaTools.CNTManager3 - WARNING - [CNTManager3] 실패 - FACIAL_C_12IPV_Forehead5.drawstyle: setAttr: No object matches name: FACIAL_C_12IPV_Forehead5.drawstyle

2026-07-08 17:24:59 - MayaTools.CNTManager3 - WARNING - [CNTManager3] 실패 - FACIAL_L_12IPV_Forehead5.drawstyle: setAttr: No object matches name: FACIAL_L_12IPV_Forehead5.drawstyle

2026-07-08 17:24:59 - MayaTools.CNTManager3 - WARNING - [CNTManager3] 실패 - FACIAL_R_12IPV_Forehead5.drawstyle: setAttr: No object matches name: FACIAL_R_12IPV_Forehead5.drawstyle

2026-07-08 17:24:59 - MayaTools.CNTManager3 - WARNING - [CNTManager3] 실패 - FACIAL_C_12IPV_Forehead6.drawstyle: setAttr: No object matches name: FACIAL_C_12IPV_Forehead6.drawstyle

2026-07-08 17:24:59 - MayaTools.CNTManager3 - WARNING - [CNTManager3] 실패 - FACIAL_L_12IPV_Forehead6.drawstyle: setAttr: No object matches name: FACIAL_L_12IPV_Forehead6.drawstyle

2026-07-08 17:24:59 - MayaTools.CNTManager3 - WARNING - [CNTManager3] 실패 - FACIAL_R_12IPV_Forehead6.drawstyle: setAttr: No object matches name: FACIAL_R_12IPV_Forehead6.drawstyle

2026-07-08 17:24:59 - MayaTools.CNTManager3 - WARNING - [CNTManager3] 실패 - FACIAL_L_ForeheadIn.drawstyle: setAttr: No object matches name: FACIAL_L_ForeheadIn.drawstyle

2026-07-08 17:24:59 - MayaTools.CNTManager3 - WARNING - [CNTManager3] 실패 - FACIAL_L_ForeheadInA1.drawstyle: setAttr: No object matches name: FACIAL_L_ForeheadInA1.drawstyle

2026-07-08 17:24:59 - MayaTools.CNTManager3 - WARNING - [CNTManager3] 실패 - FACIAL_L_ForeheadInA2.drawstyle: setAttr: No object matches name: FACIAL_L_ForeheadInA2.drawstyle

2026-07-08 17:24:59 - MayaTools.CNTManager3 - WARNING - [CNTManager3] 실패 - FACIAL_L_ForeheadInA3.drawstyle: setAttr: No object matches name: FACIAL_L_ForeheadInA3.drawstyle

2026-07-08 17:24:59 - MayaTools.CNTManager3 - WARNING - [CNTManager3] 실패 - FACIAL_L_ForeheadInB1.drawstyle: setAttr: No object matches name: FACIAL_L_ForeheadInB1.drawstyle

2026-07-08 17:24:59 - MayaTools.CNTManager3 - WARNING - [CNTManager3] 실패 - FACIAL_L_ForeheadInB2.drawstyle: setAttr: No object matches name: FACIAL_L_ForeheadInB2.drawstyle

2026-07-08 17:24:59 - MayaTools.CNTManager3 - WARNING - [CNTManager3] 실패 - FACIAL_L_12IPV_ForeheadIn1.drawstyle: setAttr: No object matches name: FACIAL_L_12IPV_ForeheadIn1.drawstyle

2026-07-08 17:24:59 - MayaTools.CNTManager3 - WARNING - [CNTManager3] 실패 - FACIAL_L_12IPV_ForeheadIn2.drawstyle: setAttr: No object matches name: FACIAL_L_12IPV_ForeheadIn2.drawstyle

2026-07-08 17:24:59 - MayaTools.CNTManager3 - WARNING - [CNTManager3] 실패 - FACIAL_L_12IPV_ForeheadIn3.drawstyle: setAttr: No object matches name: FACIAL_L_12IPV_ForeheadIn3.drawstyle

2026-07-08 17:24:59 - MayaTools.CNTManager3 - WARNING - [CNTManager3] 실패 - FACIAL_L_12IPV_ForeheadIn4.drawstyle: setAttr: No object matches name: FACIAL_L_12IPV_ForeheadIn4.drawstyle

2026-07-08 17:24:59 - MayaTools.CNTManager3 - WARNING - [CNTManager3] 실패 - FACIAL_L_12IPV_ForeheadIn5.drawstyle: setAttr: No object matches name: FACIAL_L_12IPV_ForeheadIn5.drawstyle

2026-07-08 17:24:59 - MayaTools.CNTManager3 - WARNING - [CNTManager3] 실패 - FACIAL_L_12IPV_ForeheadIn6.drawstyle: setAttr: No object matches name: FACIAL_L_12IPV_ForeheadIn6.drawstyle

2026-07-08 17:24:59 - MayaTools.CNTManager3 - WARNING - [CNTManager3] 실패 - FACIAL_L_12IPV_ForeheadIn7.drawstyle: setAttr: No object matches name: FACIAL_L_12IPV_ForeheadIn7.drawstyle

2026-07-08 17:24:59 - MayaTools.CNTManager3 - WARNING - [CNTManager3] 실패 - FACIAL_L_12IPV_ForeheadIn8.drawstyle: setAttr: No object matches name: FACIAL_L_12IPV_ForeheadIn8.drawstyle

2026-07-08 17:24:59 - MayaTools.CNTManager3 - WARNING - [CNTManager3] 실패 - FACIAL_L_12IPV_ForeheadIn9.drawstyle: setAttr: No object matches name: FACIAL_L_12IPV_ForeheadIn9.drawstyle

2026-07-08 17:24:59 - MayaTools.CNTManager3 - WARNING - [CNTManager3] 실패 - FACIAL_L_12IPV_ForeheadIn10.drawstyle: setAttr: No object matches name: FACIAL_L_12IPV_ForeheadIn10.drawstyle

2026-07-08 17:24:59 - MayaTools.CNTManager3 - WARNING - [CNTManager3] 실패 - FACIAL_L_12IPV_ForeheadIn11.drawstyle: setAttr: No object matches name: FACIAL_L_12IPV_ForeheadIn11.drawstyle

2026-07-08 17:24:59 - MayaTools.CNTManager3 - WARNING - [CNTManager3] 실패 - FACIAL_L_12IPV_ForeheadIn12.drawstyle: setAttr: No object matches name: FACIAL_L_12IPV_ForeheadIn12.drawstyle

2026-07-08 17:24:59 - MayaTools.CNTManager3 - WARNING - [CNTManager3] 실패 - FACIAL_L_12IPV_ForeheadIn13.drawstyle: setAttr: No object matches name: FACIAL_L_12IPV_ForeheadIn13.drawstyle

2026-07-08 17:24:59 - MayaTools.CNTManager3 - WARNING - [CNTManager3] 실패 - FACIAL_L_12IPV_ForeheadIn14.drawstyle: setAttr: No object matches name: FACIAL_L_12IPV_ForeheadIn14.drawstyle

2026-07-08 17:24:59 - MayaTools.CNTManager3 - WARNING - [CNTManager3] 실패 - FACIAL_R_ForeheadIn.drawstyle: setAttr: No object matches name: FACIAL_R_ForeheadIn.drawstyle

2026-07-08 17:24:59 - MayaTools.CNTManager3 - WARNING - [CNTManager3] 실패 - FACIAL_R_ForeheadInA1.drawstyle: setAttr: No object matches name: FACIAL_R_ForeheadInA1.drawstyle

2026-07-08 17:24:59 - MayaTools.CNTManager3 - WARNING - [CNTManager3] 실패 - FACIAL_R_ForeheadInA2.drawstyle: setAttr: No object matches name: FACIAL_R_ForeheadInA2.drawstyle

2026-07-08 17:24:59 - MayaTools.CNTManager3 - WARNING - [CNTManager3] 실패 - FACIAL_R_ForeheadInA3.drawstyle: setAttr: No object matches name: FACIAL_R_ForeheadInA3.drawstyle

2026-07-08 17:24:59 - MayaTools.CNTManager3 - WARNING - [CNTManager3] 실패 - FACIAL_R_ForeheadInB1.drawstyle: setAttr: No object matches name: FACIAL_R_ForeheadInB1.drawstyle

2026-07-08 17:24:59 - MayaTools.CNTManager3 - WARNING - [CNTManager3] 실패 - FACIAL_R_ForeheadInB2.drawstyle: setAttr: No object matches name: FACIAL_R_ForeheadInB2.drawstyle

2026-07-08 17:24:59 - MayaTools.CNTManager3 - WARNING - [CNTManager3] 실패 - FACIAL_R_12IPV_ForeheadIn1.drawstyle: setAttr: No object matches name: FACIAL_R_12IPV_ForeheadIn1.drawstyle

2026-07-08 17:24:59 - MayaTools.CNTManager3 - WARNING - [CNTManager3] 실패 - FACIAL_R_12IPV_ForeheadIn2.drawstyle: setAttr: No object matches name: FACIAL_R_12IPV_ForeheadIn2.drawstyle

2026-07-08 17:24:59 - MayaTools.CNTManager3 - WARNING - [CNTManager3] 실패 - FACIAL_R_12IPV_ForeheadIn3.drawstyle: setAttr: No object matches name: FACIAL_R_12IPV_ForeheadIn3.drawstyle

2026-07-08 17:24:59 - MayaTools.CNTManager3 - WARNING - [CNTManager3] 실패 - FACIAL_R_12IPV_ForeheadIn5.drawstyle: setAttr: No object matches name: FACIAL_R_12IPV_ForeheadIn5.drawstyle

2026-07-08 17:24:59 - MayaTools.CNTManager3 - WARNING - [CNTManager3] 실패 - FACIAL_R_12IPV_ForeheadIn4.drawstyle: setAttr: No object matches name: FACIAL_R_12IPV_ForeheadIn4.drawstyle

2026-07-08 17:24:59 - MayaTools.CNTManager3 - WARNING - [CNTManager3] 실패 - FACIAL_R_12IPV_ForeheadIn6.drawstyle: setAttr: No object matches name: FACIAL_R_12IPV_ForeheadIn6.drawstyle

2026-07-08 17:24:59 - MayaTools.CNTManager3 - WARNING - [CNTManager3] 실패 - FACIAL_R_12IPV_ForeheadIn7.drawstyle: setAttr: No object matches name: FACIAL_R_12IPV_ForeheadIn7.drawstyle

2026-07-08 17:24:59 - MayaTools.CNTManager3 - WARNING - [CNTManager3] 실패 - FACIAL_R_12IPV_ForeheadIn8.drawstyle: setAttr: No object matches name: FACIAL_R_12IPV_ForeheadIn8.drawstyle

2026-07-08 17:24:59 - MayaTools.CNTManager3 - WARNING - [CNTManager3] 실패 - FACIAL_R_12IPV_ForeheadIn9.drawstyle: setAttr: No object matches name: FACIAL_R_12IPV_ForeheadIn9.drawstyle

2026-07-08 17:24:59 - MayaTools.CNTManager3 - WARNING - [CNTManager3] 실패 - FACIAL_R_12IPV_ForeheadIn10.drawstyle: setAttr: No object matches name: FACIAL_R_12IPV_ForeheadIn10.drawstyle

2026-07-08 17:24:59 - MayaTools.CNTManager3 - WARNING - [CNTManager3] 실패 - FACIAL_R_12IPV_ForeheadIn12.drawstyle: setAttr: No object matches name: FACIAL_R_12IPV_ForeheadIn12.drawstyle

2026-07-08 17:24:59 - MayaTools.CNTManager3 - WARNING - [CNTManager3] 실패 - FACIAL_R_12IPV_ForeheadIn11.drawstyle: setAttr: No object matches name: FACIAL_R_12IPV_ForeheadIn11.drawstyle

2026-07-08 17:24:59 - MayaTools.CNTManager3 - WARNING - [CNTManager3] 실패 - FACIAL_R_12IPV_ForeheadIn13.drawstyle: setAttr: No object matches name: FACIAL_R_12IPV_ForeheadIn13.drawstyle

2026-07-08 17:24:59 - MayaTools.CNTManager3 - WARNING - [CNTManager3] 실패 - FACIAL_R_12IPV_ForeheadIn14.drawstyle: setAttr: No object matches name: FACIAL_R_12IPV_ForeheadIn14.drawstyle

2026-07-08 17:24:59 - MayaTools.CNTManager3 - WARNING - [CNTManager3] 실패 - FACIAL_L_ForeheadMid.drawstyle: setAttr: No object matches name: FACIAL_L_ForeheadMid.drawstyle

2026-07-08 17:24:59 - MayaTools.CNTManager3 - WARNING - [CNTManager3] 실패 - FACIAL_L_ForeheadMid1.drawstyle: setAttr: No object matches name: FACIAL_L_ForeheadMid1.drawstyle

2026-07-08 17:24:59 - MayaTools.CNTManager3 - WARNING - [CNTManager3] 실패 - FACIAL_L_ForeheadMid2.drawstyle: setAttr: No object matches name: FACIAL_L_ForeheadMid2.drawstyle

2026-07-08 17:24:59 - MayaTools.CNTManager3 - WARNING - [CNTManager3] 실패 - FACIAL_L_12IPV_ForeheadMid15.drawstyle: setAttr: No object matches name: FACIAL_L_12IPV_ForeheadMid15.drawstyle

2026-07-08 17:24:59 - MayaTools.CNTManager3 - WARNING - [CNTManager3] 실패 - FACIAL_L_12IPV_ForeheadMid16.drawstyle: setAttr: No object matches name: FACIAL_L_12IPV_ForeheadMid16.drawstyle

2026-07-08 17:24:59 - MayaTools.CNTManager3 - WARNING - [CNTManager3] 실패 - FACIAL_L_12IPV_ForeheadMid17.drawstyle: setAttr: No object matches name: FACIAL_L_12IPV_ForeheadMid17.drawstyle

2026-07-08 17:24:59 - MayaTools.CNTManager3 - WARNING - [CNTManager3] 실패 - FACIAL_L_12IPV_ForeheadMid18.drawstyle: setAttr: No object matches name: FACIAL_L_12IPV_ForeheadMid18.drawstyle

2026-07-08 17:24:59 - MayaTools.CNTManager3 - WARNING - [CNTManager3] 실패 - FACIAL_L_12IPV_ForeheadMid19.drawstyle: setAttr: No object matches name: FACIAL_L_12IPV_ForeheadMid19.drawstyle

2026-07-08 17:24:59 - MayaTools.CNTManager3 - WARNING - [CNTManager3] 실패 - FACIAL_L_12IPV_ForeheadMid20.drawstyle: setAttr: No object matches name: FACIAL_L_12IPV_ForeheadMid20.drawstyle

2026-07-08 17:24:59 - MayaTools.CNTManager3 - WARNING - [CNTManager3] 실패 - FACIAL_L_12IPV_ForeheadMid21.drawstyle: setAttr: No object matches name: FACIAL_L_12IPV_ForeheadMid21.drawstyle

2026-07-08 17:24:59 - MayaTools.CNTManager3 - WARNING - [CNTManager3] 실패 - FACIAL_L_12IPV_ForeheadMid22.drawstyle: setAttr: No object matches name: FACIAL_L_12IPV_ForeheadMid22.drawstyle

2026-07-08 17:24:59 - MayaTools.CNTManager3 - WARNING - [CNTManager3] 실패 - FACIAL_R_ForeheadMid.drawstyle: setAttr: No object matches name: FACIAL_R_ForeheadMid.drawstyle

2026-07-08 17:24:59 - MayaTools.CNTManager3 - WARNING - [CNTManager3] 실패 - FACIAL_R_ForeheadMid1.drawstyle: setAttr: No object matches name: FACIAL_R_ForeheadMid1.drawstyle

2026-07-08 17:24:59 - MayaTools.CNTManager3 - WARNING - [CNTManager3] 실패 - FACIAL_R_ForeheadMid2.drawstyle: setAttr: No object matches name: FACIAL_R_ForeheadMid2.drawstyle

2026-07-08 17:24:59 - MayaTools.CNTManager3 - WARNING - [CNTManager3] 실패 - FACIAL_R_12IPV_ForeheadMid15.drawstyle: setAttr: No object matches name: FACIAL_R_12IPV_ForeheadMid15.drawstyle

2026-07-08 17:24:59 - MayaTools.CNTManager3 - WARNING - [CNTManager3] 실패 - FACIAL_R_12IPV_ForeheadMid16.drawstyle: setAttr: No object matches name: FACIAL_R_12IPV_ForeheadMid16.drawstyle

2026-07-08 17:24:59 - MayaTools.CNTManager3 - WARNING - [CNTManager3] 실패 - FACIAL_R_12IPV_ForeheadMid17.drawstyle: setAttr: No object matches name: FACIAL_R_12IPV_ForeheadMid17.drawstyle

2026-07-08 17:24:59 - MayaTools.CNTManager3 - WARNING - [CNTManager3] 실패 - FACIAL_R_12IPV_ForeheadMid18.drawstyle: setAttr: No object matches name: FACIAL_R_12IPV_ForeheadMid18.drawstyle

2026-07-08 17:24:59 - MayaTools.CNTManager3 - WARNING - [CNTManager3] 실패 - FACIAL_R_12IPV_ForeheadMid19.drawstyle: setAttr: No object matches name: FACIAL_R_12IPV_ForeheadMid19.drawstyle

2026-07-08 17:24:59 - MayaTools.CNTManager3 - WARNING - [CNTManager3] 실패 - FACIAL_R_12IPV_ForeheadMid20.drawstyle: setAttr: No object matches name: FACIAL_R_12IPV_ForeheadMid20.drawstyle

2026-07-08 17:24:59 - MayaTools.CNTManager3 - WARNING - [CNTManager3] 실패 - FACIAL_R_12IPV_ForeheadMid21.drawstyle: setAttr: No object matches name: FACIAL_R_12IPV_ForeheadMid21.drawstyle

2026-07-08 17:24:59 - MayaTools.CNTManager3 - WARNING - [CNTManager3] 실패 - FACIAL_R_12IPV_ForeheadMid22.drawstyle: setAttr: No object matches name: FACIAL_R_12IPV_ForeheadMid22.drawstyle

2026-07-08 17:24:59 - MayaTools.CNTManager3 - WARNING - [CNTManager3] 실패 - FACIAL_L_ForeheadOut.drawstyle: setAttr: No object matches name: FACIAL_L_ForeheadOut.drawstyle

2026-07-08 17:24:59 - MayaTools.CNTManager3 - WARNING - [CNTManager3] 실패 - FACIAL_L_ForeheadOutA1.drawstyle: setAttr: No object matches name: FACIAL_L_ForeheadOutA1.drawstyle

2026-07-08 17:24:59 - MayaTools.CNTManager3 - WARNING - [CNTManager3] 실패 - FACIAL_L_ForeheadOutA2.drawstyle: setAttr: No object matches name: FACIAL_L_ForeheadOutA2.drawstyle

2026-07-08 17:24:59 - MayaTools.CNTManager3 - WARNING - [CNTManager3] 실패 - FACIAL_L_ForeheadOutB1.drawstyle: setAttr: No object matches name: FACIAL_L_ForeheadOutB1.drawstyle

2026-07-08 17:24:59 - MayaTools.CNTManager3 - WARNING - [CNTManager3] 실패 - FACIAL_L_ForeheadOutB2.drawstyle: setAttr: No object matches name: FACIAL_L_ForeheadOutB2.drawstyle

2026-07-08 17:24:59 - MayaTools.CNTManager3 - WARNING - [CNTManager3] 실패 - FACIAL_L_12IPV_ForeheadOut23.drawstyle: setAttr: No object matches name: FACIAL_L_12IPV_ForeheadOut23.drawstyle

2026-07-08 17:24:59 - MayaTools.CNTManager3 - WARNING - [CNTManager3] 실패 - FACIAL_L_12IPV_ForeheadOut24.drawstyle: setAttr: No object matches name: FACIAL_L_12IPV_ForeheadOut24.drawstyle

2026-07-08 17:24:59 - MayaTools.CNTManager3 - WARNING - [CNTManager3] 실패 - FACIAL_L_12IPV_ForeheadOut25.drawstyle: setAttr: No object matches name: FACIAL_L_12IPV_ForeheadOut25.drawstyle

2026-07-08 17:24:59 - MayaTools.CNTManager3 - WARNING - [CNTManager3] 실패 - FACIAL_L_12IPV_ForeheadOut26.drawstyle: setAttr: No object matches name: FACIAL_L_12IPV_ForeheadOut26.drawstyle

2026-07-08 17:24:59 - MayaTools.CNTManager3 - WARNING - [CNTManager3] 실패 - FACIAL_L_12IPV_ForeheadOut27.drawstyle: setAttr: No object matches name: FACIAL_L_12IPV_ForeheadOut27.drawstyle

2026-07-08 17:24:59 - MayaTools.CNTManager3 - WARNING - [CNTManager3] 실패 - FACIAL_L_12IPV_ForeheadOut28.drawstyle: setAttr: No object matches name: FACIAL_L_12IPV_ForeheadOut28.drawstyle

2026-07-08 17:24:59 - MayaTools.CNTManager3 - WARNING - [CNTManager3] 실패 - FACIAL_L_12IPV_ForeheadOut29.drawstyle: setAttr: No object matches name: FACIAL_L_12IPV_ForeheadOut29.drawstyle

2026-07-08 17:24:59 - MayaTools.CNTManager3 - WARNING - [CNTManager3] 실패 - FACIAL_L_12IPV_ForeheadOut30.drawstyle: setAttr: No object matches name: FACIAL_L_12IPV_ForeheadOut30.drawstyle

2026-07-08 17:24:59 - MayaTools.CNTManager3 - WARNING - [CNTManager3] 실패 - FACIAL_L_12IPV_ForeheadOut31.drawstyle: setAttr: No object matches name: FACIAL_L_12IPV_ForeheadOut31.drawstyle

2026-07-08 17:24:59 - MayaTools.CNTManager3 - WARNING - [CNTManager3] 실패 - FACIAL_L_12IPV_ForeheadOut32.drawstyle: setAttr: No object matches name: FACIAL_L_12IPV_ForeheadOut32.drawstyle

2026-07-08 17:24:59 - MayaTools.CNTManager3 - WARNING - [CNTManager3] 실패 - FACIAL_R_ForeheadOut.drawstyle: setAttr: No object matches name: FACIAL_R_ForeheadOut.drawstyle

2026-07-08 17:24:59 - MayaTools.CNTManager3 - WARNING - [CNTManager3] 실패 - FACIAL_R_ForeheadOutA1.drawstyle: setAttr: No object matches name: FACIAL_R_ForeheadOutA1.drawstyle

2026-07-08 17:24:59 - MayaTools.CNTManager3 - WARNING - [CNTManager3] 실패 - FACIAL_R_ForeheadOutA2.drawstyle: setAttr: No object matches name: FACIAL_R_ForeheadOutA2.drawstyle

2026-07-08 17:24:59 - MayaTools.CNTManager3 - WARNING - [CNTManager3] 실패 - FACIAL_R_ForeheadOutB1.drawstyle: setAttr: No object matches name: FACIAL_R_ForeheadOutB1.drawstyle

2026-07-08 17:24:59 - MayaTools.CNTManager3 - WARNING - [CNTManager3] 실패 - FACIAL_R_ForeheadOutB2.drawstyle: setAttr: No object matches name: FACIAL_R_ForeheadOutB2.drawstyle

2026-07-08 17:24:59 - MayaTools.CNTManager3 - WARNING - [CNTManager3] 실패 - FACIAL_R_12IPV_ForeheadOut23.drawstyle: setAttr: No object matches name: FACIAL_R_12IPV_ForeheadOut23.drawstyle

2026-07-08 17:24:59 - MayaTools.CNTManager3 - WARNING - [CNTManager3] 실패 - FACIAL_R_12IPV_ForeheadOut24.drawstyle: setAttr: No object matches name: FACIAL_R_12IPV_ForeheadOut24.drawstyle

2026-07-08 17:24:59 - MayaTools.CNTManager3 - WARNING - [CNTManager3] 실패 - FACIAL_R_12IPV_ForeheadOut25.drawstyle: setAttr: No object matches name: FACIAL_R_12IPV_ForeheadOut25.drawstyle

2026-07-08 17:24:59 - MayaTools.CNTManager3 - WARNING - [CNTManager3] 실패 - FACIAL_R_12IPV_ForeheadOut26.drawstyle: setAttr: No object matches name: FACIAL_R_12IPV_ForeheadOut26.drawstyle

2026-07-08 17:24:59 - MayaTools.CNTManager3 - WARNING - [CNTManager3] 실패 - FACIAL_R_12IPV_ForeheadOut27.drawstyle: setAttr: No object matches name: FACIAL_R_12IPV_ForeheadOut27.drawstyle

2026-07-08 17:24:59 - MayaTools.CNTManager3 - WARNING - [CNTManager3] 실패 - FACIAL_R_12IPV_ForeheadOut28.drawstyle: setAttr: No object matches name: FACIAL_R_12IPV_ForeheadOut28.drawstyle

2026-07-08 17:24:59 - MayaTools.CNTManager3 - WARNING - [CNTManager3] 실패 - FACIAL_R_12IPV_ForeheadOut29.drawstyle: setAttr: No object matches name: FACIAL_R_12IPV_ForeheadOut29.drawstyle

2026-07-08 17:24:59 - MayaTools.CNTManager3 - WARNING - [CNTManager3] 실패 - FACIAL_R_12IPV_ForeheadOut30.drawstyle: setAttr: No object matches name: FACIAL_R_12IPV_ForeheadOut30.drawstyle

2026-07-08 17:24:59 - MayaTools.CNTManager3 - WARNING - [CNTManager3] 실패 - FACIAL_R_12IPV_ForeheadOut31.drawstyle: setAttr: No object matches name: FACIAL_R_12IPV_ForeheadOut31.drawstyle

2026-07-08 17:24:59 - MayaTools.CNTManager3 - WARNING - [CNTManager3] 실패 - FACIAL_R_12IPV_ForeheadOut32.drawstyle: setAttr: No object matches name: FACIAL_R_12IPV_ForeheadOut32.drawstyle

2026-07-08 17:24:59 - MayaTools.CNTManager3 - WARNING - [CNTManager3] 실패 - FACIAL_L_12IPV_EyesackU0.drawstyle: setAttr: No object matches name: FACIAL_L_12IPV_EyesackU0.drawstyle

2026-07-08 17:24:59 - MayaTools.CNTManager3 - WARNING - [CNTManager3] 실패 - FACIAL_R_12IPV_EyesackU0.drawstyle: setAttr: No object matches name: FACIAL_R_12IPV_EyesackU0.drawstyle

2026-07-08 17:24:59 - MayaTools.CNTManager3 - WARNING - [CNTManager3] 실패 - FACIAL_L_EyesackUpper.drawstyle: setAttr: No object matches name: FACIAL_L_EyesackUpper.drawstyle

2026-07-08 17:24:59 - MayaTools.CNTManager3 - WARNING - [CNTManager3] 실패 - FACIAL_L_EyesackUpper1.drawstyle: setAttr: No object matches name: FACIAL_L_EyesackUpper1.drawstyle

2026-07-08 17:24:59 - MayaTools.CNTManager3 - WARNING - [CNTManager3] 실패 - FACIAL_L_EyesackUpper2.drawstyle: setAttr: No object matches name: FACIAL_L_EyesackUpper2.drawstyle

2026-07-08 17:24:59 - MayaTools.CNTManager3 - WARNING - [CNTManager3] 실패 - FACIAL_L_EyesackUpper3.drawstyle: setAttr: No object matches name: FACIAL_L_EyesackUpper3.drawstyle

2026-07-08 17:24:59 - MayaTools.CNTManager3 - WARNING - [CNTManager3] 실패 - FACIAL_R_EyesackUpper.drawstyle: setAttr: No object matches name: FACIAL_R_EyesackUpper.drawstyle

2026-07-08 17:24:59 - MayaTools.CNTManager3 - WARNING - [CNTManager3] 실패 - FACIAL_R_EyesackUpper1.drawstyle: setAttr: No object matches name: FACIAL_R_EyesackUpper1.drawstyle

2026-07-08 17:24:59 - MayaTools.CNTManager3 - WARNING - [CNTManager3] 실패 - FACIAL_R_EyesackUpper2.drawstyle: setAttr: No object matches name: FACIAL_R_EyesackUpper2.drawstyle

2026-07-08 17:24:59 - MayaTools.CNTManager3 - WARNING - [CNTManager3] 실패 - FACIAL_R_EyesackUpper3.drawstyle: setAttr: No object matches name: FACIAL_R_EyesackUpper3.drawstyle

2026-07-08 17:24:59 - MayaTools.CNTManager3 - WARNING - [CNTManager3] 실패 - FACIAL_L_EyesackUpper4.drawstyle: setAttr: No object matches name: FACIAL_L_EyesackUpper4.drawstyle

2026-07-08 17:24:59 - MayaTools.CNTManager3 - WARNING - [CNTManager3] 실패 - FACIAL_R_EyesackUpper4.drawstyle: setAttr: No object matches name: FACIAL_R_EyesackUpper4.drawstyle

2026-07-08 17:24:59 - MayaTools.CNTManager3 - WARNING - [CNTManager3] 실패 - FACIAL_L_EyelidUpperFurrow.drawstyle: setAttr: No object matches name: FACIAL_L_EyelidUpperFurrow.drawstyle

2026-07-08 17:24:59 - MayaTools.CNTManager3 - WARNING - [CNTManager3] 실패 - FACIAL_L_EyelidUpperFurrow1.drawstyle: setAttr: No object matches name: FACIAL_L_EyelidUpperFurrow1.drawstyle

2026-07-08 17:24:59 - MayaTools.CNTManager3 - WARNING - [CNTManager3] 실패 - FACIAL_L_EyelidUpperFurrow2.drawstyle: setAttr: No object matches name: FACIAL_L_EyelidUpperFurrow2.drawstyle

2026-07-08 17:24:59 - MayaTools.CNTManager3 - WARNING - [CNTManager3] 실패 - FACIAL_L_EyelidUpperFurrow3.drawstyle: setAttr: No object matches name: FACIAL_L_EyelidUpperFurrow3.drawstyle

2026-07-08 17:24:59 - MayaTools.CNTManager3 - WARNING - [CNTManager3] 실패 - FACIAL_R_EyelidUpperFurrow.drawstyle: setAttr: No object matches name: FACIAL_R_EyelidUpperFurrow.drawstyle

2026-07-08 17:24:59 - MayaTools.CNTManager3 - WARNING - [CNTManager3] 실패 - FACIAL_R_EyelidUpperFurrow1.drawstyle: setAttr: No object matches name: FACIAL_R_EyelidUpperFurrow1.drawstyle

2026-07-08 17:24:59 - MayaTools.CNTManager3 - WARNING - [CNTManager3] 실패 - FACIAL_R_EyelidUpperFurrow2.drawstyle: setAttr: No object matches name: FACIAL_R_EyelidUpperFurrow2.drawstyle

2026-07-08 17:24:59 - MayaTools.CNTManager3 - WARNING - [CNTManager3] 실패 - FACIAL_R_EyelidUpperFurrow3.drawstyle: setAttr: No object matches name: FACIAL_R_EyelidUpperFurrow3.drawstyle

2026-07-08 17:24:59 - MayaTools.CNTManager3 - WARNING - [CNTManager3] 실패 - FACIAL_L_EyelidUpperB.drawstyle: setAttr: No object matches name: FACIAL_L_EyelidUpperB.drawstyle

2026-07-08 17:24:59 - MayaTools.CNTManager3 - WARNING - [CNTManager3] 실패 - FACIAL_L_EyelidUpperB1.drawstyle: setAttr: No object matches name: FACIAL_L_EyelidUpperB1.drawstyle

2026-07-08 17:24:59 - MayaTools.CNTManager3 - WARNING - [CNTManager3] 실패 - FACIAL_L_EyelidUpperB2.drawstyle: setAttr: No object matches name: FACIAL_L_EyelidUpperB2.drawstyle

2026-07-08 17:24:59 - MayaTools.CNTManager3 - WARNING - [CNTManager3] 실패 - FACIAL_L_EyelidUpperB3.drawstyle: setAttr: No object matches name: FACIAL_L_EyelidUpperB3.drawstyle

2026-07-08 17:24:59 - MayaTools.CNTManager3 - WARNING - [CNTManager3] 실패 - FACIAL_R_EyelidUpperB.drawstyle: setAttr: No object matches name: FACIAL_R_EyelidUpperB.drawstyle

2026-07-08 17:24:59 - MayaTools.CNTManager3 - WARNING - [CNTManager3] 실패 - FACIAL_R_EyelidUpperB1.drawstyle: setAttr: No object matches name: FACIAL_R_EyelidUpperB1.drawstyle

2026-07-08 17:24:59 - MayaTools.CNTManager3 - WARNING - [CNTManager3] 실패 - FACIAL_R_EyelidUpperB2.drawstyle: setAttr: No object matches name: FACIAL_R_EyelidUpperB2.drawstyle

2026-07-08 17:24:59 - MayaTools.CNTManager3 - WARNING - [CNTManager3] 실패 - FACIAL_R_EyelidUpperB3.drawstyle: setAttr: No object matches name: FACIAL_R_EyelidUpperB3.drawstyle

2026-07-08 17:24:59 - MayaTools.CNTManager3 - WARNING - [CNTManager3] 실패 - FACIAL_L_EyelidUpperA.drawstyle: setAttr: No object matches name: FACIAL_L_EyelidUpperA.drawstyle

2026-07-08 17:24:59 - MayaTools.CNTManager3 - WARNING - [CNTManager3] 실패 - FACIAL_L_EyelidUpperA1.drawstyle: setAttr: No object matches name: FACIAL_L_EyelidUpperA1.drawstyle

2026-07-08 17:24:59 - MayaTools.CNTManager3 - WARNING - [CNTManager3] 실패 - FACIAL_L_EyelashesUpperA1.drawstyle: setAttr: No object matches name: FACIAL_L_EyelashesUpperA1.drawstyle

2026-07-08 17:24:59 - MayaTools.CNTManager3 - WARNING - [CNTManager3] 실패 - FACIAL_L_EyelidUpperA2.drawstyle: setAttr: No object matches name: FACIAL_L_EyelidUpperA2.drawstyle

2026-07-08 17:24:59 - MayaTools.CNTManager3 - WARNING - [CNTManager3] 실패 - FACIAL_L_EyelashesUpperA2.drawstyle: setAttr: No object matches name: FACIAL_L_EyelashesUpperA2.drawstyle

2026-07-08 17:24:59 - MayaTools.CNTManager3 - WARNING - [CNTManager3] 실패 - FACIAL_L_EyelidUpperA3.drawstyle: setAttr: No object matches name: FACIAL_L_EyelidUpperA3.drawstyle

2026-07-08 17:24:59 - MayaTools.CNTManager3 - WARNING - [CNTManager3] 실패 - FACIAL_L_EyelashesUpperA3.drawstyle: setAttr: No object matches name: FACIAL_L_EyelashesUpperA3.drawstyle

2026-07-08 17:24:59 - MayaTools.CNTManager3 - WARNING - [CNTManager3] 실패 - FACIAL_R_EyelidUpperA.drawstyle: setAttr: No object matches name: FACIAL_R_EyelidUpperA.drawstyle

2026-07-08 17:24:59 - MayaTools.CNTManager3 - WARNING - [CNTManager3] 실패 - FACIAL_R_EyelidUpperA1.drawstyle: setAttr: No object matches name: FACIAL_R_EyelidUpperA1.drawstyle

2026-07-08 17:24:59 - MayaTools.CNTManager3 - WARNING - [CNTManager3] 실패 - FACIAL_R_EyelashesUpperA1.drawstyle: setAttr: No object matches name: FACIAL_R_EyelashesUpperA1.drawstyle

2026-07-08 17:24:59 - MayaTools.CNTManager3 - WARNING - [CNTManager3] 실패 - FACIAL_R_EyelidUpperA2.drawstyle: setAttr: No object matches name: FACIAL_R_EyelidUpperA2.drawstyle

2026-07-08 17:24:59 - MayaTools.CNTManager3 - WARNING - [CNTManager3] 실패 - FACIAL_R_EyelashesUpperA2.drawstyle: setAttr: No object matches name: FACIAL_R_EyelashesUpperA2.drawstyle

2026-07-08 17:24:59 - MayaTools.CNTManager3 - WARNING - [CNTManager3] 실패 - FACIAL_R_EyelidUpperA3.drawstyle: setAttr: No object matches name: FACIAL_R_EyelidUpperA3.drawstyle

2026-07-08 17:24:59 - MayaTools.CNTManager3 - WARNING - [CNTManager3] 실패 - FACIAL_R_EyelashesUpperA3.drawstyle: setAttr: No object matches name: FACIAL_R_EyelashesUpperA3.drawstyle

2026-07-08 17:24:59 - MayaTools.CNTManager3 - WARNING - [CNTManager3] 실패 - FACIAL_L_Eye.drawstyle: setAttr: No object matches name: FACIAL_L_Eye.drawstyle

2026-07-08 17:24:59 - MayaTools.CNTManager3 - WARNING - [CNTManager3] 실패 - FACIAL_L_EyeParallel.drawstyle: setAttr: No object matches name: FACIAL_L_EyeParallel.drawstyle

2026-07-08 17:24:59 - MayaTools.CNTManager3 - WARNING - [CNTManager3] 실패 - FACIAL_L_Pupil.drawstyle: setAttr: No object matches name: FACIAL_L_Pupil.drawstyle

2026-07-08 17:24:59 - MayaTools.CNTManager3 - WARNING - [CNTManager3] 실패 - FACIAL_R_Eye.drawstyle: setAttr: No object matches name: FACIAL_R_Eye.drawstyle

2026-07-08 17:24:59 - MayaTools.CNTManager3 - WARNING - [CNTManager3] 실패 - FACIAL_R_EyeParallel.drawstyle: setAttr: No object matches name: FACIAL_R_EyeParallel.drawstyle

2026-07-08 17:24:59 - MayaTools.CNTManager3 - WARNING - [CNTManager3] 실패 - FACIAL_R_Pupil.drawstyle: setAttr: No object matches name: FACIAL_R_Pupil.drawstyle

2026-07-08 17:24:59 - MayaTools.CNTManager3 - WARNING - [CNTManager3] 실패 - FACIAL_L_EyelidLowerA.drawstyle: setAttr: No object matches name: FACIAL_L_EyelidLowerA.drawstyle

2026-07-08 17:24:59 - MayaTools.CNTManager3 - WARNING - [CNTManager3] 실패 - FACIAL_L_EyelidLowerA1.drawstyle: setAttr: No object matches name: FACIAL_L_EyelidLowerA1.drawstyle

2026-07-08 17:24:59 - MayaTools.CNTManager3 - WARNING - [CNTManager3] 실패 - FACIAL_L_EyelidLowerA2.drawstyle: setAttr: No object matches name: FACIAL_L_EyelidLowerA2.drawstyle

2026-07-08 17:24:59 - MayaTools.CNTManager3 - WARNING - [CNTManager3] 실패 - FACIAL_L_EyelidLowerA3.drawstyle: setAttr: No object matches name: FACIAL_L_EyelidLowerA3.drawstyle

2026-07-08 17:24:59 - MayaTools.CNTManager3 - WARNING - [CNTManager3] 실패 - FACIAL_R_EyelidLowerA.drawstyle: setAttr: No object matches name: FACIAL_R_EyelidLowerA.drawstyle

2026-07-08 17:24:59 - MayaTools.CNTManager3 - WARNING - [CNTManager3] 실패 - FACIAL_R_EyelidLowerA1.drawstyle: setAttr: No object matches name: FACIAL_R_EyelidLowerA1.drawstyle

2026-07-08 17:24:59 - MayaTools.CNTManager3 - WARNING - [CNTManager3] 실패 - FACIAL_R_EyelidLowerA2.drawstyle: setAttr: No object matches name: FACIAL_R_EyelidLowerA2.drawstyle

2026-07-08 17:24:59 - MayaTools.CNTManager3 - WARNING - [CNTManager3] 실패 - FACIAL_R_EyelidLowerA3.drawstyle: setAttr: No object matches name: FACIAL_R_EyelidLowerA3.drawstyle

2026-07-08 17:24:59 - MayaTools.CNTManager3 - WARNING - [CNTManager3] 실패 - FACIAL_L_EyelidLowerB.drawstyle: setAttr: No object matches name: FACIAL_L_EyelidLowerB.drawstyle

2026-07-08 17:24:59 - MayaTools.CNTManager3 - WARNING - [CNTManager3] 실패 - FACIAL_L_EyelidLowerB1.drawstyle: setAttr: No object matches name: FACIAL_L_EyelidLowerB1.drawstyle

2026-07-08 17:24:59 - MayaTools.CNTManager3 - WARNING - [CNTManager3] 실패 - FACIAL_L_EyelidLowerB2.drawstyle: setAttr: No object matches name: FACIAL_L_EyelidLowerB2.drawstyle

2026-07-08 17:24:59 - MayaTools.CNTManager3 - WARNING - [CNTManager3] 실패 - FACIAL_L_EyelidLowerB3.drawstyle: setAttr: No object matches name: FACIAL_L_EyelidLowerB3.drawstyle

2026-07-08 17:24:59 - MayaTools.CNTManager3 - WARNING - [CNTManager3] 실패 - FACIAL_R_EyelidLowerB.drawstyle: setAttr: No object matches name: FACIAL_R_EyelidLowerB.drawstyle

2026-07-08 17:24:59 - MayaTools.CNTManager3 - WARNING - [CNTManager3] 실패 - FACIAL_R_EyelidLowerB1.drawstyle: setAttr: No object matches name: FACIAL_R_EyelidLowerB1.drawstyle

2026-07-08 17:24:59 - MayaTools.CNTManager3 - WARNING - [CNTManager3] 실패 - FACIAL_R_EyelidLowerB2.drawstyle: setAttr: No object matches name: FACIAL_R_EyelidLowerB2.drawstyle

2026-07-08 17:24:59 - MayaTools.CNTManager3 - WARNING - [CNTManager3] 실패 - FACIAL_R_EyelidLowerB3.drawstyle: setAttr: No object matches name: FACIAL_R_EyelidLowerB3.drawstyle

2026-07-08 17:24:59 - MayaTools.CNTManager3 - WARNING - [CNTManager3] 실패 - FACIAL_L_EyeCornerInner.drawstyle: setAttr: No object matches name: FACIAL_L_EyeCornerInner.drawstyle

2026-07-08 17:24:59 - MayaTools.CNTManager3 - WARNING - [CNTManager3] 실패 - FACIAL_L_EyeCornerInner1.drawstyle: setAttr: No object matches name: FACIAL_L_EyeCornerInner1.drawstyle

2026-07-08 17:24:59 - MayaTools.CNTManager3 - WARNING - [CNTManager3] 실패 - FACIAL_L_EyeCornerInner2.drawstyle: setAttr: No object matches name: FACIAL_L_EyeCornerInner2.drawstyle

2026-07-08 17:24:59 - MayaTools.CNTManager3 - WARNING - [CNTManager3] 실패 - FACIAL_R_EyeCornerInner.drawstyle: setAttr: No object matches name: FACIAL_R_EyeCornerInner.drawstyle

2026-07-08 17:24:59 - MayaTools.CNTManager3 - WARNING - [CNTManager3] 실패 - FACIAL_R_EyeCornerInner1.drawstyle: setAttr: No object matches name: FACIAL_R_EyeCornerInner1.drawstyle

2026-07-08 17:24:59 - MayaTools.CNTManager3 - WARNING - [CNTManager3] 실패 - FACIAL_R_EyeCornerInner2.drawstyle: setAttr: No object matches name: FACIAL_R_EyeCornerInner2.drawstyle

2026-07-08 17:24:59 - MayaTools.CNTManager3 - WARNING - [CNTManager3] 실패 - FACIAL_L_EyeCornerOuter.drawstyle: setAttr: No object matches name: FACIAL_L_EyeCornerOuter.drawstyle

2026-07-08 17:24:59 - MayaTools.CNTManager3 - WARNING - [CNTManager3] 실패 - FACIAL_L_EyeCornerOuter1.drawstyle: setAttr: No object matches name: FACIAL_L_EyeCornerOuter1.drawstyle

2026-07-08 17:24:59 - MayaTools.CNTManager3 - WARNING - [CNTManager3] 실패 - FACIAL_L_EyelashesCornerOuter1.drawstyle: setAttr: No object matches name: FACIAL_L_EyelashesCornerOuter1.drawstyle

2026-07-08 17:24:59 - MayaTools.CNTManager3 - WARNING - [CNTManager3] 실패 - FACIAL_L_EyeCornerOuter2.drawstyle: setAttr: No object matches name: FACIAL_L_EyeCornerOuter2.drawstyle

2026-07-08 17:24:59 - MayaTools.CNTManager3 - WARNING - [CNTManager3] 실패 - FACIAL_R_EyeCornerOuter.drawstyle: setAttr: No object matches name: FACIAL_R_EyeCornerOuter.drawstyle

2026-07-08 17:24:59 - MayaTools.CNTManager3 - WARNING - [CNTManager3] 실패 - FACIAL_R_EyeCornerOuter1.drawstyle: setAttr: No object matches name: FACIAL_R_EyeCornerOuter1.drawstyle

2026-07-08 17:24:59 - MayaTools.CNTManager3 - WARNING - [CNTManager3] 실패 - FACIAL_R_EyelashesCornerOuter1.drawstyle: setAttr: No object matches name: FACIAL_R_EyelashesCornerOuter1.drawstyle

2026-07-08 17:24:59 - MayaTools.CNTManager3 - WARNING - [CNTManager3] 실패 - FACIAL_R_EyeCornerOuter2.drawstyle: setAttr: No object matches name: FACIAL_R_EyeCornerOuter2.drawstyle

2026-07-08 17:24:59 - MayaTools.CNTManager3 - WARNING - [CNTManager3] 실패 - FACIAL_L_12IPV_EyeCornerO1.drawstyle: setAttr: No object matches name: FACIAL_L_12IPV_EyeCornerO1.drawstyle

2026-07-08 17:24:59 - MayaTools.CNTManager3 - WARNING - [CNTManager3] 실패 - FACIAL_R_12IPV_EyeCornerO1.drawstyle: setAttr: No object matches name: FACIAL_R_12IPV_EyeCornerO1.drawstyle

2026-07-08 17:24:59 - MayaTools.CNTManager3 - WARNING - [CNTManager3] 실패 - FACIAL_L_12IPV_EyeCornerO2.drawstyle: setAttr: No object matches name: FACIAL_L_12IPV_EyeCornerO2.drawstyle

2026-07-08 17:24:59 - MayaTools.CNTManager3 - WARNING - [CNTManager3] 실패 - FACIAL_R_12IPV_EyeCornerO2.drawstyle: setAttr: No object matches name: FACIAL_R_12IPV_EyeCornerO2.drawstyle

2026-07-08 17:24:59 - MayaTools.CNTManager3 - WARNING - [CNTManager3] 실패 - FACIAL_L_EyesackLower.drawstyle: setAttr: No object matches name: FACIAL_L_EyesackLower.drawstyle

2026-07-08 17:24:59 - MayaTools.CNTManager3 - WARNING - [CNTManager3] 실패 - FACIAL_L_EyesackLower1.drawstyle: setAttr: No object matches name: FACIAL_L_EyesackLower1.drawstyle

2026-07-08 17:24:59 - MayaTools.CNTManager3 - WARNING - [CNTManager3] 실패 - FACIAL_L_EyesackLower2.drawstyle: setAttr: No object matches name: FACIAL_L_EyesackLower2.drawstyle

2026-07-08 17:24:59 - MayaTools.CNTManager3 - WARNING - [CNTManager3] 실패 - FACIAL_L_12IPV_EyesackL1.drawstyle: setAttr: No object matches name: FACIAL_L_12IPV_EyesackL1.drawstyle

2026-07-08 17:24:59 - MayaTools.CNTManager3 - WARNING - [CNTManager3] 실패 - FACIAL_L_12IPV_EyesackL2.drawstyle: setAttr: No object matches name: FACIAL_L_12IPV_EyesackL2.drawstyle

2026-07-08 17:24:59 - MayaTools.CNTManager3 - WARNING - [CNTManager3] 실패 - FACIAL_L_12IPV_EyesackL3.drawstyle: setAttr: No object matches name: FACIAL_L_12IPV_EyesackL3.drawstyle

2026-07-08 17:24:59 - MayaTools.CNTManager3 - WARNING - [CNTManager3] 실패 - FACIAL_L_12IPV_EyesackL4.drawstyle: setAttr: No object matches name: FACIAL_L_12IPV_EyesackL4.drawstyle

2026-07-08 17:24:59 - MayaTools.CNTManager3 - WARNING - [CNTManager3] 실패 - FACIAL_L_12IPV_EyesackL5.drawstyle: setAttr: No object matches name: FACIAL_L_12IPV_EyesackL5.drawstyle

2026-07-08 17:24:59 - MayaTools.CNTManager3 - WARNING - [CNTManager3] 실패 - FACIAL_L_12IPV_EyesackL6.drawstyle: setAttr: No object matches name: FACIAL_L_12IPV_EyesackL6.drawstyle

2026-07-08 17:24:59 - MayaTools.CNTManager3 - WARNING - [CNTManager3] 실패 - FACIAL_L_12IPV_EyesackL7.drawstyle: setAttr: No object matches name: FACIAL_L_12IPV_EyesackL7.drawstyle

2026-07-08 17:24:59 - MayaTools.CNTManager3 - WARNING - [CNTManager3] 실패 - FACIAL_L_12IPV_EyesackL8.drawstyle: setAttr: No object matches name: FACIAL_L_12IPV_EyesackL8.drawstyle

2026-07-08 17:24:59 - MayaTools.CNTManager3 - WARNING - [CNTManager3] 실패 - FACIAL_R_EyesackLower.drawstyle: setAttr: No object matches name: FACIAL_R_EyesackLower.drawstyle

2026-07-08 17:24:59 - MayaTools.CNTManager3 - WARNING - [CNTManager3] 실패 - FACIAL_R_EyesackLower1.drawstyle: setAttr: No object matches name: FACIAL_R_EyesackLower1.drawstyle

2026-07-08 17:24:59 - MayaTools.CNTManager3 - WARNING - [CNTManager3] 실패 - FACIAL_R_EyesackLower2.drawstyle: setAttr: No object matches name: FACIAL_R_EyesackLower2.drawstyle

2026-07-08 17:24:59 - MayaTools.CNTManager3 - WARNING - [CNTManager3] 실패 - FACIAL_R_12IPV_EyesackL1.drawstyle: setAttr: No object matches name: FACIAL_R_12IPV_EyesackL1.drawstyle

2026-07-08 17:24:59 - MayaTools.CNTManager3 - WARNING - [CNTManager3] 실패 - FACIAL_R_12IPV_EyesackL2.drawstyle: setAttr: No object matches name: FACIAL_R_12IPV_EyesackL2.drawstyle

2026-07-08 17:24:59 - MayaTools.CNTManager3 - WARNING - [CNTManager3] 실패 - FACIAL_R_12IPV_EyesackL3.drawstyle: setAttr: No object matches name: FACIAL_R_12IPV_EyesackL3.drawstyle

2026-07-08 17:24:59 - MayaTools.CNTManager3 - WARNING - [CNTManager3] 실패 - FACIAL_R_12IPV_EyesackL4.drawstyle: setAttr: No object matches name: FACIAL_R_12IPV_EyesackL4.drawstyle

2026-07-08 17:24:59 - MayaTools.CNTManager3 - WARNING - [CNTManager3] 실패 - FACIAL_R_12IPV_EyesackL5.drawstyle: setAttr: No object matches name: FACIAL_R_12IPV_EyesackL5.drawstyle

2026-07-08 17:24:59 - MayaTools.CNTManager3 - WARNING - [CNTManager3] 실패 - FACIAL_R_12IPV_EyesackL6.drawstyle: setAttr: No object matches name: FACIAL_R_12IPV_EyesackL6.drawstyle

2026-07-08 17:24:59 - MayaTools.CNTManager3 - WARNING - [CNTManager3] 실패 - FACIAL_R_12IPV_EyesackL7.drawstyle: setAttr: No object matches name: FACIAL_R_12IPV_EyesackL7.drawstyle

2026-07-08 17:24:59 - MayaTools.CNTManager3 - WARNING - [CNTManager3] 실패 - FACIAL_R_12IPV_EyesackL8.drawstyle: setAttr: No object matches name: FACIAL_R_12IPV_EyesackL8.drawstyle

2026-07-08 17:24:59 - MayaTools.CNTManager3 - WARNING - [CNTManager3] 실패 - FACIAL_L_CheekInner.drawstyle: setAttr: No object matches name: FACIAL_L_CheekInner.drawstyle

2026-07-08 17:24:59 - MayaTools.CNTManager3 - WARNING - [CNTManager3] 실패 - FACIAL_L_CheekInner1.drawstyle: setAttr: No object matches name: FACIAL_L_CheekInner1.drawstyle

2026-07-08 17:24:59 - MayaTools.CNTManager3 - WARNING - [CNTManager3] 실패 - FACIAL_L_CheekInner2.drawstyle: setAttr: No object matches name: FACIAL_L_CheekInner2.drawstyle

2026-07-08 17:24:59 - MayaTools.CNTManager3 - WARNING - [CNTManager3] 실패 - FACIAL_L_CheekInner3.drawstyle: setAttr: No object matches name: FACIAL_L_CheekInner3.drawstyle

2026-07-08 17:24:59 - MayaTools.CNTManager3 - WARNING - [CNTManager3] 실패 - FACIAL_L_CheekInner4.drawstyle: setAttr: No object matches name: FACIAL_L_CheekInner4.drawstyle

2026-07-08 17:24:59 - MayaTools.CNTManager3 - WARNING - [CNTManager3] 실패 - FACIAL_R_CheekInner.drawstyle: setAttr: No object matches name: FACIAL_R_CheekInner.drawstyle

2026-07-08 17:24:59 - MayaTools.CNTManager3 - WARNING - [CNTManager3] 실패 - FACIAL_R_CheekInner1.drawstyle: setAttr: No object matches name: FACIAL_R_CheekInner1.drawstyle

2026-07-08 17:24:59 - MayaTools.CNTManager3 - WARNING - [CNTManager3] 실패 - FACIAL_R_CheekInner2.drawstyle: setAttr: No object matches name: FACIAL_R_CheekInner2.drawstyle

2026-07-08 17:24:59 - MayaTools.CNTManager3 - WARNING - [CNTManager3] 실패 - FACIAL_R_CheekInner3.drawstyle: setAttr: No object matches name: FACIAL_R_CheekInner3.drawstyle

2026-07-08 17:24:59 - MayaTools.CNTManager3 - WARNING - [CNTManager3] 실패 - FACIAL_R_CheekInner4.drawstyle: setAttr: No object matches name: FACIAL_R_CheekInner4.drawstyle

2026-07-08 17:24:59 - MayaTools.CNTManager3 - WARNING - [CNTManager3] 실패 - FACIAL_L_CheekOuter.drawstyle: setAttr: No object matches name: FACIAL_L_CheekOuter.drawstyle

2026-07-08 17:24:59 - MayaTools.CNTManager3 - WARNING - [CNTManager3] 실패 - FACIAL_L_CheekOuter1.drawstyle: setAttr: No object matches name: FACIAL_L_CheekOuter1.drawstyle

2026-07-08 17:24:59 - MayaTools.CNTManager3 - WARNING - [CNTManager3] 실패 - FACIAL_L_CheekOuter2.drawstyle: setAttr: No object matches name: FACIAL_L_CheekOuter2.drawstyle

2026-07-08 17:24:59 - MayaTools.CNTManager3 - WARNING - [CNTManager3] 실패 - FACIAL_L_CheekOuter3.drawstyle: setAttr: No object matches name: FACIAL_L_CheekOuter3.drawstyle

2026-07-08 17:24:59 - MayaTools.CNTManager3 - WARNING - [CNTManager3] 실패 - FACIAL_R_CheekOuter.drawstyle: setAttr: No object matches name: FACIAL_R_CheekOuter.drawstyle

2026-07-08 17:24:59 - MayaTools.CNTManager3 - WARNING - [CNTManager3] 실패 - FACIAL_R_CheekOuter1.drawstyle: setAttr: No object matches name: FACIAL_R_CheekOuter1.drawstyle

2026-07-08 17:24:59 - MayaTools.CNTManager3 - WARNING - [CNTManager3] 실패 - FACIAL_R_CheekOuter2.drawstyle: setAttr: No object matches name: FACIAL_R_CheekOuter2.drawstyle

2026-07-08 17:24:59 - MayaTools.CNTManager3 - WARNING - [CNTManager3] 실패 - FACIAL_R_CheekOuter3.drawstyle: setAttr: No object matches name: FACIAL_R_CheekOuter3.drawstyle

2026-07-08 17:24:59 - MayaTools.CNTManager3 - WARNING - [CNTManager3] 실패 - FACIAL_L_CheekOuter4.drawstyle: setAttr: No object matches name: FACIAL_L_CheekOuter4.drawstyle

2026-07-08 17:24:59 - MayaTools.CNTManager3 - WARNING - [CNTManager3] 실패 - FACIAL_R_CheekOuter4.drawstyle: setAttr: No object matches name: FACIAL_R_CheekOuter4.drawstyle

2026-07-08 17:24:59 - MayaTools.CNTManager3 - WARNING - [CNTManager3] 실패 - FACIAL_L_12IPV_CheekOuter1.drawstyle: setAttr: No object matches name: FACIAL_L_12IPV_CheekOuter1.drawstyle

2026-07-08 17:24:59 - MayaTools.CNTManager3 - WARNING - [CNTManager3] 실패 - FACIAL_R_12IPV_CheekOuter1.drawstyle: setAttr: No object matches name: FACIAL_R_12IPV_CheekOuter1.drawstyle

2026-07-08 17:24:59 - MayaTools.CNTManager3 - WARNING - [CNTManager3] 실패 - FACIAL_L_12IPV_CheekOuter2.drawstyle: setAttr: No object matches name: FACIAL_L_12IPV_CheekOuter2.drawstyle

2026-07-08 17:24:59 - MayaTools.CNTManager3 - WARNING - [CNTManager3] 실패 - FACIAL_R_12IPV_CheekOuter2.drawstyle: setAttr: No object matches name: FACIAL_R_12IPV_CheekOuter2.drawstyle

2026-07-08 17:24:59 - MayaTools.CNTManager3 - WARNING - [CNTManager3] 실패 - FACIAL_L_12IPV_CheekOuter3.drawstyle: setAttr: No object matches name: FACIAL_L_12IPV_CheekOuter3.drawstyle

2026-07-08 17:24:59 - MayaTools.CNTManager3 - WARNING - [CNTManager3] 실패 - FACIAL_R_12IPV_CheekOuter3.drawstyle: setAttr: No object matches name: FACIAL_R_12IPV_CheekOuter3.drawstyle

2026-07-08 17:24:59 - MayaTools.CNTManager3 - WARNING - [CNTManager3] 실패 - FACIAL_L_12IPV_CheekOuter4.drawstyle: setAttr: No object matches name: FACIAL_L_12IPV_CheekOuter4.drawstyle

2026-07-08 17:24:59 - MayaTools.CNTManager3 - WARNING - [CNTManager3] 실패 - FACIAL_R_12IPV_CheekOuter4.drawstyle: setAttr: No object matches name: FACIAL_R_12IPV_CheekOuter4.drawstyle

2026-07-08 17:24:59 - MayaTools.CNTManager3 - WARNING - [CNTManager3] 실패 - FACIAL_C_NoseBridge.drawstyle: setAttr: No object matches name: FACIAL_C_NoseBridge.drawstyle

2026-07-08 17:24:59 - MayaTools.CNTManager3 - WARNING - [CNTManager3] 실패 - FACIAL_C_12IPV_NoseBridge1.drawstyle: setAttr: No object matches name: FACIAL_C_12IPV_NoseBridge1.drawstyle

2026-07-08 17:24:59 - MayaTools.CNTManager3 - WARNING - [CNTManager3] 실패 - FACIAL_L_12IPV_NoseBridge1.drawstyle: setAttr: No object matches name: FACIAL_L_12IPV_NoseBridge1.drawstyle

2026-07-08 17:24:59 - MayaTools.CNTManager3 - WARNING - [CNTManager3] 실패 - FACIAL_R_12IPV_NoseBridge1.drawstyle: setAttr: No object matches name: FACIAL_R_12IPV_NoseBridge1.drawstyle

2026-07-08 17:24:59 - MayaTools.CNTManager3 - WARNING - [CNTManager3] 실패 - FACIAL_C_12IPV_NoseBridge2.drawstyle: setAttr: No object matches name: FACIAL_C_12IPV_NoseBridge2.drawstyle

2026-07-08 17:24:59 - MayaTools.CNTManager3 - WARNING - [CNTManager3] 실패 - FACIAL_L_12IPV_NoseBridge2.drawstyle: setAttr: No object matches name: FACIAL_L_12IPV_NoseBridge2.drawstyle

2026-07-08 17:24:59 - MayaTools.CNTManager3 - WARNING - [CNTManager3] 실패 - FACIAL_R_12IPV_NoseBridge2.drawstyle: setAttr: No object matches name: FACIAL_R_12IPV_NoseBridge2.drawstyle

2026-07-08 17:24:59 - MayaTools.CNTManager3 - WARNING - [CNTManager3] 실패 - FACIAL_L_NoseBridge.drawstyle: setAttr: No object matches name: FACIAL_L_NoseBridge.drawstyle

2026-07-08 17:24:59 - MayaTools.CNTManager3 - WARNING - [CNTManager3] 실패 - FACIAL_R_NoseBridge.drawstyle: setAttr: No object matches name: FACIAL_R_NoseBridge.drawstyle

2026-07-08 17:24:59 - MayaTools.CNTManager3 - WARNING - [CNTManager3] 실패 - FACIAL_C_NoseUpper.drawstyle: setAttr: No object matches name: FACIAL_C_NoseUpper.drawstyle

2026-07-08 17:24:59 - MayaTools.CNTManager3 - WARNING - [CNTManager3] 실패 - FACIAL_L_NoseUpper.drawstyle: setAttr: No object matches name: FACIAL_L_NoseUpper.drawstyle

2026-07-08 17:24:59 - MayaTools.CNTManager3 - WARNING - [CNTManager3] 실패 - FACIAL_R_NoseUpper.drawstyle: setAttr: No object matches name: FACIAL_R_NoseUpper.drawstyle

2026-07-08 17:24:59 - MayaTools.CNTManager3 - WARNING - [CNTManager3] 실패 - FACIAL_C_12IPV_NoseUpper1.drawstyle: setAttr: No object matches name: FACIAL_C_12IPV_NoseUpper1.drawstyle

2026-07-08 17:24:59 - MayaTools.CNTManager3 - WARNING - [CNTManager3] 실패 - FACIAL_C_12IPV_NoseUpper2.drawstyle: setAttr: No object matches name: FACIAL_C_12IPV_NoseUpper2.drawstyle

2026-07-08 17:24:59 - MayaTools.CNTManager3 - WARNING - [CNTManager3] 실패 - FACIAL_L_12IPV_NoseUpper1.drawstyle: setAttr: No object matches name: FACIAL_L_12IPV_NoseUpper1.drawstyle

2026-07-08 17:24:59 - MayaTools.CNTManager3 - WARNING - [CNTManager3] 실패 - FACIAL_R_12IPV_NoseUpper1.drawstyle: setAttr: No object matches name: FACIAL_R_12IPV_NoseUpper1.drawstyle

2026-07-08 17:24:59 - MayaTools.CNTManager3 - WARNING - [CNTManager3] 실패 - FACIAL_L_12IPV_NoseUpper2.drawstyle: setAttr: No object matches name: FACIAL_L_12IPV_NoseUpper2.drawstyle

2026-07-08 17:24:59 - MayaTools.CNTManager3 - WARNING - [CNTManager3] 실패 - FACIAL_R_12IPV_NoseUpper2.drawstyle: setAttr: No object matches name: FACIAL_R_12IPV_NoseUpper2.drawstyle

2026-07-08 17:24:59 - MayaTools.CNTManager3 - WARNING - [CNTManager3] 실패 - FACIAL_L_12IPV_NoseUpper3.drawstyle: setAttr: No object matches name: FACIAL_L_12IPV_NoseUpper3.drawstyle

2026-07-08 17:24:59 - MayaTools.CNTManager3 - WARNING - [CNTManager3] 실패 - FACIAL_R_12IPV_NoseUpper3.drawstyle: setAttr: No object matches name: FACIAL_R_12IPV_NoseUpper3.drawstyle

2026-07-08 17:24:59 - MayaTools.CNTManager3 - WARNING - [CNTManager3] 실패 - FACIAL_L_12IPV_NoseUpper4.drawstyle: setAttr: No object matches name: FACIAL_L_12IPV_NoseUpper4.drawstyle

2026-07-08 17:24:59 - MayaTools.CNTManager3 - WARNING - [CNTManager3] 실패 - FACIAL_R_12IPV_NoseUpper4.drawstyle: setAttr: No object matches name: FACIAL_R_12IPV_NoseUpper4.drawstyle

2026-07-08 17:24:59 - MayaTools.CNTManager3 - WARNING - [CNTManager3] 실패 - FACIAL_L_12IPV_NoseUpper5.drawstyle: setAttr: No object matches name: FACIAL_L_12IPV_NoseUpper5.drawstyle

2026-07-08 17:24:59 - MayaTools.CNTManager3 - WARNING - [CNTManager3] 실패 - FACIAL_R_12IPV_NoseUpper5.drawstyle: setAttr: No object matches name: FACIAL_R_12IPV_NoseUpper5.drawstyle

2026-07-08 17:24:59 - MayaTools.CNTManager3 - WARNING - [CNTManager3] 실패 - FACIAL_L_12IPV_NoseUpper6.drawstyle: setAttr: No object matches name: FACIAL_L_12IPV_NoseUpper6.drawstyle

2026-07-08 17:24:59 - MayaTools.CNTManager3 - WARNING - [CNTManager3] 실패 - FACIAL_R_12IPV_NoseUpper6.drawstyle: setAttr: No object matches name: FACIAL_R_12IPV_NoseUpper6.drawstyle

2026-07-08 17:24:59 - MayaTools.CNTManager3 - WARNING - [CNTManager3] 실패 - FACIAL_L_NasolabialBulge1.drawstyle: setAttr: No object matches name: FACIAL_L_NasolabialBulge1.drawstyle

2026-07-08 17:24:59 - MayaTools.CNTManager3 - WARNING - [CNTManager3] 실패 - FACIAL_R_NasolabialBulge1.drawstyle: setAttr: No object matches name: FACIAL_R_NasolabialBulge1.drawstyle

2026-07-08 17:24:59 - MayaTools.CNTManager3 - WARNING - [CNTManager3] 실패 - FACIAL_L_12IPV_NasolabialB13.drawstyle: setAttr: No object matches name: FACIAL_L_12IPV_NasolabialB13.drawstyle

2026-07-08 17:24:59 - MayaTools.CNTManager3 - WARNING - [CNTManager3] 실패 - FACIAL_R_12IPV_NasolabialB13.drawstyle: setAttr: No object matches name: FACIAL_R_12IPV_NasolabialB13.drawstyle

2026-07-08 17:24:59 - MayaTools.CNTManager3 - WARNING - [CNTManager3] 실패 - FACIAL_L_12IPV_NasolabialB14.drawstyle: setAttr: No object matches name: FACIAL_L_12IPV_NasolabialB14.drawstyle

2026-07-08 17:24:59 - MayaTools.CNTManager3 - WARNING - [CNTManager3] 실패 - FACIAL_R_12IPV_NasolabialB14.drawstyle: setAttr: No object matches name: FACIAL_R_12IPV_NasolabialB14.drawstyle

2026-07-08 17:24:59 - MayaTools.CNTManager3 - WARNING - [CNTManager3] 실패 - FACIAL_L_12IPV_NasolabialB15.drawstyle: setAttr: No object matches name: FACIAL_L_12IPV_NasolabialB15.drawstyle

2026-07-08 17:24:59 - MayaTools.CNTManager3 - WARNING - [CNTManager3] 실패 - FACIAL_R_12IPV_NasolabialB15.drawstyle: setAttr: No object matches name: FACIAL_R_12IPV_NasolabialB15.drawstyle

2026-07-08 17:24:59 - MayaTools.CNTManager3 - WARNING - [CNTManager3] 실패 - FACIAL_L_NasolabialBulge.drawstyle: setAttr: No object matches name: FACIAL_L_NasolabialBulge.drawstyle

2026-07-08 17:24:59 - MayaTools.CNTManager3 - WARNING - [CNTManager3] 실패 - FACIAL_L_NasolabialBulge2.drawstyle: setAttr: No object matches name: FACIAL_L_NasolabialBulge2.drawstyle

2026-07-08 17:24:59 - MayaTools.CNTManager3 - WARNING - [CNTManager3] 실패 - FACIAL_L_NasolabialBulge3.drawstyle: setAttr: No object matches name: FACIAL_L_NasolabialBulge3.drawstyle

2026-07-08 17:24:59 - MayaTools.CNTManager3 - WARNING - [CNTManager3] 실패 - FACIAL_L_12IPV_NasolabialB1.drawstyle: setAttr: No object matches name: FACIAL_L_12IPV_NasolabialB1.drawstyle

2026-07-08 17:24:59 - MayaTools.CNTManager3 - WARNING - [CNTManager3] 실패 - FACIAL_L_12IPV_NasolabialB2.drawstyle: setAttr: No object matches name: FACIAL_L_12IPV_NasolabialB2.drawstyle

2026-07-08 17:24:59 - MayaTools.CNTManager3 - WARNING - [CNTManager3] 실패 - FACIAL_L_12IPV_NasolabialB3.drawstyle: setAttr: No object matches name: FACIAL_L_12IPV_NasolabialB3.drawstyle

2026-07-08 17:24:59 - MayaTools.CNTManager3 - WARNING - [CNTManager3] 실패 - FACIAL_L_12IPV_NasolabialB4.drawstyle: setAttr: No object matches name: FACIAL_L_12IPV_NasolabialB4.drawstyle

2026-07-08 17:24:59 - MayaTools.CNTManager3 - WARNING - [CNTManager3] 실패 - FACIAL_L_12IPV_NasolabialB5.drawstyle: setAttr: No object matches name: FACIAL_L_12IPV_NasolabialB5.drawstyle

2026-07-08 17:24:59 - MayaTools.CNTManager3 - WARNING - [CNTManager3] 실패 - FACIAL_L_12IPV_NasolabialB6.drawstyle: setAttr: No object matches name: FACIAL_L_12IPV_NasolabialB6.drawstyle

2026-07-08 17:24:59 - MayaTools.CNTManager3 - WARNING - [CNTManager3] 실패 - FACIAL_L_12IPV_NasolabialB7.drawstyle: setAttr: No object matches name: FACIAL_L_12IPV_NasolabialB7.drawstyle

2026-07-08 17:24:59 - MayaTools.CNTManager3 - WARNING - [CNTManager3] 실패 - FACIAL_L_12IPV_NasolabialB8.drawstyle: setAttr: No object matches name: FACIAL_L_12IPV_NasolabialB8.drawstyle

2026-07-08 17:24:59 - MayaTools.CNTManager3 - WARNING - [CNTManager3] 실패 - FACIAL_L_12IPV_NasolabialB9.drawstyle: setAttr: No object matches name: FACIAL_L_12IPV_NasolabialB9.drawstyle

2026-07-08 17:24:59 - MayaTools.CNTManager3 - WARNING - [CNTManager3] 실패 - FACIAL_L_12IPV_NasolabialB10.drawstyle: setAttr: No object matches name: FACIAL_L_12IPV_NasolabialB10.drawstyle

2026-07-08 17:24:59 - MayaTools.CNTManager3 - WARNING - [CNTManager3] 실패 - FACIAL_L_12IPV_NasolabialB11.drawstyle: setAttr: No object matches name: FACIAL_L_12IPV_NasolabialB11.drawstyle

2026-07-08 17:24:59 - MayaTools.CNTManager3 - WARNING - [CNTManager3] 실패 - FACIAL_L_12IPV_NasolabialB12.drawstyle: setAttr: No object matches name: FACIAL_L_12IPV_NasolabialB12.drawstyle

2026-07-08 17:24:59 - MayaTools.CNTManager3 - WARNING - [CNTManager3] 실패 - FACIAL_R_NasolabialBulge.drawstyle: setAttr: No object matches name: FACIAL_R_NasolabialBulge.drawstyle

2026-07-08 17:24:59 - MayaTools.CNTManager3 - WARNING - [CNTManager3] 실패 - FACIAL_R_NasolabialBulge2.drawstyle: setAttr: No object matches name: FACIAL_R_NasolabialBulge2.drawstyle

2026-07-08 17:24:59 - MayaTools.CNTManager3 - WARNING - [CNTManager3] 실패 - FACIAL_R_NasolabialBulge3.drawstyle: setAttr: No object matches name: FACIAL_R_NasolabialBulge3.drawstyle

2026-07-08 17:24:59 - MayaTools.CNTManager3 - WARNING - [CNTManager3] 실패 - FACIAL_R_12IPV_NasolabialB1.drawstyle: setAttr: No object matches name: FACIAL_R_12IPV_NasolabialB1.drawstyle

2026-07-08 17:24:59 - MayaTools.CNTManager3 - WARNING - [CNTManager3] 실패 - FACIAL_R_12IPV_NasolabialB2.drawstyle: setAttr: No object matches name: FACIAL_R_12IPV_NasolabialB2.drawstyle

2026-07-08 17:24:59 - MayaTools.CNTManager3 - WARNING - [CNTManager3] 실패 - FACIAL_R_12IPV_NasolabialB3.drawstyle: setAttr: No object matches name: FACIAL_R_12IPV_NasolabialB3.drawstyle

2026-07-08 17:24:59 - MayaTools.CNTManager3 - WARNING - [CNTManager3] 실패 - FACIAL_R_12IPV_NasolabialB4.drawstyle: setAttr: No object matches name: FACIAL_R_12IPV_NasolabialB4.drawstyle

2026-07-08 17:24:59 - MayaTools.CNTManager3 - WARNING - [CNTManager3] 실패 - FACIAL_R_12IPV_NasolabialB5.drawstyle: setAttr: No object matches name: FACIAL_R_12IPV_NasolabialB5.drawstyle

2026-07-08 17:24:59 - MayaTools.CNTManager3 - WARNING - [CNTManager3] 실패 - FACIAL_R_12IPV_NasolabialB6.drawstyle: setAttr: No object matches name: FACIAL_R_12IPV_NasolabialB6.drawstyle

2026-07-08 17:24:59 - MayaTools.CNTManager3 - WARNING - [CNTManager3] 실패 - FACIAL_R_12IPV_NasolabialB7.drawstyle: setAttr: No object matches name: FACIAL_R_12IPV_NasolabialB7.drawstyle

2026-07-08 17:24:59 - MayaTools.CNTManager3 - WARNING - [CNTManager3] 실패 - FACIAL_R_12IPV_NasolabialB8.drawstyle: setAttr: No object matches name: FACIAL_R_12IPV_NasolabialB8.drawstyle

2026-07-08 17:24:59 - MayaTools.CNTManager3 - WARNING - [CNTManager3] 실패 - FACIAL_R_12IPV_NasolabialB9.drawstyle: setAttr: No object matches name: FACIAL_R_12IPV_NasolabialB9.drawstyle

2026-07-08 17:24:59 - MayaTools.CNTManager3 - WARNING - [CNTManager3] 실패 - FACIAL_R_12IPV_NasolabialB10.drawstyle: setAttr: No object matches name: FACIAL_R_12IPV_NasolabialB10.drawstyle

2026-07-08 17:24:59 - MayaTools.CNTManager3 - WARNING - [CNTManager3] 실패 - FACIAL_R_12IPV_NasolabialB11.drawstyle: setAttr: No object matches name: FACIAL_R_12IPV_NasolabialB11.drawstyle

2026-07-08 17:24:59 - MayaTools.CNTManager3 - WARNING - [CNTManager3] 실패 - FACIAL_R_12IPV_NasolabialB12.drawstyle: setAttr: No object matches name: FACIAL_R_12IPV_NasolabialB12.drawstyle

2026-07-08 17:24:59 - MayaTools.CNTManager3 - WARNING - [CNTManager3] 실패 - FACIAL_L_NasolabialFurrow.drawstyle: setAttr: No object matches name: FACIAL_L_NasolabialFurrow.drawstyle

2026-07-08 17:24:59 - MayaTools.CNTManager3 - WARNING - [CNTManager3] 실패 - FACIAL_R_NasolabialFurrow.drawstyle: setAttr: No object matches name: FACIAL_R_NasolabialFurrow.drawstyle

2026-07-08 17:24:59 - MayaTools.CNTManager3 - WARNING - [CNTManager3] 실패 - FACIAL_L_12IPV_NasolabialF1.drawstyle: setAttr: No object matches name: FACIAL_L_12IPV_NasolabialF1.drawstyle

2026-07-08 17:24:59 - MayaTools.CNTManager3 - WARNING - [CNTManager3] 실패 - FACIAL_R_12IPV_NasolabialF1.drawstyle: setAttr: No object matches name: FACIAL_R_12IPV_NasolabialF1.drawstyle

2026-07-08 17:24:59 - MayaTools.CNTManager3 - WARNING - [CNTManager3] 실패 - FACIAL_L_12IPV_NasolabialF2.drawstyle: setAttr: No object matches name: FACIAL_L_12IPV_NasolabialF2.drawstyle

2026-07-08 17:24:59 - MayaTools.CNTManager3 - WARNING - [CNTManager3] 실패 - FACIAL_R_12IPV_NasolabialF2.drawstyle: setAttr: No object matches name: FACIAL_R_12IPV_NasolabialF2.drawstyle

2026-07-08 17:24:59 - MayaTools.CNTManager3 - WARNING - [CNTManager3] 실패 - FACIAL_L_12IPV_NasolabialF3.drawstyle: setAttr: No object matches name: FACIAL_L_12IPV_NasolabialF3.drawstyle

2026-07-08 17:24:59 - MayaTools.CNTManager3 - WARNING - [CNTManager3] 실패 - FACIAL_R_12IPV_NasolabialF3.drawstyle: setAttr: No object matches name: FACIAL_R_12IPV_NasolabialF3.drawstyle

2026-07-08 17:24:59 - MayaTools.CNTManager3 - WARNING - [CNTManager3] 실패 - FACIAL_L_12IPV_NasolabialF4.drawstyle: setAttr: No object matches name: FACIAL_L_12IPV_NasolabialF4.drawstyle

2026-07-08 17:24:59 - MayaTools.CNTManager3 - WARNING - [CNTManager3] 실패 - FACIAL_R_12IPV_NasolabialF4.drawstyle: setAttr: No object matches name: FACIAL_R_12IPV_NasolabialF4.drawstyle

2026-07-08 17:24:59 - MayaTools.CNTManager3 - WARNING - [CNTManager3] 실패 - FACIAL_L_12IPV_NasolabialF5.drawstyle: setAttr: No object matches name: FACIAL_L_12IPV_NasolabialF5.drawstyle

2026-07-08 17:24:59 - MayaTools.CNTManager3 - WARNING - [CNTManager3] 실패 - FACIAL_R_12IPV_NasolabialF5.drawstyle: setAttr: No object matches name: FACIAL_R_12IPV_NasolabialF5.drawstyle

2026-07-08 17:24:59 - MayaTools.CNTManager3 - WARNING - [CNTManager3] 실패 - FACIAL_L_12IPV_NasolabialF6.drawstyle: setAttr: No object matches name: FACIAL_L_12IPV_NasolabialF6.drawstyle

2026-07-08 17:24:59 - MayaTools.CNTManager3 - WARNING - [CNTManager3] 실패 - FACIAL_R_12IPV_NasolabialF6.drawstyle: setAttr: No object matches name: FACIAL_R_12IPV_NasolabialF6.drawstyle

2026-07-08 17:24:59 - MayaTools.CNTManager3 - WARNING - [CNTManager3] 실패 - FACIAL_L_12IPV_NasolabialF7.drawstyle: setAttr: No object matches name: FACIAL_L_12IPV_NasolabialF7.drawstyle

2026-07-08 17:24:59 - MayaTools.CNTManager3 - WARNING - [CNTManager3] 실패 - FACIAL_R_12IPV_NasolabialF7.drawstyle: setAttr: No object matches name: FACIAL_R_12IPV_NasolabialF7.drawstyle

2026-07-08 17:24:59 - MayaTools.CNTManager3 - WARNING - [CNTManager3] 실패 - FACIAL_L_12IPV_NasolabialF8.drawstyle: setAttr: No object matches name: FACIAL_L_12IPV_NasolabialF8.drawstyle

2026-07-08 17:24:59 - MayaTools.CNTManager3 - WARNING - [CNTManager3] 실패 - FACIAL_R_12IPV_NasolabialF8.drawstyle: setAttr: No object matches name: FACIAL_R_12IPV_NasolabialF8.drawstyle

2026-07-08 17:24:59 - MayaTools.CNTManager3 - WARNING - [CNTManager3] 실패 - FACIAL_L_12IPV_NasolabialF9.drawstyle: setAttr: No object matches name: FACIAL_L_12IPV_NasolabialF9.drawstyle

2026-07-08 17:24:59 - MayaTools.CNTManager3 - WARNING - [CNTManager3] 실패 - FACIAL_R_12IPV_NasolabialF9.drawstyle: setAttr: No object matches name: FACIAL_R_12IPV_NasolabialF9.drawstyle

2026-07-08 17:24:59 - MayaTools.CNTManager3 - WARNING - [CNTManager3] 실패 - FACIAL_L_CheekLower.drawstyle: setAttr: No object matches name: FACIAL_L_CheekLower.drawstyle

2026-07-08 17:24:59 - MayaTools.CNTManager3 - WARNING - [CNTManager3] 실패 - FACIAL_L_CheekLower1.drawstyle: setAttr: No object matches name: FACIAL_L_CheekLower1.drawstyle

2026-07-08 17:24:59 - MayaTools.CNTManager3 - WARNING - [CNTManager3] 실패 - FACIAL_L_CheekLower2.drawstyle: setAttr: No object matches name: FACIAL_L_CheekLower2.drawstyle

2026-07-08 17:24:59 - MayaTools.CNTManager3 - WARNING - [CNTManager3] 실패 - FACIAL_L_12IPV_CheekL1.drawstyle: setAttr: No object matches name: FACIAL_L_12IPV_CheekL1.drawstyle

2026-07-08 17:24:59 - MayaTools.CNTManager3 - WARNING - [CNTManager3] 실패 - FACIAL_L_12IPV_CheekL2.drawstyle: setAttr: No object matches name: FACIAL_L_12IPV_CheekL2.drawstyle

2026-07-08 17:24:59 - MayaTools.CNTManager3 - WARNING - [CNTManager3] 실패 - FACIAL_L_12IPV_CheekL3.drawstyle: setAttr: No object matches name: FACIAL_L_12IPV_CheekL3.drawstyle

2026-07-08 17:24:59 - MayaTools.CNTManager3 - WARNING - [CNTManager3] 실패 - FACIAL_L_12IPV_CheekL4.drawstyle: setAttr: No object matches name: FACIAL_L_12IPV_CheekL4.drawstyle

2026-07-08 17:24:59 - MayaTools.CNTManager3 - WARNING - [CNTManager3] 실패 - FACIAL_R_CheekLower.drawstyle: setAttr: No object matches name: FACIAL_R_CheekLower.drawstyle

2026-07-08 17:24:59 - MayaTools.CNTManager3 - WARNING - [CNTManager3] 실패 - FACIAL_R_CheekLower1.drawstyle: setAttr: No object matches name: FACIAL_R_CheekLower1.drawstyle

2026-07-08 17:24:59 - MayaTools.CNTManager3 - WARNING - [CNTManager3] 실패 - FACIAL_R_CheekLower2.drawstyle: setAttr: No object matches name: FACIAL_R_CheekLower2.drawstyle

2026-07-08 17:24:59 - MayaTools.CNTManager3 - WARNING - [CNTManager3] 실패 - FACIAL_R_12IPV_CheekL1.drawstyle: setAttr: No object matches name: FACIAL_R_12IPV_CheekL1.drawstyle

2026-07-08 17:24:59 - MayaTools.CNTManager3 - WARNING - [CNTManager3] 실패 - FACIAL_R_12IPV_CheekL2.drawstyle: setAttr: No object matches name: FACIAL_R_12IPV_CheekL2.drawstyle

2026-07-08 17:24:59 - MayaTools.CNTManager3 - WARNING - [CNTManager3] 실패 - FACIAL_R_12IPV_CheekL3.drawstyle: setAttr: No object matches name: FACIAL_R_12IPV_CheekL3.drawstyle

2026-07-08 17:24:59 - MayaTools.CNTManager3 - WARNING - [CNTManager3] 실패 - FACIAL_R_12IPV_CheekL4.drawstyle: setAttr: No object matches name: FACIAL_R_12IPV_CheekL4.drawstyle

2026-07-08 17:24:59 - MayaTools.CNTManager3 - WARNING - [CNTManager3] 실패 - FACIAL_L_Ear.drawstyle: setAttr: No object matches name: FACIAL_L_Ear.drawstyle

2026-07-08 17:24:59 - MayaTools.CNTManager3 - WARNING - [CNTManager3] 실패 - FACIAL_L_Ear1.drawstyle: setAttr: No object matches name: FACIAL_L_Ear1.drawstyle

2026-07-08 17:24:59 - MayaTools.CNTManager3 - WARNING - [CNTManager3] 실패 - FACIAL_L_Ear2.drawstyle: setAttr: No object matches name: FACIAL_L_Ear2.drawstyle

2026-07-08 17:24:59 - MayaTools.CNTManager3 - WARNING - [CNTManager3] 실패 - FACIAL_L_Ear3.drawstyle: setAttr: No object matches name: FACIAL_L_Ear3.drawstyle

2026-07-08 17:24:59 - MayaTools.CNTManager3 - WARNING - [CNTManager3] 실패 - FACIAL_L_Ear4.drawstyle: setAttr: No object matches name: FACIAL_L_Ear4.drawstyle

2026-07-08 17:24:59 - MayaTools.CNTManager3 - WARNING - [CNTManager3] 실패 - FACIAL_R_Ear.drawstyle: setAttr: No object matches name: FACIAL_R_Ear.drawstyle

2026-07-08 17:24:59 - MayaTools.CNTManager3 - WARNING - [CNTManager3] 실패 - FACIAL_R_Ear1.drawstyle: setAttr: No object matches name: FACIAL_R_Ear1.drawstyle

2026-07-08 17:24:59 - MayaTools.CNTManager3 - WARNING - [CNTManager3] 실패 - FACIAL_R_Ear2.drawstyle: setAttr: No object matches name: FACIAL_R_Ear2.drawstyle

2026-07-08 17:24:59 - MayaTools.CNTManager3 - WARNING - [CNTManager3] 실패 - FACIAL_R_Ear3.drawstyle: setAttr: No object matches name: FACIAL_R_Ear3.drawstyle

2026-07-08 17:24:59 - MayaTools.CNTManager3 - WARNING - [CNTManager3] 실패 - FACIAL_R_Ear4.drawstyle: setAttr: No object matches name: FACIAL_R_Ear4.drawstyle

2026-07-08 17:24:59 - MayaTools.CNTManager3 - WARNING - [CNTManager3] 실패 - FACIAL_C_Nose.drawstyle: setAttr: No object matches name: FACIAL_C_Nose.drawstyle

2026-07-08 17:24:59 - MayaTools.CNTManager3 - WARNING - [CNTManager3] 실패 - FACIAL_C_NoseLower.drawstyle: setAttr: No object matches name: FACIAL_C_NoseLower.drawstyle

2026-07-08 17:24:59 - MayaTools.CNTManager3 - WARNING - [CNTManager3] 실패 - FACIAL_L_NostrilThickness3.drawstyle: setAttr: No object matches name: FACIAL_L_NostrilThickness3.drawstyle

2026-07-08 17:24:59 - MayaTools.CNTManager3 - WARNING - [CNTManager3] 실패 - FACIAL_R_NostrilThickness3.drawstyle: setAttr: No object matches name: FACIAL_R_NostrilThickness3.drawstyle

2026-07-08 17:24:59 - MayaTools.CNTManager3 - WARNING - [CNTManager3] 실패 - FACIAL_C_12IPV_NoseL1.drawstyle: setAttr: No object matches name: FACIAL_C_12IPV_NoseL1.drawstyle

2026-07-08 17:24:59 - MayaTools.CNTManager3 - WARNING - [CNTManager3] 실패 - FACIAL_C_12IPV_NoseL2.drawstyle: setAttr: No object matches name: FACIAL_C_12IPV_NoseL2.drawstyle

2026-07-08 17:24:59 - MayaTools.CNTManager3 - WARNING - [CNTManager3] 실패 - FACIAL_C_NoseTip.drawstyle: setAttr: No object matches name: FACIAL_C_NoseTip.drawstyle

2026-07-08 17:24:59 - MayaTools.CNTManager3 - WARNING - [CNTManager3] 실패 - FACIAL_C_12IPV_NoseTip1.drawstyle: setAttr: No object matches name: FACIAL_C_12IPV_NoseTip1.drawstyle

2026-07-08 17:24:59 - MayaTools.CNTManager3 - WARNING - [CNTManager3] 실패 - FACIAL_C_12IPV_NoseTip2.drawstyle: setAttr: No object matches name: FACIAL_C_12IPV_NoseTip2.drawstyle

2026-07-08 17:24:59 - MayaTools.CNTManager3 - WARNING - [CNTManager3] 실패 - FACIAL_C_12IPV_NoseTip3.drawstyle: setAttr: No object matches name: FACIAL_C_12IPV_NoseTip3.drawstyle

2026-07-08 17:24:59 - MayaTools.CNTManager3 - WARNING - [CNTManager3] 실패 - FACIAL_L_12IPV_NoseTip1.drawstyle: setAttr: No object matches name: FACIAL_L_12IPV_NoseTip1.drawstyle

2026-07-08 17:24:59 - MayaTools.CNTManager3 - WARNING - [CNTManager3] 실패 - FACIAL_R_12IPV_NoseTip1.drawstyle: setAttr: No object matches name: FACIAL_R_12IPV_NoseTip1.drawstyle

2026-07-08 17:24:59 - MayaTools.CNTManager3 - WARNING - [CNTManager3] 실패 - FACIAL_L_12IPV_NoseTip2.drawstyle: setAttr: No object matches name: FACIAL_L_12IPV_NoseTip2.drawstyle

2026-07-08 17:24:59 - MayaTools.CNTManager3 - WARNING - [CNTManager3] 실패 - FACIAL_R_12IPV_NoseTip2.drawstyle: setAttr: No object matches name: FACIAL_R_12IPV_NoseTip2.drawstyle

2026-07-08 17:24:59 - MayaTools.CNTManager3 - WARNING - [CNTManager3] 실패 - FACIAL_L_12IPV_NoseTip3.drawstyle: setAttr: No object matches name: FACIAL_L_12IPV_NoseTip3.drawstyle

2026-07-08 17:24:59 - MayaTools.CNTManager3 - WARNING - [CNTManager3] 실패 - FACIAL_R_12IPV_NoseTip3.drawstyle: setAttr: No object matches name: FACIAL_R_12IPV_NoseTip3.drawstyle

2026-07-08 17:24:59 - MayaTools.CNTManager3 - WARNING - [CNTManager3] 실패 - FACIAL_L_Nostril.drawstyle: setAttr: No object matches name: FACIAL_L_Nostril.drawstyle

2026-07-08 17:24:59 - MayaTools.CNTManager3 - WARNING - [CNTManager3] 실패 - FACIAL_L_NostrilThickness1.drawstyle: setAttr: No object matches name: FACIAL_L_NostrilThickness1.drawstyle

2026-07-08 17:24:59 - MayaTools.CNTManager3 - WARNING - [CNTManager3] 실패 - FACIAL_L_NostrilThickness2.drawstyle: setAttr: No object matches name: FACIAL_L_NostrilThickness2.drawstyle

2026-07-08 17:24:59 - MayaTools.CNTManager3 - WARNING - [CNTManager3] 실패 - FACIAL_L_12IPV_Nostril1.drawstyle: setAttr: No object matches name: FACIAL_L_12IPV_Nostril1.drawstyle

2026-07-08 17:24:59 - MayaTools.CNTManager3 - WARNING - [CNTManager3] 실패 - FACIAL_L_12IPV_Nostril2.drawstyle: setAttr: No object matches name: FACIAL_L_12IPV_Nostril2.drawstyle

2026-07-08 17:24:59 - MayaTools.CNTManager3 - WARNING - [CNTManager3] 실패 - FACIAL_L_12IPV_Nostril3.drawstyle: setAttr: No object matches name: FACIAL_L_12IPV_Nostril3.drawstyle

2026-07-08 17:24:59 - MayaTools.CNTManager3 - WARNING - [CNTManager3] 실패 - FACIAL_L_12IPV_Nostril4.drawstyle: setAttr: No object matches name: FACIAL_L_12IPV_Nostril4.drawstyle

2026-07-08 17:24:59 - MayaTools.CNTManager3 - WARNING - [CNTManager3] 실패 - FACIAL_L_12IPV_Nostril5.drawstyle: setAttr: No object matches name: FACIAL_L_12IPV_Nostril5.drawstyle

2026-07-08 17:24:59 - MayaTools.CNTManager3 - WARNING - [CNTManager3] 실패 - FACIAL_L_12IPV_Nostril6.drawstyle: setAttr: No object matches name: FACIAL_L_12IPV_Nostril6.drawstyle

2026-07-08 17:24:59 - MayaTools.CNTManager3 - WARNING - [CNTManager3] 실패 - FACIAL_L_12IPV_Nostril7.drawstyle: setAttr: No object matches name: FACIAL_L_12IPV_Nostril7.drawstyle

2026-07-08 17:24:59 - MayaTools.CNTManager3 - WARNING - [CNTManager3] 실패 - FACIAL_L_12IPV_Nostril8.drawstyle: setAttr: No object matches name: FACIAL_L_12IPV_Nostril8.drawstyle

2026-07-08 17:24:59 - MayaTools.CNTManager3 - WARNING - [CNTManager3] 실패 - FACIAL_L_12IPV_Nostril9.drawstyle: setAttr: No object matches name: FACIAL_L_12IPV_Nostril9.drawstyle

2026-07-08 17:24:59 - MayaTools.CNTManager3 - WARNING - [CNTManager3] 실패 - FACIAL_L_12IPV_Nostril10.drawstyle: setAttr: No object matches name: FACIAL_L_12IPV_Nostril10.drawstyle

2026-07-08 17:24:59 - MayaTools.CNTManager3 - WARNING - [CNTManager3] 실패 - FACIAL_L_12IPV_Nostril11.drawstyle: setAttr: No object matches name: FACIAL_L_12IPV_Nostril11.drawstyle

2026-07-08 17:24:59 - MayaTools.CNTManager3 - WARNING - [CNTManager3] 실패 - FACIAL_L_12IPV_Nostril12.drawstyle: setAttr: No object matches name: FACIAL_L_12IPV_Nostril12.drawstyle

2026-07-08 17:24:59 - MayaTools.CNTManager3 - WARNING - [CNTManager3] 실패 - FACIAL_L_12IPV_Nostril13.drawstyle: setAttr: No object matches name: FACIAL_L_12IPV_Nostril13.drawstyle

2026-07-08 17:24:59 - MayaTools.CNTManager3 - WARNING - [CNTManager3] 실패 - FACIAL_L_12IPV_Nostril14.drawstyle: setAttr: No object matches name: FACIAL_L_12IPV_Nostril14.drawstyle

2026-07-08 17:24:59 - MayaTools.CNTManager3 - WARNING - [CNTManager3] 실패 - FACIAL_R_Nostril.drawstyle: setAttr: No object matches name: FACIAL_R_Nostril.drawstyle

2026-07-08 17:24:59 - MayaTools.CNTManager3 - WARNING - [CNTManager3] 실패 - FACIAL_R_NostrilThickness1.drawstyle: setAttr: No object matches name: FACIAL_R_NostrilThickness1.drawstyle

2026-07-08 17:24:59 - MayaTools.CNTManager3 - WARNING - [CNTManager3] 실패 - FACIAL_R_NostrilThickness2.drawstyle: setAttr: No object matches name: FACIAL_R_NostrilThickness2.drawstyle

2026-07-08 17:24:59 - MayaTools.CNTManager3 - WARNING - [CNTManager3] 실패 - FACIAL_R_12IPV_Nostril1.drawstyle: setAttr: No object matches name: FACIAL_R_12IPV_Nostril1.drawstyle

2026-07-08 17:24:59 - MayaTools.CNTManager3 - WARNING - [CNTManager3] 실패 - FACIAL_R_12IPV_Nostril2.drawstyle: setAttr: No object matches name: FACIAL_R_12IPV_Nostril2.drawstyle

2026-07-08 17:24:59 - MayaTools.CNTManager3 - WARNING - [CNTManager3] 실패 - FACIAL_R_12IPV_Nostril3.drawstyle: setAttr: No object matches name: FACIAL_R_12IPV_Nostril3.drawstyle

2026-07-08 17:24:59 - MayaTools.CNTManager3 - WARNING - [CNTManager3] 실패 - FACIAL_R_12IPV_Nostril4.drawstyle: setAttr: No object matches name: FACIAL_R_12IPV_Nostril4.drawstyle

2026-07-08 17:24:59 - MayaTools.CNTManager3 - WARNING - [CNTManager3] 실패 - FACIAL_R_12IPV_Nostril5.drawstyle: setAttr: No object matches name: FACIAL_R_12IPV_Nostril5.drawstyle

2026-07-08 17:24:59 - MayaTools.CNTManager3 - WARNING - [CNTManager3] 실패 - FACIAL_R_12IPV_Nostril6.drawstyle: setAttr: No object matches name: FACIAL_R_12IPV_Nostril6.drawstyle

2026-07-08 17:24:59 - MayaTools.CNTManager3 - WARNING - [CNTManager3] 실패 - FACIAL_R_12IPV_Nostril7.drawstyle: setAttr: No object matches name: FACIAL_R_12IPV_Nostril7.drawstyle

2026-07-08 17:24:59 - MayaTools.CNTManager3 - WARNING - [CNTManager3] 실패 - FACIAL_R_12IPV_Nostril8.drawstyle: setAttr: No object matches name: FACIAL_R_12IPV_Nostril8.drawstyle

2026-07-08 17:24:59 - MayaTools.CNTManager3 - WARNING - [CNTManager3] 실패 - FACIAL_R_12IPV_Nostril9.drawstyle: setAttr: No object matches name: FACIAL_R_12IPV_Nostril9.drawstyle

2026-07-08 17:24:59 - MayaTools.CNTManager3 - WARNING - [CNTManager3] 실패 - FACIAL_R_12IPV_Nostril10.drawstyle: setAttr: No object matches name: FACIAL_R_12IPV_Nostril10.drawstyle

2026-07-08 17:24:59 - MayaTools.CNTManager3 - WARNING - [CNTManager3] 실패 - FACIAL_R_12IPV_Nostril11.drawstyle: setAttr: No object matches name: FACIAL_R_12IPV_Nostril11.drawstyle

2026-07-08 17:24:59 - MayaTools.CNTManager3 - WARNING - [CNTManager3] 실패 - FACIAL_R_12IPV_Nostril12.drawstyle: setAttr: No object matches name: FACIAL_R_12IPV_Nostril12.drawstyle

2026-07-08 17:24:59 - MayaTools.CNTManager3 - WARNING - [CNTManager3] 실패 - FACIAL_R_12IPV_Nostril13.drawstyle: setAttr: No object matches name: FACIAL_R_12IPV_Nostril13.drawstyle

2026-07-08 17:24:59 - MayaTools.CNTManager3 - WARNING - [CNTManager3] 실패 - FACIAL_R_12IPV_Nostril14.drawstyle: setAttr: No object matches name: FACIAL_R_12IPV_Nostril14.drawstyle

2026-07-08 17:24:59 - MayaTools.CNTManager3 - WARNING - [CNTManager3] 실패 - FACIAL_C_LipUpperSkin.drawstyle: setAttr: No object matches name: FACIAL_C_LipUpperSkin.drawstyle

2026-07-08 17:24:59 - MayaTools.CNTManager3 - WARNING - [CNTManager3] 실패 - FACIAL_L_LipUpperSkin.drawstyle: setAttr: No object matches name: FACIAL_L_LipUpperSkin.drawstyle

2026-07-08 17:24:59 - MayaTools.CNTManager3 - WARNING - [CNTManager3] 실패 - FACIAL_R_LipUpperSkin.drawstyle: setAttr: No object matches name: FACIAL_R_LipUpperSkin.drawstyle

2026-07-08 17:24:59 - MayaTools.CNTManager3 - WARNING - [CNTManager3] 실패 - FACIAL_L_LipUpperOuterSkin.drawstyle: setAttr: No object matches name: FACIAL_L_LipUpperOuterSkin.drawstyle

2026-07-08 17:24:59 - MayaTools.CNTManager3 - WARNING - [CNTManager3] 실패 - FACIAL_R_LipUpperOuterSkin.drawstyle: setAttr: No object matches name: FACIAL_R_LipUpperOuterSkin.drawstyle

2026-07-08 17:24:59 - MayaTools.CNTManager3 - WARNING - [CNTManager3] 실패 - FACIAL_C_12IPV_LipUpperSkin1.drawstyle: setAttr: No object matches name: FACIAL_C_12IPV_LipUpperSkin1.drawstyle

2026-07-08 17:24:59 - MayaTools.CNTManager3 - WARNING - [CNTManager3] 실패 - FACIAL_C_12IPV_LipUpperSkin2.drawstyle: setAttr: No object matches name: FACIAL_C_12IPV_LipUpperSkin2.drawstyle

2026-07-08 17:24:59 - MayaTools.CNTManager3 - WARNING - [CNTManager3] 실패 - FACIAL_L_12IPV_LipUpperSkin.drawstyle: setAttr: No object matches name: FACIAL_L_12IPV_LipUpperSkin.drawstyle

2026-07-08 17:24:59 - MayaTools.CNTManager3 - WARNING - [CNTManager3] 실패 - FACIAL_R_12IPV_LipUpperSkin.drawstyle: setAttr: No object matches name: FACIAL_R_12IPV_LipUpperSkin.drawstyle

2026-07-08 17:24:59 - MayaTools.CNTManager3 - WARNING - [CNTManager3] 실패 - FACIAL_L_12IPV_LipUpperOuterSkin1.drawstyle: setAttr: No object matches name: FACIAL_L_12IPV_LipUpperOuterSkin1.drawstyle

2026-07-08 17:24:59 - MayaTools.CNTManager3 - WARNING - [CNTManager3] 실패 - FACIAL_R_12IPV_LipUpperOuterSkin1.drawstyle: setAttr: No object matches name: FACIAL_R_12IPV_LipUpperOuterSkin1.drawstyle

2026-07-08 17:24:59 - MayaTools.CNTManager3 - WARNING - [CNTManager3] 실패 - FACIAL_L_12IPV_LipUpperOuterSkin2.drawstyle: setAttr: No object matches name: FACIAL_L_12IPV_LipUpperOuterSkin2.drawstyle

2026-07-08 17:24:59 - MayaTools.CNTManager3 - WARNING - [CNTManager3] 실패 - FACIAL_R_12IPV_LipUpperOuterSkin2.drawstyle: setAttr: No object matches name: FACIAL_R_12IPV_LipUpperOuterSkin2.drawstyle

2026-07-08 17:24:59 - MayaTools.CNTManager3 - WARNING - [CNTManager3] 실패 - FACIAL_L_12IPV_MouthInteriorUpper1.drawstyle: setAttr: No object matches name: FACIAL_L_12IPV_MouthInteriorUpper1.drawstyle

2026-07-08 17:24:59 - MayaTools.CNTManager3 - WARNING - [CNTManager3] 실패 - FACIAL_R_12IPV_MouthInteriorUpper1.drawstyle: setAttr: No object matches name: FACIAL_R_12IPV_MouthInteriorUpper1.drawstyle

2026-07-08 17:24:59 - MayaTools.CNTManager3 - WARNING - [CNTManager3] 실패 - FACIAL_L_12IPV_MouthInteriorUpper2.drawstyle: setAttr: No object matches name: FACIAL_L_12IPV_MouthInteriorUpper2.drawstyle

2026-07-08 17:24:59 - MayaTools.CNTManager3 - WARNING - [CNTManager3] 실패 - FACIAL_R_12IPV_MouthInteriorUpper2.drawstyle: setAttr: No object matches name: FACIAL_R_12IPV_MouthInteriorUpper2.drawstyle

2026-07-08 17:24:59 - MayaTools.CNTManager3 - WARNING - [CNTManager3] 실패 - FACIAL_C_MouthUpper.drawstyle: setAttr: No object matches name: FACIAL_C_MouthUpper.drawstyle

2026-07-08 17:24:59 - MayaTools.CNTManager3 - WARNING - [CNTManager3] 실패 - FACIAL_C_LipUpper.drawstyle: setAttr: No object matches name: FACIAL_C_LipUpper.drawstyle

2026-07-08 17:24:59 - MayaTools.CNTManager3 - WARNING - [CNTManager3] 실패 - FACIAL_C_LipUpper1.drawstyle: setAttr: No object matches name: FACIAL_C_LipUpper1.drawstyle

2026-07-08 17:24:59 - MayaTools.CNTManager3 - WARNING - [CNTManager3] 실패 - FACIAL_C_LipUpper2.drawstyle: setAttr: No object matches name: FACIAL_C_LipUpper2.drawstyle

2026-07-08 17:24:59 - MayaTools.CNTManager3 - WARNING - [CNTManager3] 실패 - FACIAL_C_LipUpper3.drawstyle: setAttr: No object matches name: FACIAL_C_LipUpper3.drawstyle

2026-07-08 17:24:59 - MayaTools.CNTManager3 - WARNING - [CNTManager3] 실패 - FACIAL_L_12IPV_LipUpper1.drawstyle: setAttr: No object matches name: FACIAL_L_12IPV_LipUpper1.drawstyle

2026-07-08 17:24:59 - MayaTools.CNTManager3 - WARNING - [CNTManager3] 실패 - FACIAL_R_12IPV_LipUpper1.drawstyle: setAttr: No object matches name: FACIAL_R_12IPV_LipUpper1.drawstyle

2026-07-08 17:24:59 - MayaTools.CNTManager3 - WARNING - [CNTManager3] 실패 - FACIAL_L_12IPV_LipUpper2.drawstyle: setAttr: No object matches name: FACIAL_L_12IPV_LipUpper2.drawstyle

2026-07-08 17:24:59 - MayaTools.CNTManager3 - WARNING - [CNTManager3] 실패 - FACIAL_R_12IPV_LipUpper2.drawstyle: setAttr: No object matches name: FACIAL_R_12IPV_LipUpper2.drawstyle

2026-07-08 17:24:59 - MayaTools.CNTManager3 - WARNING - [CNTManager3] 실패 - FACIAL_L_12IPV_LipUpper3.drawstyle: setAttr: No object matches name: FACIAL_L_12IPV_LipUpper3.drawstyle

2026-07-08 17:24:59 - MayaTools.CNTManager3 - WARNING - [CNTManager3] 실패 - FACIAL_R_12IPV_LipUpper3.drawstyle: setAttr: No object matches name: FACIAL_R_12IPV_LipUpper3.drawstyle

2026-07-08 17:24:59 - MayaTools.CNTManager3 - WARNING - [CNTManager3] 실패 - FACIAL_L_12IPV_LipUpper4.drawstyle: setAttr: No object matches name: FACIAL_L_12IPV_LipUpper4.drawstyle

2026-07-08 17:24:59 - MayaTools.CNTManager3 - WARNING - [CNTManager3] 실패 - FACIAL_R_12IPV_LipUpper4.drawstyle: setAttr: No object matches name: FACIAL_R_12IPV_LipUpper4.drawstyle

2026-07-08 17:24:59 - MayaTools.CNTManager3 - WARNING - [CNTManager3] 실패 - FACIAL_L_12IPV_LipUpper5.drawstyle: setAttr: No object matches name: FACIAL_L_12IPV_LipUpper5.drawstyle

2026-07-08 17:24:59 - MayaTools.CNTManager3 - WARNING - [CNTManager3] 실패 - FACIAL_R_12IPV_LipUpper5.drawstyle: setAttr: No object matches name: FACIAL_R_12IPV_LipUpper5.drawstyle

2026-07-08 17:24:59 - MayaTools.CNTManager3 - WARNING - [CNTManager3] 실패 - FACIAL_L_LipUpper.drawstyle: setAttr: No object matches name: FACIAL_L_LipUpper.drawstyle

2026-07-08 17:24:59 - MayaTools.CNTManager3 - WARNING - [CNTManager3] 실패 - FACIAL_L_LipUpper1.drawstyle: setAttr: No object matches name: FACIAL_L_LipUpper1.drawstyle

2026-07-08 17:24:59 - MayaTools.CNTManager3 - WARNING - [CNTManager3] 실패 - FACIAL_L_LipUpper2.drawstyle: setAttr: No object matches name: FACIAL_L_LipUpper2.drawstyle

2026-07-08 17:24:59 - MayaTools.CNTManager3 - WARNING - [CNTManager3] 실패 - FACIAL_L_LipUpper3.drawstyle: setAttr: No object matches name: FACIAL_L_LipUpper3.drawstyle

2026-07-08 17:24:59 - MayaTools.CNTManager3 - WARNING - [CNTManager3] 실패 - FACIAL_L_12IPV_LipUpper6.drawstyle: setAttr: No object matches name: FACIAL_L_12IPV_LipUpper6.drawstyle

2026-07-08 17:24:59 - MayaTools.CNTManager3 - WARNING - [CNTManager3] 실패 - FACIAL_L_12IPV_LipUpper7.drawstyle: setAttr: No object matches name: FACIAL_L_12IPV_LipUpper7.drawstyle

2026-07-08 17:24:59 - MayaTools.CNTManager3 - WARNING - [CNTManager3] 실패 - FACIAL_L_12IPV_LipUpper8.drawstyle: setAttr: No object matches name: FACIAL_L_12IPV_LipUpper8.drawstyle

2026-07-08 17:24:59 - MayaTools.CNTManager3 - WARNING - [CNTManager3] 실패 - FACIAL_L_12IPV_LipUpper9.drawstyle: setAttr: No object matches name: FACIAL_L_12IPV_LipUpper9.drawstyle

2026-07-08 17:24:59 - MayaTools.CNTManager3 - WARNING - [CNTManager3] 실패 - FACIAL_L_12IPV_LipUpper10.drawstyle: setAttr: No object matches name: FACIAL_L_12IPV_LipUpper10.drawstyle

2026-07-08 17:24:59 - MayaTools.CNTManager3 - WARNING - [CNTManager3] 실패 - FACIAL_L_12IPV_LipUpper11.drawstyle: setAttr: No object matches name: FACIAL_L_12IPV_LipUpper11.drawstyle

2026-07-08 17:24:59 - MayaTools.CNTManager3 - WARNING - [CNTManager3] 실패 - FACIAL_L_12IPV_LipUpper12.drawstyle: setAttr: No object matches name: FACIAL_L_12IPV_LipUpper12.drawstyle

2026-07-08 17:24:59 - MayaTools.CNTManager3 - WARNING - [CNTManager3] 실패 - FACIAL_L_12IPV_LipUpper13.drawstyle: setAttr: No object matches name: FACIAL_L_12IPV_LipUpper13.drawstyle

2026-07-08 17:24:59 - MayaTools.CNTManager3 - WARNING - [CNTManager3] 실패 - FACIAL_L_12IPV_LipUpper14.drawstyle: setAttr: No object matches name: FACIAL_L_12IPV_LipUpper14.drawstyle

2026-07-08 17:24:59 - MayaTools.CNTManager3 - WARNING - [CNTManager3] 실패 - FACIAL_L_12IPV_LipUpper15.drawstyle: setAttr: No object matches name: FACIAL_L_12IPV_LipUpper15.drawstyle

2026-07-08 17:24:59 - MayaTools.CNTManager3 - WARNING - [CNTManager3] 실패 - FACIAL_R_LipUpper.drawstyle: setAttr: No object matches name: FACIAL_R_LipUpper.drawstyle

2026-07-08 17:24:59 - MayaTools.CNTManager3 - WARNING - [CNTManager3] 실패 - FACIAL_R_LipUpper1.drawstyle: setAttr: No object matches name: FACIAL_R_LipUpper1.drawstyle

2026-07-08 17:24:59 - MayaTools.CNTManager3 - WARNING - [CNTManager3] 실패 - FACIAL_R_LipUpper2.drawstyle: setAttr: No object matches name: FACIAL_R_LipUpper2.drawstyle

2026-07-08 17:24:59 - MayaTools.CNTManager3 - WARNING - [CNTManager3] 실패 - FACIAL_R_LipUpper3.drawstyle: setAttr: No object matches name: FACIAL_R_LipUpper3.drawstyle

2026-07-08 17:24:59 - MayaTools.CNTManager3 - WARNING - [CNTManager3] 실패 - FACIAL_R_12IPV_LipUpper6.drawstyle: setAttr: No object matches name: FACIAL_R_12IPV_LipUpper6.drawstyle

2026-07-08 17:24:59 - MayaTools.CNTManager3 - WARNING - [CNTManager3] 실패 - FACIAL_R_12IPV_LipUpper7.drawstyle: setAttr: No object matches name: FACIAL_R_12IPV_LipUpper7.drawstyle

2026-07-08 17:24:59 - MayaTools.CNTManager3 - WARNING - [CNTManager3] 실패 - FACIAL_R_12IPV_LipUpper8.drawstyle: setAttr: No object matches name: FACIAL_R_12IPV_LipUpper8.drawstyle

2026-07-08 17:24:59 - MayaTools.CNTManager3 - WARNING - [CNTManager3] 실패 - FACIAL_R_12IPV_LipUpper9.drawstyle: setAttr: No object matches name: FACIAL_R_12IPV_LipUpper9.drawstyle

2026-07-08 17:24:59 - MayaTools.CNTManager3 - WARNING - [CNTManager3] 실패 - FACIAL_R_12IPV_LipUpper10.drawstyle: setAttr: No object matches name: FACIAL_R_12IPV_LipUpper10.drawstyle

2026-07-08 17:24:59 - MayaTools.CNTManager3 - WARNING - [CNTManager3] 실패 - FACIAL_R_12IPV_LipUpper11.drawstyle: setAttr: No object matches name: FACIAL_R_12IPV_LipUpper11.drawstyle

2026-07-08 17:24:59 - MayaTools.CNTManager3 - WARNING - [CNTManager3] 실패 - FACIAL_R_12IPV_LipUpper12.drawstyle: setAttr: No object matches name: FACIAL_R_12IPV_LipUpper12.drawstyle

2026-07-08 17:24:59 - MayaTools.CNTManager3 - WARNING - [CNTManager3] 실패 - FACIAL_R_12IPV_LipUpper13.drawstyle: setAttr: No object matches name: FACIAL_R_12IPV_LipUpper13.drawstyle

2026-07-08 17:24:59 - MayaTools.CNTManager3 - WARNING - [CNTManager3] 실패 - FACIAL_R_12IPV_LipUpper14.drawstyle: setAttr: No object matches name: FACIAL_R_12IPV_LipUpper14.drawstyle

2026-07-08 17:24:59 - MayaTools.CNTManager3 - WARNING - [CNTManager3] 실패 - FACIAL_R_12IPV_LipUpper15.drawstyle: setAttr: No object matches name: FACIAL_R_12IPV_LipUpper15.drawstyle

2026-07-08 17:24:59 - MayaTools.CNTManager3 - WARNING - [CNTManager3] 실패 - FACIAL_L_LipUpperOuter.drawstyle: setAttr: No object matches name: FACIAL_L_LipUpperOuter.drawstyle

2026-07-08 17:24:59 - MayaTools.CNTManager3 - WARNING - [CNTManager3] 실패 - FACIAL_L_LipUpperOuter1.drawstyle: setAttr: No object matches name: FACIAL_L_LipUpperOuter1.drawstyle

2026-07-08 17:24:59 - MayaTools.CNTManager3 - WARNING - [CNTManager3] 실패 - FACIAL_L_LipUpperOuter2.drawstyle: setAttr: No object matches name: FACIAL_L_LipUpperOuter2.drawstyle

2026-07-08 17:24:59 - MayaTools.CNTManager3 - WARNING - [CNTManager3] 실패 - FACIAL_L_LipUpperOuter3.drawstyle: setAttr: No object matches name: FACIAL_L_LipUpperOuter3.drawstyle

2026-07-08 17:24:59 - MayaTools.CNTManager3 - WARNING - [CNTManager3] 실패 - FACIAL_L_12IPV_LipUpper16.drawstyle: setAttr: No object matches name: FACIAL_L_12IPV_LipUpper16.drawstyle

2026-07-08 17:24:59 - MayaTools.CNTManager3 - WARNING - [CNTManager3] 실패 - FACIAL_L_12IPV_LipUpper17.drawstyle: setAttr: No object matches name: FACIAL_L_12IPV_LipUpper17.drawstyle

2026-07-08 17:24:59 - MayaTools.CNTManager3 - WARNING - [CNTManager3] 실패 - FACIAL_L_12IPV_LipUpper18.drawstyle: setAttr: No object matches name: FACIAL_L_12IPV_LipUpper18.drawstyle

2026-07-08 17:24:59 - MayaTools.CNTManager3 - WARNING - [CNTManager3] 실패 - FACIAL_L_12IPV_LipUpper19.drawstyle: setAttr: No object matches name: FACIAL_L_12IPV_LipUpper19.drawstyle

2026-07-08 17:24:59 - MayaTools.CNTManager3 - WARNING - [CNTManager3] 실패 - FACIAL_L_12IPV_LipUpper20.drawstyle: setAttr: No object matches name: FACIAL_L_12IPV_LipUpper20.drawstyle

2026-07-08 17:24:59 - MayaTools.CNTManager3 - WARNING - [CNTManager3] 실패 - FACIAL_L_12IPV_LipUpper21.drawstyle: setAttr: No object matches name: FACIAL_L_12IPV_LipUpper21.drawstyle

2026-07-08 17:24:59 - MayaTools.CNTManager3 - WARNING - [CNTManager3] 실패 - FACIAL_L_12IPV_LipUpper22.drawstyle: setAttr: No object matches name: FACIAL_L_12IPV_LipUpper22.drawstyle

2026-07-08 17:24:59 - MayaTools.CNTManager3 - WARNING - [CNTManager3] 실패 - FACIAL_L_12IPV_LipUpper23.drawstyle: setAttr: No object matches name: FACIAL_L_12IPV_LipUpper23.drawstyle

2026-07-08 17:24:59 - MayaTools.CNTManager3 - WARNING - [CNTManager3] 실패 - FACIAL_L_12IPV_LipUpper24.drawstyle: setAttr: No object matches name: FACIAL_L_12IPV_LipUpper24.drawstyle

2026-07-08 17:24:59 - MayaTools.CNTManager3 - WARNING - [CNTManager3] 실패 - FACIAL_R_LipUpperOuter.drawstyle: setAttr: No object matches name: FACIAL_R_LipUpperOuter.drawstyle

2026-07-08 17:24:59 - MayaTools.CNTManager3 - WARNING - [CNTManager3] 실패 - FACIAL_R_LipUpperOuter1.drawstyle: setAttr: No object matches name: FACIAL_R_LipUpperOuter1.drawstyle

2026-07-08 17:24:59 - MayaTools.CNTManager3 - WARNING - [CNTManager3] 실패 - FACIAL_R_LipUpperOuter2.drawstyle: setAttr: No object matches name: FACIAL_R_LipUpperOuter2.drawstyle

2026-07-08 17:24:59 - MayaTools.CNTManager3 - WARNING - [CNTManager3] 실패 - FACIAL_R_LipUpperOuter3.drawstyle: setAttr: No object matches name: FACIAL_R_LipUpperOuter3.drawstyle

2026-07-08 17:24:59 - MayaTools.CNTManager3 - WARNING - [CNTManager3] 실패 - FACIAL_R_12IPV_LipUpper16.drawstyle: setAttr: No object matches name: FACIAL_R_12IPV_LipUpper16.drawstyle

2026-07-08 17:24:59 - MayaTools.CNTManager3 - WARNING - [CNTManager3] 실패 - FACIAL_R_12IPV_LipUpper17.drawstyle: setAttr: No object matches name: FACIAL_R_12IPV_LipUpper17.drawstyle

2026-07-08 17:24:59 - MayaTools.CNTManager3 - WARNING - [CNTManager3] 실패 - FACIAL_R_12IPV_LipUpper18.drawstyle: setAttr: No object matches name: FACIAL_R_12IPV_LipUpper18.drawstyle

2026-07-08 17:24:59 - MayaTools.CNTManager3 - WARNING - [CNTManager3] 실패 - FACIAL_R_12IPV_LipUpper19.drawstyle: setAttr: No object matches name: FACIAL_R_12IPV_LipUpper19.drawstyle

2026-07-08 17:24:59 - MayaTools.CNTManager3 - WARNING - [CNTManager3] 실패 - FACIAL_R_12IPV_LipUpper20.drawstyle: setAttr: No object matches name: FACIAL_R_12IPV_LipUpper20.drawstyle

2026-07-08 17:24:59 - MayaTools.CNTManager3 - WARNING - [CNTManager3] 실패 - FACIAL_R_12IPV_LipUpper21.drawstyle: setAttr: No object matches name: FACIAL_R_12IPV_LipUpper21.drawstyle

2026-07-08 17:24:59 - MayaTools.CNTManager3 - WARNING - [CNTManager3] 실패 - FACIAL_R_12IPV_LipUpper22.drawstyle: setAttr: No object matches name: FACIAL_R_12IPV_LipUpper22.drawstyle

2026-07-08 17:24:59 - MayaTools.CNTManager3 - WARNING - [CNTManager3] 실패 - FACIAL_R_12IPV_LipUpper23.drawstyle: setAttr: No object matches name: FACIAL_R_12IPV_LipUpper23.drawstyle

2026-07-08 17:24:59 - MayaTools.CNTManager3 - WARNING - [CNTManager3] 실패 - FACIAL_R_12IPV_LipUpper24.drawstyle: setAttr: No object matches name: FACIAL_R_12IPV_LipUpper24.drawstyle

2026-07-08 17:24:59 - MayaTools.CNTManager3 - WARNING - [CNTManager3] 실패 - FACIAL_L_LipCorner.drawstyle: setAttr: No object matches name: FACIAL_L_LipCorner.drawstyle

2026-07-08 17:24:59 - MayaTools.CNTManager3 - WARNING - [CNTManager3] 실패 - FACIAL_L_LipCorner1.drawstyle: setAttr: No object matches name: FACIAL_L_LipCorner1.drawstyle

2026-07-08 17:24:59 - MayaTools.CNTManager3 - WARNING - [CNTManager3] 실패 - FACIAL_L_LipCorner2.drawstyle: setAttr: No object matches name: FACIAL_L_LipCorner2.drawstyle

2026-07-08 17:24:59 - MayaTools.CNTManager3 - WARNING - [CNTManager3] 실패 - FACIAL_L_LipCorner3.drawstyle: setAttr: No object matches name: FACIAL_L_LipCorner3.drawstyle

2026-07-08 17:24:59 - MayaTools.CNTManager3 - WARNING - [CNTManager3] 실패 - FACIAL_L_12IPV_LipCorner1.drawstyle: setAttr: No object matches name: FACIAL_L_12IPV_LipCorner1.drawstyle

2026-07-08 17:24:59 - MayaTools.CNTManager3 - WARNING - [CNTManager3] 실패 - FACIAL_L_12IPV_LipCorner2.drawstyle: setAttr: No object matches name: FACIAL_L_12IPV_LipCorner2.drawstyle

2026-07-08 17:24:59 - MayaTools.CNTManager3 - WARNING - [CNTManager3] 실패 - FACIAL_L_12IPV_LipCorner3.drawstyle: setAttr: No object matches name: FACIAL_L_12IPV_LipCorner3.drawstyle

2026-07-08 17:24:59 - MayaTools.CNTManager3 - WARNING - [CNTManager3] 실패 - FACIAL_R_LipCorner.drawstyle: setAttr: No object matches name: FACIAL_R_LipCorner.drawstyle

2026-07-08 17:24:59 - MayaTools.CNTManager3 - WARNING - [CNTManager3] 실패 - FACIAL_R_LipCorner1.drawstyle: setAttr: No object matches name: FACIAL_R_LipCorner1.drawstyle

2026-07-08 17:24:59 - MayaTools.CNTManager3 - WARNING - [CNTManager3] 실패 - FACIAL_R_LipCorner2.drawstyle: setAttr: No object matches name: FACIAL_R_LipCorner2.drawstyle

2026-07-08 17:24:59 - MayaTools.CNTManager3 - WARNING - [CNTManager3] 실패 - FACIAL_R_LipCorner3.drawstyle: setAttr: No object matches name: FACIAL_R_LipCorner3.drawstyle

2026-07-08 17:24:59 - MayaTools.CNTManager3 - WARNING - [CNTManager3] 실패 - FACIAL_R_12IPV_LipCorner1.drawstyle: setAttr: No object matches name: FACIAL_R_12IPV_LipCorner1.drawstyle

2026-07-08 17:24:59 - MayaTools.CNTManager3 - WARNING - [CNTManager3] 실패 - FACIAL_R_12IPV_LipCorner2.drawstyle: setAttr: No object matches name: FACIAL_R_12IPV_LipCorner2.drawstyle

2026-07-08 17:24:59 - MayaTools.CNTManager3 - WARNING - [CNTManager3] 실패 - FACIAL_R_12IPV_LipCorner3.drawstyle: setAttr: No object matches name: FACIAL_R_12IPV_LipCorner3.drawstyle

2026-07-08 17:24:59 - MayaTools.CNTManager3 - WARNING - [CNTManager3] 실패 - FACIAL_L_JawBulge.drawstyle: setAttr: No object matches name: FACIAL_L_JawBulge.drawstyle

2026-07-08 17:24:59 - MayaTools.CNTManager3 - WARNING - [CNTManager3] 실패 - FACIAL_R_JawBulge.drawstyle: setAttr: No object matches name: FACIAL_R_JawBulge.drawstyle

2026-07-08 17:24:59 - MayaTools.CNTManager3 - WARNING - [CNTManager3] 실패 - FACIAL_L_JawRecess.drawstyle: setAttr: No object matches name: FACIAL_L_JawRecess.drawstyle

2026-07-08 17:24:59 - MayaTools.CNTManager3 - WARNING - [CNTManager3] 실패 - FACIAL_R_JawRecess.drawstyle: setAttr: No object matches name: FACIAL_R_JawRecess.drawstyle

2026-07-08 17:24:59 - MayaTools.CNTManager3 - WARNING - [CNTManager3] 실패 - FACIAL_L_Masseter.drawstyle: setAttr: No object matches name: FACIAL_L_Masseter.drawstyle

2026-07-08 17:24:59 - MayaTools.CNTManager3 - WARNING - [CNTManager3] 실패 - FACIAL_R_Masseter.drawstyle: setAttr: No object matches name: FACIAL_R_Masseter.drawstyle

2026-07-08 17:24:59 - MayaTools.CNTManager3 - WARNING - [CNTManager3] 실패 - FACIAL_C_UnderChin.drawstyle: setAttr: No object matches name: FACIAL_C_UnderChin.drawstyle

2026-07-08 17:24:59 - MayaTools.CNTManager3 - WARNING - [CNTManager3] 실패 - FACIAL_L_12IPV_UnderChin1.drawstyle: setAttr: No object matches name: FACIAL_L_12IPV_UnderChin1.drawstyle

2026-07-08 17:24:59 - MayaTools.CNTManager3 - WARNING - [CNTManager3] 실패 - FACIAL_R_12IPV_UnderChin1.drawstyle: setAttr: No object matches name: FACIAL_R_12IPV_UnderChin1.drawstyle

2026-07-08 17:24:59 - MayaTools.CNTManager3 - WARNING - [CNTManager3] 실패 - FACIAL_L_12IPV_UnderChin2.drawstyle: setAttr: No object matches name: FACIAL_L_12IPV_UnderChin2.drawstyle

2026-07-08 17:24:59 - MayaTools.CNTManager3 - WARNING - [CNTManager3] 실패 - FACIAL_R_12IPV_UnderChin2.drawstyle: setAttr: No object matches name: FACIAL_R_12IPV_UnderChin2.drawstyle

2026-07-08 17:24:59 - MayaTools.CNTManager3 - WARNING - [CNTManager3] 실패 - FACIAL_L_UnderChin.drawstyle: setAttr: No object matches name: FACIAL_L_UnderChin.drawstyle

2026-07-08 17:24:59 - MayaTools.CNTManager3 - WARNING - [CNTManager3] 실패 - FACIAL_R_UnderChin.drawstyle: setAttr: No object matches name: FACIAL_R_UnderChin.drawstyle

2026-07-08 17:24:59 - MayaTools.CNTManager3 - WARNING - [CNTManager3] 실패 - FACIAL_L_12IPV_UnderChin3.drawstyle: setAttr: No object matches name: FACIAL_L_12IPV_UnderChin3.drawstyle

2026-07-08 17:24:59 - MayaTools.CNTManager3 - WARNING - [CNTManager3] 실패 - FACIAL_R_12IPV_UnderChin3.drawstyle: setAttr: No object matches name: FACIAL_R_12IPV_UnderChin3.drawstyle

2026-07-08 17:24:59 - MayaTools.CNTManager3 - WARNING - [CNTManager3] 실패 - FACIAL_L_12IPV_UnderChin4.drawstyle: setAttr: No object matches name: FACIAL_L_12IPV_UnderChin4.drawstyle

2026-07-08 17:24:59 - MayaTools.CNTManager3 - WARNING - [CNTManager3] 실패 - FACIAL_R_12IPV_UnderChin4.drawstyle: setAttr: No object matches name: FACIAL_R_12IPV_UnderChin4.drawstyle

2026-07-08 17:24:59 - MayaTools.CNTManager3 - WARNING - [CNTManager3] 실패 - FACIAL_L_12IPV_UnderChin5.drawstyle: setAttr: No object matches name: FACIAL_L_12IPV_UnderChin5.drawstyle

2026-07-08 17:24:59 - MayaTools.CNTManager3 - WARNING - [CNTManager3] 실패 - FACIAL_R_12IPV_UnderChin5.drawstyle: setAttr: No object matches name: FACIAL_R_12IPV_UnderChin5.drawstyle

2026-07-08 17:24:59 - MayaTools.CNTManager3 - WARNING - [CNTManager3] 실패 - FACIAL_L_12IPV_UnderChin6.drawstyle: setAttr: No object matches name: FACIAL_L_12IPV_UnderChin6.drawstyle

2026-07-08 17:24:59 - MayaTools.CNTManager3 - WARNING - [CNTManager3] 실패 - FACIAL_R_12IPV_UnderChin6.drawstyle: setAttr: No object matches name: FACIAL_R_12IPV_UnderChin6.drawstyle

2026-07-08 17:24:59 - MayaTools.CNTManager3 - WARNING - [CNTManager3] 실패 - FACIAL_C_TeethUpper.drawstyle: setAttr: No object matches name: FACIAL_C_TeethUpper.drawstyle

2026-07-08 17:24:59 - MayaTools.CNTManager3 - WARNING - [CNTManager3] 실패 - FACIAL_C_LowerLipRotation.drawstyle: setAttr: No object matches name: FACIAL_C_LowerLipRotation.drawstyle

2026-07-08 17:24:59 - MayaTools.CNTManager3 - WARNING - [CNTManager3] 실패 - FACIAL_C_LipLowerSkin.drawstyle: setAttr: No object matches name: FACIAL_C_LipLowerSkin.drawstyle

2026-07-08 17:24:59 - MayaTools.CNTManager3 - WARNING - [CNTManager3] 실패 - FACIAL_L_LipLowerSkin.drawstyle: setAttr: No object matches name: FACIAL_L_LipLowerSkin.drawstyle

2026-07-08 17:24:59 - MayaTools.CNTManager3 - WARNING - [CNTManager3] 실패 - FACIAL_R_LipLowerSkin.drawstyle: setAttr: No object matches name: FACIAL_R_LipLowerSkin.drawstyle

2026-07-08 17:24:59 - MayaTools.CNTManager3 - WARNING - [CNTManager3] 실패 - FACIAL_L_LipLowerOuterSkin.drawstyle: setAttr: No object matches name: FACIAL_L_LipLowerOuterSkin.drawstyle

2026-07-08 17:24:59 - MayaTools.CNTManager3 - WARNING - [CNTManager3] 실패 - FACIAL_R_LipLowerOuterSkin.drawstyle: setAttr: No object matches name: FACIAL_R_LipLowerOuterSkin.drawstyle

2026-07-08 17:24:59 - MayaTools.CNTManager3 - WARNING - [CNTManager3] 실패 - FACIAL_C_12IPV_LipLowerSkin1.drawstyle: setAttr: No object matches name: FACIAL_C_12IPV_LipLowerSkin1.drawstyle

2026-07-08 17:24:59 - MayaTools.CNTManager3 - WARNING - [CNTManager3] 실패 - FACIAL_C_12IPV_LipLowerSkin2.drawstyle: setAttr: No object matches name: FACIAL_C_12IPV_LipLowerSkin2.drawstyle

2026-07-08 17:24:59 - MayaTools.CNTManager3 - WARNING - [CNTManager3] 실패 - FACIAL_L_12IPV_LipLowerSkin.drawstyle: setAttr: No object matches name: FACIAL_L_12IPV_LipLowerSkin.drawstyle

2026-07-08 17:24:59 - MayaTools.CNTManager3 - WARNING - [CNTManager3] 실패 - FACIAL_R_12IPV_LipLowerSkin.drawstyle: setAttr: No object matches name: FACIAL_R_12IPV_LipLowerSkin.drawstyle

2026-07-08 17:24:59 - MayaTools.CNTManager3 - WARNING - [CNTManager3] 실패 - FACIAL_L_12IPV_LipLowerOuterSkin1.drawstyle: setAttr: No object matches name: FACIAL_L_12IPV_LipLowerOuterSkin1.drawstyle

2026-07-08 17:24:59 - MayaTools.CNTManager3 - WARNING - [CNTManager3] 실패 - FACIAL_R_12IPV_LipLowerOuterSkin1.drawstyle: setAttr: No object matches name: FACIAL_R_12IPV_LipLowerOuterSkin1.drawstyle

2026-07-08 17:24:59 - MayaTools.CNTManager3 - WARNING - [CNTManager3] 실패 - FACIAL_L_12IPV_LipLowerOuterSkin2.drawstyle: setAttr: No object matches name: FACIAL_L_12IPV_LipLowerOuterSkin2.drawstyle

2026-07-08 17:24:59 - MayaTools.CNTManager3 - WARNING - [CNTManager3] 실패 - FACIAL_R_12IPV_LipLowerOuterSkin2.drawstyle: setAttr: No object matches name: FACIAL_R_12IPV_LipLowerOuterSkin2.drawstyle

2026-07-08 17:24:59 - MayaTools.CNTManager3 - WARNING - [CNTManager3] 실패 - FACIAL_L_12IPV_LipLowerOuterSkin3.drawstyle: setAttr: No object matches name: FACIAL_L_12IPV_LipLowerOuterSkin3.drawstyle

2026-07-08 17:24:59 - MayaTools.CNTManager3 - WARNING - [CNTManager3] 실패 - FACIAL_R_12IPV_LipLowerOuterSkin3.drawstyle: setAttr: No object matches name: FACIAL_R_12IPV_LipLowerOuterSkin3.drawstyle

2026-07-08 17:24:59 - MayaTools.CNTManager3 - WARNING - [CNTManager3] 실패 - FACIAL_L_12IPV_MouthInteriorLower1.drawstyle: setAttr: No object matches name: FACIAL_L_12IPV_MouthInteriorLower1.drawstyle

2026-07-08 17:24:59 - MayaTools.CNTManager3 - WARNING - [CNTManager3] 실패 - FACIAL_R_12IPV_MouthInteriorLower1.drawstyle: setAttr: No object matches name: FACIAL_R_12IPV_MouthInteriorLower1.drawstyle

2026-07-08 17:24:59 - MayaTools.CNTManager3 - WARNING - [CNTManager3] 실패 - FACIAL_L_12IPV_MouthInteriorLower2.drawstyle: setAttr: No object matches name: FACIAL_L_12IPV_MouthInteriorLower2.drawstyle

2026-07-08 17:24:59 - MayaTools.CNTManager3 - WARNING - [CNTManager3] 실패 - FACIAL_R_12IPV_MouthInteriorLower2.drawstyle: setAttr: No object matches name: FACIAL_R_12IPV_MouthInteriorLower2.drawstyle

2026-07-08 17:24:59 - MayaTools.CNTManager3 - WARNING - [CNTManager3] 실패 - FACIAL_C_MouthLower.drawstyle: setAttr: No object matches name: FACIAL_C_MouthLower.drawstyle

2026-07-08 17:24:59 - MayaTools.CNTManager3 - WARNING - [CNTManager3] 실패 - FACIAL_C_LipLower.drawstyle: setAttr: No object matches name: FACIAL_C_LipLower.drawstyle

2026-07-08 17:24:59 - MayaTools.CNTManager3 - WARNING - [CNTManager3] 실패 - FACIAL_C_LipLower1.drawstyle: setAttr: No object matches name: FACIAL_C_LipLower1.drawstyle

2026-07-08 17:24:59 - MayaTools.CNTManager3 - WARNING - [CNTManager3] 실패 - FACIAL_C_LipLower2.drawstyle: setAttr: No object matches name: FACIAL_C_LipLower2.drawstyle

2026-07-08 17:24:59 - MayaTools.CNTManager3 - WARNING - [CNTManager3] 실패 - FACIAL_C_LipLower3.drawstyle: setAttr: No object matches name: FACIAL_C_LipLower3.drawstyle

2026-07-08 17:24:59 - MayaTools.CNTManager3 - WARNING - [CNTManager3] 실패 - FACIAL_L_12IPV_LipLower1.drawstyle: setAttr: No object matches name: FACIAL_L_12IPV_LipLower1.drawstyle

2026-07-08 17:24:59 - MayaTools.CNTManager3 - WARNING - [CNTManager3] 실패 - FACIAL_R_12IPV_LipLower1.drawstyle: setAttr: No object matches name: FACIAL_R_12IPV_LipLower1.drawstyle

2026-07-08 17:24:59 - MayaTools.CNTManager3 - WARNING - [CNTManager3] 실패 - FACIAL_L_12IPV_LipLower2.drawstyle: setAttr: No object matches name: FACIAL_L_12IPV_LipLower2.drawstyle

2026-07-08 17:24:59 - MayaTools.CNTManager3 - WARNING - [CNTManager3] 실패 - FACIAL_R_12IPV_LipLower2.drawstyle: setAttr: No object matches name: FACIAL_R_12IPV_LipLower2.drawstyle

2026-07-08 17:24:59 - MayaTools.CNTManager3 - WARNING - [CNTManager3] 실패 - FACIAL_L_12IPV_LipLower3.drawstyle: setAttr: No object matches name: FACIAL_L_12IPV_LipLower3.drawstyle

2026-07-08 17:24:59 - MayaTools.CNTManager3 - WARNING - [CNTManager3] 실패 - FACIAL_R_12IPV_LipLower3.drawstyle: setAttr: No object matches name: FACIAL_R_12IPV_LipLower3.drawstyle

2026-07-08 17:24:59 - MayaTools.CNTManager3 - WARNING - [CNTManager3] 실패 - FACIAL_L_12IPV_LipLower4.drawstyle: setAttr: No object matches name: FACIAL_L_12IPV_LipLower4.drawstyle

2026-07-08 17:24:59 - MayaTools.CNTManager3 - WARNING - [CNTManager3] 실패 - FACIAL_R_12IPV_LipLower4.drawstyle: setAttr: No object matches name: FACIAL_R_12IPV_LipLower4.drawstyle

2026-07-08 17:24:59 - MayaTools.CNTManager3 - WARNING - [CNTManager3] 실패 - FACIAL_L_12IPV_LipLower5.drawstyle: setAttr: No object matches name: FACIAL_L_12IPV_LipLower5.drawstyle

2026-07-08 17:24:59 - MayaTools.CNTManager3 - WARNING - [CNTManager3] 실패 - FACIAL_R_12IPV_LipLower5.drawstyle: setAttr: No object matches name: FACIAL_R_12IPV_LipLower5.drawstyle

2026-07-08 17:24:59 - MayaTools.CNTManager3 - WARNING - [CNTManager3] 실패 - FACIAL_L_LipLower.drawstyle: setAttr: No object matches name: FACIAL_L_LipLower.drawstyle

2026-07-08 17:24:59 - MayaTools.CNTManager3 - WARNING - [CNTManager3] 실패 - FACIAL_L_LipLower1.drawstyle: setAttr: No object matches name: FACIAL_L_LipLower1.drawstyle

2026-07-08 17:24:59 - MayaTools.CNTManager3 - WARNING - [CNTManager3] 실패 - FACIAL_L_LipLower2.drawstyle: setAttr: No object matches name: FACIAL_L_LipLower2.drawstyle

2026-07-08 17:24:59 - MayaTools.CNTManager3 - WARNING - [CNTManager3] 실패 - FACIAL_L_LipLower3.drawstyle: setAttr: No object matches name: FACIAL_L_LipLower3.drawstyle

2026-07-08 17:24:59 - MayaTools.CNTManager3 - WARNING - [CNTManager3] 실패 - FACIAL_L_12IPV_LipLower6.drawstyle: setAttr: No object matches name: FACIAL_L_12IPV_LipLower6.drawstyle

2026-07-08 17:24:59 - MayaTools.CNTManager3 - WARNING - [CNTManager3] 실패 - FACIAL_L_12IPV_LipLower7.drawstyle: setAttr: No object matches name: FACIAL_L_12IPV_LipLower7.drawstyle

2026-07-08 17:24:59 - MayaTools.CNTManager3 - WARNING - [CNTManager3] 실패 - FACIAL_L_12IPV_LipLower8.drawstyle: setAttr: No object matches name: FACIAL_L_12IPV_LipLower8.drawstyle

2026-07-08 17:24:59 - MayaTools.CNTManager3 - WARNING - [CNTManager3] 실패 - FACIAL_L_12IPV_LipLower9.drawstyle: setAttr: No object matches name: FACIAL_L_12IPV_LipLower9.drawstyle

2026-07-08 17:24:59 - MayaTools.CNTManager3 - WARNING - [CNTManager3] 실패 - FACIAL_L_12IPV_LipLower10.drawstyle: setAttr: No object matches name: FACIAL_L_12IPV_LipLower10.drawstyle

2026-07-08 17:24:59 - MayaTools.CNTManager3 - WARNING - [CNTManager3] 실패 - FACIAL_L_12IPV_LipLower11.drawstyle: setAttr: No object matches name: FACIAL_L_12IPV_LipLower11.drawstyle

2026-07-08 17:24:59 - MayaTools.CNTManager3 - WARNING - [CNTManager3] 실패 - FACIAL_L_12IPV_LipLower12.drawstyle: setAttr: No object matches name: FACIAL_L_12IPV_LipLower12.drawstyle

2026-07-08 17:24:59 - MayaTools.CNTManager3 - WARNING - [CNTManager3] 실패 - FACIAL_L_12IPV_LipLower13.drawstyle: setAttr: No object matches name: FACIAL_L_12IPV_LipLower13.drawstyle

2026-07-08 17:24:59 - MayaTools.CNTManager3 - WARNING - [CNTManager3] 실패 - FACIAL_L_12IPV_LipLower14.drawstyle: setAttr: No object matches name: FACIAL_L_12IPV_LipLower14.drawstyle

2026-07-08 17:24:59 - MayaTools.CNTManager3 - WARNING - [CNTManager3] 실패 - FACIAL_L_12IPV_LipLower15.drawstyle: setAttr: No object matches name: FACIAL_L_12IPV_LipLower15.drawstyle

2026-07-08 17:24:59 - MayaTools.CNTManager3 - WARNING - [CNTManager3] 실패 - FACIAL_R_LipLower.drawstyle: setAttr: No object matches name: FACIAL_R_LipLower.drawstyle

2026-07-08 17:24:59 - MayaTools.CNTManager3 - WARNING - [CNTManager3] 실패 - FACIAL_R_LipLower1.drawstyle: setAttr: No object matches name: FACIAL_R_LipLower1.drawstyle

2026-07-08 17:24:59 - MayaTools.CNTManager3 - WARNING - [CNTManager3] 실패 - FACIAL_R_LipLower2.drawstyle: setAttr: No object matches name: FACIAL_R_LipLower2.drawstyle

2026-07-08 17:24:59 - MayaTools.CNTManager3 - WARNING - [CNTManager3] 실패 - FACIAL_R_LipLower3.drawstyle: setAttr: No object matches name: FACIAL_R_LipLower3.drawstyle

2026-07-08 17:24:59 - MayaTools.CNTManager3 - WARNING - [CNTManager3] 실패 - FACIAL_R_12IPV_LipLower6.drawstyle: setAttr: No object matches name: FACIAL_R_12IPV_LipLower6.drawstyle

2026-07-08 17:24:59 - MayaTools.CNTManager3 - WARNING - [CNTManager3] 실패 - FACIAL_R_12IPV_LipLower7.drawstyle: setAttr: No object matches name: FACIAL_R_12IPV_LipLower7.drawstyle

2026-07-08 17:25:00 - MayaTools.CNTManager3 - WARNING - [CNTManager3] 실패 - FACIAL_R_12IPV_LipLower8.drawstyle: setAttr: No object matches name: FACIAL_R_12IPV_LipLower8.drawstyle

2026-07-08 17:25:00 - MayaTools.CNTManager3 - WARNING - [CNTManager3] 실패 - FACIAL_R_12IPV_LipLower9.drawstyle: setAttr: No object matches name: FACIAL_R_12IPV_LipLower9.drawstyle

2026-07-08 17:25:00 - MayaTools.CNTManager3 - WARNING - [CNTManager3] 실패 - FACIAL_R_12IPV_LipLower10.drawstyle: setAttr: No object matches name: FACIAL_R_12IPV_LipLower10.drawstyle

2026-07-08 17:25:00 - MayaTools.CNTManager3 - WARNING - [CNTManager3] 실패 - FACIAL_R_12IPV_LipLower11.drawstyle: setAttr: No object matches name: FACIAL_R_12IPV_LipLower11.drawstyle

2026-07-08 17:25:00 - MayaTools.CNTManager3 - WARNING - [CNTManager3] 실패 - FACIAL_R_12IPV_LipLower12.drawstyle: setAttr: No object matches name: FACIAL_R_12IPV_LipLower12.drawstyle

2026-07-08 17:25:00 - MayaTools.CNTManager3 - WARNING - [CNTManager3] 실패 - FACIAL_R_12IPV_LipLower13.drawstyle: setAttr: No object matches name: FACIAL_R_12IPV_LipLower13.drawstyle

2026-07-08 17:25:00 - MayaTools.CNTManager3 - WARNING - [CNTManager3] 실패 - FACIAL_R_12IPV_LipLower14.drawstyle: setAttr: No object matches name: FACIAL_R_12IPV_LipLower14.drawstyle

2026-07-08 17:25:00 - MayaTools.CNTManager3 - WARNING - [CNTManager3] 실패 - FACIAL_R_12IPV_LipLower15.drawstyle: setAttr: No object matches name: FACIAL_R_12IPV_LipLower15.drawstyle

2026-07-08 17:25:00 - MayaTools.CNTManager3 - WARNING - [CNTManager3] 실패 - FACIAL_L_LipLowerOuter.drawstyle: setAttr: No object matches name: FACIAL_L_LipLowerOuter.drawstyle

2026-07-08 17:25:00 - MayaTools.CNTManager3 - WARNING - [CNTManager3] 실패 - FACIAL_L_LipLowerOuter1.drawstyle: setAttr: No object matches name: FACIAL_L_LipLowerOuter1.drawstyle

2026-07-08 17:25:00 - MayaTools.CNTManager3 - WARNING - [CNTManager3] 실패 - FACIAL_L_LipLowerOuter2.drawstyle: setAttr: No object matches name: FACIAL_L_LipLowerOuter2.drawstyle

2026-07-08 17:25:00 - MayaTools.CNTManager3 - WARNING - [CNTManager3] 실패 - FACIAL_L_LipLowerOuter3.drawstyle: setAttr: No object matches name: FACIAL_L_LipLowerOuter3.drawstyle

2026-07-08 17:25:00 - MayaTools.CNTManager3 - WARNING - [CNTManager3] 실패 - FACIAL_L_12IPV_LipLower16.drawstyle: setAttr: No object matches name: FACIAL_L_12IPV_LipLower16.drawstyle

2026-07-08 17:25:00 - MayaTools.CNTManager3 - WARNING - [CNTManager3] 실패 - FACIAL_L_12IPV_LipLower17.drawstyle: setAttr: No object matches name: FACIAL_L_12IPV_LipLower17.drawstyle

2026-07-08 17:25:00 - MayaTools.CNTManager3 - WARNING - [CNTManager3] 실패 - FACIAL_L_12IPV_LipLower18.drawstyle: setAttr: No object matches name: FACIAL_L_12IPV_LipLower18.drawstyle

2026-07-08 17:25:00 - MayaTools.CNTManager3 - WARNING - [CNTManager3] 실패 - FACIAL_L_12IPV_LipLower19.drawstyle: setAttr: No object matches name: FACIAL_L_12IPV_LipLower19.drawstyle

2026-07-08 17:25:00 - MayaTools.CNTManager3 - WARNING - [CNTManager3] 실패 - FACIAL_L_12IPV_LipLower20.drawstyle: setAttr: No object matches name: FACIAL_L_12IPV_LipLower20.drawstyle

2026-07-08 17:25:00 - MayaTools.CNTManager3 - WARNING - [CNTManager3] 실패 - FACIAL_L_12IPV_LipLower21.drawstyle: setAttr: No object matches name: FACIAL_L_12IPV_LipLower21.drawstyle

2026-07-08 17:25:00 - MayaTools.CNTManager3 - WARNING - [CNTManager3] 실패 - FACIAL_L_12IPV_LipLower22.drawstyle: setAttr: No object matches name: FACIAL_L_12IPV_LipLower22.drawstyle

2026-07-08 17:25:00 - MayaTools.CNTManager3 - WARNING - [CNTManager3] 실패 - FACIAL_L_12IPV_LipLower23.drawstyle: setAttr: No object matches name: FACIAL_L_12IPV_LipLower23.drawstyle

2026-07-08 17:25:00 - MayaTools.CNTManager3 - WARNING - [CNTManager3] 실패 - FACIAL_L_12IPV_LipLower24.drawstyle: setAttr: No object matches name: FACIAL_L_12IPV_LipLower24.drawstyle

2026-07-08 17:25:00 - MayaTools.CNTManager3 - WARNING - [CNTManager3] 실패 - FACIAL_R_LipLowerOuter.drawstyle: setAttr: No object matches name: FACIAL_R_LipLowerOuter.drawstyle

2026-07-08 17:25:00 - MayaTools.CNTManager3 - WARNING - [CNTManager3] 실패 - FACIAL_R_LipLowerOuter1.drawstyle: setAttr: No object matches name: FACIAL_R_LipLowerOuter1.drawstyle

2026-07-08 17:25:00 - MayaTools.CNTManager3 - WARNING - [CNTManager3] 실패 - FACIAL_R_LipLowerOuter2.drawstyle: setAttr: No object matches name: FACIAL_R_LipLowerOuter2.drawstyle

2026-07-08 17:25:00 - MayaTools.CNTManager3 - WARNING - [CNTManager3] 실패 - FACIAL_R_LipLowerOuter3.drawstyle: setAttr: No object matches name: FACIAL_R_LipLowerOuter3.drawstyle

2026-07-08 17:25:00 - MayaTools.CNTManager3 - WARNING - [CNTManager3] 실패 - FACIAL_R_12IPV_LipLower16.drawstyle: setAttr: No object matches name: FACIAL_R_12IPV_LipLower16.drawstyle

2026-07-08 17:25:00 - MayaTools.CNTManager3 - WARNING - [CNTManager3] 실패 - FACIAL_R_12IPV_LipLower17.drawstyle: setAttr: No object matches name: FACIAL_R_12IPV_LipLower17.drawstyle

2026-07-08 17:25:00 - MayaTools.CNTManager3 - WARNING - [CNTManager3] 실패 - FACIAL_R_12IPV_LipLower18.drawstyle: setAttr: No object matches name: FACIAL_R_12IPV_LipLower18.drawstyle

2026-07-08 17:25:00 - MayaTools.CNTManager3 - WARNING - [CNTManager3] 실패 - FACIAL_R_12IPV_LipLower19.drawstyle: setAttr: No object matches name: FACIAL_R_12IPV_LipLower19.drawstyle

2026-07-08 17:25:00 - MayaTools.CNTManager3 - WARNING - [CNTManager3] 실패 - FACIAL_R_12IPV_LipLower20.drawstyle: setAttr: No object matches name: FACIAL_R_12IPV_LipLower20.drawstyle

2026-07-08 17:25:00 - MayaTools.CNTManager3 - WARNING - [CNTManager3] 실패 - FACIAL_R_12IPV_LipLower21.drawstyle: setAttr: No object matches name: FACIAL_R_12IPV_LipLower21.drawstyle

2026-07-08 17:25:00 - MayaTools.CNTManager3 - WARNING - [CNTManager3] 실패 - FACIAL_R_12IPV_LipLower22.drawstyle: setAttr: No object matches name: FACIAL_R_12IPV_LipLower22.drawstyle

2026-07-08 17:25:00 - MayaTools.CNTManager3 - WARNING - [CNTManager3] 실패 - FACIAL_R_12IPV_LipLower23.drawstyle: setAttr: No object matches name: FACIAL_R_12IPV_LipLower23.drawstyle

2026-07-08 17:25:00 - MayaTools.CNTManager3 - WARNING - [CNTManager3] 실패 - FACIAL_R_12IPV_LipLower24.drawstyle: setAttr: No object matches name: FACIAL_R_12IPV_LipLower24.drawstyle

2026-07-08 17:25:00 - MayaTools.CNTManager3 - WARNING - [CNTManager3] 실패 - FACIAL_C_TeethLower.drawstyle: setAttr: No object matches name: FACIAL_C_TeethLower.drawstyle

2026-07-08 17:25:00 - MayaTools.CNTManager3 - WARNING - [CNTManager3] 실패 - FACIAL_C_Tongue1.drawstyle: setAttr: No object matches name: FACIAL_C_Tongue1.drawstyle

2026-07-08 17:25:00 - MayaTools.CNTManager3 - WARNING - [CNTManager3] 실패 - FACIAL_C_TongueUpper1.drawstyle: setAttr: No object matches name: FACIAL_C_TongueUpper1.drawstyle

2026-07-08 17:25:00 - MayaTools.CNTManager3 - WARNING - [CNTManager3] 실패 - FACIAL_L_TongueSide1.drawstyle: setAttr: No object matches name: FACIAL_L_TongueSide1.drawstyle

2026-07-08 17:25:00 - MayaTools.CNTManager3 - WARNING - [CNTManager3] 실패 - FACIAL_R_TongueSide1.drawstyle: setAttr: No object matches name: FACIAL_R_TongueSide1.drawstyle

2026-07-08 17:25:00 - MayaTools.CNTManager3 - WARNING - [CNTManager3] 실패 - FACIAL_C_Tongue2.drawstyle: setAttr: No object matches name: FACIAL_C_Tongue2.drawstyle

2026-07-08 17:25:00 - MayaTools.CNTManager3 - WARNING - [CNTManager3] 실패 - FACIAL_C_TongueUpper2.drawstyle: setAttr: No object matches name: FACIAL_C_TongueUpper2.drawstyle

2026-07-08 17:25:00 - MayaTools.CNTManager3 - WARNING - [CNTManager3] 실패 - FACIAL_L_TongueSide2.drawstyle: setAttr: No object matches name: FACIAL_L_TongueSide2.drawstyle

2026-07-08 17:25:00 - MayaTools.CNTManager3 - WARNING - [CNTManager3] 실패 - FACIAL_R_TongueSide2.drawstyle: setAttr: No object matches name: FACIAL_R_TongueSide2.drawstyle

2026-07-08 17:25:00 - MayaTools.CNTManager3 - WARNING - [CNTManager3] 실패 - FACIAL_C_Tongue3.drawstyle: setAttr: No object matches name: FACIAL_C_Tongue3.drawstyle

2026-07-08 17:25:00 - MayaTools.CNTManager3 - WARNING - [CNTManager3] 실패 - FACIAL_C_TongueUpper3.drawstyle: setAttr: No object matches name: FACIAL_C_TongueUpper3.drawstyle

2026-07-08 17:25:00 - MayaTools.CNTManager3 - WARNING - [CNTManager3] 실패 - FACIAL_C_TongueLower3.drawstyle: setAttr: No object matches name: FACIAL_C_TongueLower3.drawstyle

2026-07-08 17:25:00 - MayaTools.CNTManager3 - WARNING - [CNTManager3] 실패 - FACIAL_L_TongueSide3.drawstyle: setAttr: No object matches name: FACIAL_L_TongueSide3.drawstyle

2026-07-08 17:25:00 - MayaTools.CNTManager3 - WARNING - [CNTManager3] 실패 - FACIAL_R_TongueSide3.drawstyle: setAttr: No object matches name: FACIAL_R_TongueSide3.drawstyle

2026-07-08 17:25:00 - MayaTools.CNTManager3 - WARNING - [CNTManager3] 실패 - FACIAL_C_Tongue4.drawstyle: setAttr: No object matches name: FACIAL_C_Tongue4.drawstyle

2026-07-08 17:25:00 - MayaTools.CNTManager3 - WARNING - [CNTManager3] 실패 - FACIAL_L_TongueSide4.drawstyle: setAttr: No object matches name: FACIAL_L_TongueSide4.drawstyle

2026-07-08 17:25:00 - MayaTools.CNTManager3 - WARNING - [CNTManager3] 실패 - FACIAL_R_TongueSide4.drawstyle: setAttr: No object matches name: FACIAL_R_TongueSide4.drawstyle

2026-07-08 17:25:00 - MayaTools.CNTManager3 - WARNING - [CNTManager3] 실패 - FACIAL_C_Jaw.drawstyle: setAttr: No object matches name: FACIAL_C_Jaw.drawstyle

2026-07-08 17:25:00 - MayaTools.CNTManager3 - WARNING - [CNTManager3] 실패 - FACIAL_C_Jawline.drawstyle: setAttr: No object matches name: FACIAL_C_Jawline.drawstyle

2026-07-08 17:25:00 - MayaTools.CNTManager3 - WARNING - [CNTManager3] 실패 - FACIAL_L_12IPV_Jawline1.drawstyle: setAttr: No object matches name: FACIAL_L_12IPV_Jawline1.drawstyle

2026-07-08 17:25:00 - MayaTools.CNTManager3 - WARNING - [CNTManager3] 실패 - FACIAL_R_12IPV_Jawline1.drawstyle: setAttr: No object matches name: FACIAL_R_12IPV_Jawline1.drawstyle

2026-07-08 17:25:00 - MayaTools.CNTManager3 - WARNING - [CNTManager3] 실패 - FACIAL_L_12IPV_Jawline2.drawstyle: setAttr: No object matches name: FACIAL_L_12IPV_Jawline2.drawstyle

2026-07-08 17:25:00 - MayaTools.CNTManager3 - WARNING - [CNTManager3] 실패 - FACIAL_R_12IPV_Jawline2.drawstyle: setAttr: No object matches name: FACIAL_R_12IPV_Jawline2.drawstyle

2026-07-08 17:25:00 - MayaTools.CNTManager3 - WARNING - [CNTManager3] 실패 - FACIAL_L_Jawline.drawstyle: setAttr: No object matches name: FACIAL_L_Jawline.drawstyle

2026-07-08 17:25:00 - MayaTools.CNTManager3 - WARNING - [CNTManager3] 실패 - FACIAL_L_Jawline1.drawstyle: setAttr: No object matches name: FACIAL_L_Jawline1.drawstyle

2026-07-08 17:25:00 - MayaTools.CNTManager3 - WARNING - [CNTManager3] 실패 - FACIAL_L_Jawline2.drawstyle: setAttr: No object matches name: FACIAL_L_Jawline2.drawstyle

2026-07-08 17:25:00 - MayaTools.CNTManager3 - WARNING - [CNTManager3] 실패 - FACIAL_L_12IPV_Jawline3.drawstyle: setAttr: No object matches name: FACIAL_L_12IPV_Jawline3.drawstyle

2026-07-08 17:25:00 - MayaTools.CNTManager3 - WARNING - [CNTManager3] 실패 - FACIAL_L_12IPV_Jawline4.drawstyle: setAttr: No object matches name: FACIAL_L_12IPV_Jawline4.drawstyle

2026-07-08 17:25:00 - MayaTools.CNTManager3 - WARNING - [CNTManager3] 실패 - FACIAL_L_12IPV_Jawline5.drawstyle: setAttr: No object matches name: FACIAL_L_12IPV_Jawline5.drawstyle

2026-07-08 17:25:00 - MayaTools.CNTManager3 - WARNING - [CNTManager3] 실패 - FACIAL_L_12IPV_Jawline6.drawstyle: setAttr: No object matches name: FACIAL_L_12IPV_Jawline6.drawstyle

2026-07-08 17:25:00 - MayaTools.CNTManager3 - WARNING - [CNTManager3] 실패 - FACIAL_R_Jawline.drawstyle: setAttr: No object matches name: FACIAL_R_Jawline.drawstyle

2026-07-08 17:25:00 - MayaTools.CNTManager3 - WARNING - [CNTManager3] 실패 - FACIAL_R_Jawline1.drawstyle: setAttr: No object matches name: FACIAL_R_Jawline1.drawstyle

2026-07-08 17:25:00 - MayaTools.CNTManager3 - WARNING - [CNTManager3] 실패 - FACIAL_R_Jawline2.drawstyle: setAttr: No object matches name: FACIAL_R_Jawline2.drawstyle

2026-07-08 17:25:00 - MayaTools.CNTManager3 - WARNING - [CNTManager3] 실패 - FACIAL_R_12IPV_Jawline3.drawstyle: setAttr: No object matches name: FACIAL_R_12IPV_Jawline3.drawstyle

2026-07-08 17:25:00 - MayaTools.CNTManager3 - WARNING - [CNTManager3] 실패 - FACIAL_R_12IPV_Jawline4.drawstyle: setAttr: No object matches name: FACIAL_R_12IPV_Jawline4.drawstyle

2026-07-08 17:25:00 - MayaTools.CNTManager3 - WARNING - [CNTManager3] 실패 - FACIAL_R_12IPV_Jawline5.drawstyle: setAttr: No object matches name: FACIAL_R_12IPV_Jawline5.drawstyle

2026-07-08 17:25:00 - MayaTools.CNTManager3 - WARNING - [CNTManager3] 실패 - FACIAL_R_12IPV_Jawline6.drawstyle: setAttr: No object matches name: FACIAL_R_12IPV_Jawline6.drawstyle

2026-07-08 17:25:00 - MayaTools.CNTManager3 - WARNING - [CNTManager3] 실패 - FACIAL_L_ChinSide.drawstyle: setAttr: No object matches name: FACIAL_L_ChinSide.drawstyle

2026-07-08 17:25:00 - MayaTools.CNTManager3 - WARNING - [CNTManager3] 실패 - FACIAL_R_ChinSide.drawstyle: setAttr: No object matches name: FACIAL_R_ChinSide.drawstyle

2026-07-08 17:25:00 - MayaTools.CNTManager3 - WARNING - [CNTManager3] 실패 - FACIAL_L_12IPV_ChinS1.drawstyle: setAttr: No object matches name: FACIAL_L_12IPV_ChinS1.drawstyle

2026-07-08 17:25:00 - MayaTools.CNTManager3 - WARNING - [CNTManager3] 실패 - FACIAL_R_12IPV_ChinS1.drawstyle: setAttr: No object matches name: FACIAL_R_12IPV_ChinS1.drawstyle

2026-07-08 17:25:00 - MayaTools.CNTManager3 - WARNING - [CNTManager3] 실패 - FACIAL_L_12IPV_ChinS2.drawstyle: setAttr: No object matches name: FACIAL_L_12IPV_ChinS2.drawstyle

2026-07-08 17:25:00 - MayaTools.CNTManager3 - WARNING - [CNTManager3] 실패 - FACIAL_R_12IPV_ChinS2.drawstyle: setAttr: No object matches name: FACIAL_R_12IPV_ChinS2.drawstyle

2026-07-08 17:25:00 - MayaTools.CNTManager3 - WARNING - [CNTManager3] 실패 - FACIAL_L_12IPV_ChinS3.drawstyle: setAttr: No object matches name: FACIAL_L_12IPV_ChinS3.drawstyle

2026-07-08 17:25:00 - MayaTools.CNTManager3 - WARNING - [CNTManager3] 실패 - FACIAL_R_12IPV_ChinS3.drawstyle: setAttr: No object matches name: FACIAL_R_12IPV_ChinS3.drawstyle

2026-07-08 17:25:00 - MayaTools.CNTManager3 - WARNING - [CNTManager3] 실패 - FACIAL_L_12IPV_ChinS4.drawstyle: setAttr: No object matches name: FACIAL_L_12IPV_ChinS4.drawstyle

2026-07-08 17:25:00 - MayaTools.CNTManager3 - WARNING - [CNTManager3] 실패 - FACIAL_R_12IPV_ChinS4.drawstyle: setAttr: No object matches name: FACIAL_R_12IPV_ChinS4.drawstyle

2026-07-08 17:25:00 - MayaTools.CNTManager3 - WARNING - [CNTManager3] 실패 - FACIAL_C_Chin1.drawstyle: setAttr: No object matches name: FACIAL_C_Chin1.drawstyle

2026-07-08 17:25:00 - MayaTools.CNTManager3 - WARNING - [CNTManager3] 실패 - FACIAL_L_Chin1.drawstyle: setAttr: No object matches name: FACIAL_L_Chin1.drawstyle

2026-07-08 17:25:00 - MayaTools.CNTManager3 - WARNING - [CNTManager3] 실패 - FACIAL_R_Chin1.drawstyle: setAttr: No object matches name: FACIAL_R_Chin1.drawstyle

2026-07-08 17:25:00 - MayaTools.CNTManager3 - WARNING - [CNTManager3] 실패 - FACIAL_C_Chin2.drawstyle: setAttr: No object matches name: FACIAL_C_Chin2.drawstyle

2026-07-08 17:25:00 - MayaTools.CNTManager3 - WARNING - [CNTManager3] 실패 - FACIAL_L_Chin2.drawstyle: setAttr: No object matches name: FACIAL_L_Chin2.drawstyle

2026-07-08 17:25:00 - MayaTools.CNTManager3 - WARNING - [CNTManager3] 실패 - FACIAL_R_Chin2.drawstyle: setAttr: No object matches name: FACIAL_R_Chin2.drawstyle

2026-07-08 17:25:00 - MayaTools.CNTManager3 - WARNING - [CNTManager3] 실패 - FACIAL_C_Chin3.drawstyle: setAttr: No object matches name: FACIAL_C_Chin3.drawstyle

2026-07-08 17:25:00 - MayaTools.CNTManager3 - WARNING - [CNTManager3] 실패 - FACIAL_L_Chin3.drawstyle: setAttr: No object matches name: FACIAL_L_Chin3.drawstyle

2026-07-08 17:25:00 - MayaTools.CNTManager3 - WARNING - [CNTManager3] 실패 - FACIAL_R_Chin3.drawstyle: setAttr: No object matches name: FACIAL_R_Chin3.drawstyle

2026-07-08 17:25:00 - MayaTools.CNTManager3 - WARNING - [CNTManager3] 실패 - FACIAL_L_12IPV_Chin1.drawstyle: setAttr: No object matches name: FACIAL_L_12IPV_Chin1.drawstyle

2026-07-08 17:25:00 - MayaTools.CNTManager3 - WARNING - [CNTManager3] 실패 - FACIAL_R_12IPV_Chin1.drawstyle: setAttr: No object matches name: FACIAL_R_12IPV_Chin1.drawstyle

2026-07-08 17:25:00 - MayaTools.CNTManager3 - WARNING - [CNTManager3] 실패 - FACIAL_L_12IPV_Chin2.drawstyle: setAttr: No object matches name: FACIAL_L_12IPV_Chin2.drawstyle

2026-07-08 17:25:00 - MayaTools.CNTManager3 - WARNING - [CNTManager3] 실패 - FACIAL_R_12IPV_Chin2.drawstyle: setAttr: No object matches name: FACIAL_R_12IPV_Chin2.drawstyle

2026-07-08 17:25:00 - MayaTools.CNTManager3 - WARNING - [CNTManager3] 실패 - FACIAL_C_12IPV_Chin3.drawstyle: setAttr: No object matches name: FACIAL_C_12IPV_Chin3.drawstyle

2026-07-08 17:25:00 - MayaTools.CNTManager3 - WARNING - [CNTManager3] 실패 - FACIAL_C_12IPV_Chin4.drawstyle: setAttr: No object matches name: FACIAL_C_12IPV_Chin4.drawstyle

2026-07-08 17:25:00 - MayaTools.CNTManager3 - WARNING - [CNTManager3] 실패 - FACIAL_L_12IPV_Chin5.drawstyle: setAttr: No object matches name: FACIAL_L_12IPV_Chin5.drawstyle

2026-07-08 17:25:00 - MayaTools.CNTManager3 - WARNING - [CNTManager3] 실패 - FACIAL_R_12IPV_Chin5.drawstyle: setAttr: No object matches name: FACIAL_R_12IPV_Chin5.drawstyle

2026-07-08 17:25:00 - MayaTools.CNTManager3 - WARNING - [CNTManager3] 실패 - FACIAL_L_12IPV_Chin6.drawstyle: setAttr: No object matches name: FACIAL_L_12IPV_Chin6.drawstyle

2026-07-08 17:25:00 - MayaTools.CNTManager3 - WARNING - [CNTManager3] 실패 - FACIAL_R_12IPV_Chin6.drawstyle: setAttr: No object matches name: FACIAL_R_12IPV_Chin6.drawstyle

2026-07-08 17:25:00 - MayaTools.CNTManager3 - WARNING - [CNTManager3] 실패 - FACIAL_L_12IPV_Chin7.drawstyle: setAttr: No object matches name: FACIAL_L_12IPV_Chin7.drawstyle

2026-07-08 17:25:00 - MayaTools.CNTManager3 - WARNING - [CNTManager3] 실패 - FACIAL_R_12IPV_Chin7.drawstyle: setAttr: No object matches name: FACIAL_R_12IPV_Chin7.drawstyle

2026-07-08 17:25:00 - MayaTools.CNTManager3 - WARNING - [CNTManager3] 실패 - FACIAL_L_12IPV_Chin8.drawstyle: setAttr: No object matches name: FACIAL_L_12IPV_Chin8.drawstyle

2026-07-08 17:25:00 - MayaTools.CNTManager3 - WARNING - [CNTManager3] 실패 - FACIAL_R_12IPV_Chin8.drawstyle: setAttr: No object matches name: FACIAL_R_12IPV_Chin8.drawstyle

2026-07-08 17:25:00 - MayaTools.CNTManager3 - WARNING - [CNTManager3] 실패 - FACIAL_L_12IPV_Chin9.drawstyle: setAttr: No object matches name: FACIAL_L_12IPV_Chin9.drawstyle

2026-07-08 17:25:00 - MayaTools.CNTManager3 - WARNING - [CNTManager3] 실패 - FACIAL_R_12IPV_Chin9.drawstyle: setAttr: No object matches name: FACIAL_R_12IPV_Chin9.drawstyle

2026-07-08 17:25:00 - MayaTools.CNTManager3 - WARNING - [CNTManager3] 실패 - FACIAL_L_12IPV_Chin10.drawstyle: setAttr: No object matches name: FACIAL_L_12IPV_Chin10.drawstyle

2026-07-08 17:25:00 - MayaTools.CNTManager3 - WARNING - [CNTManager3] 실패 - FACIAL_R_12IPV_Chin10.drawstyle: setAttr: No object matches name: FACIAL_R_12IPV_Chin10.drawstyle

2026-07-08 17:25:00 - MayaTools.CNTManager3 - WARNING - [CNTManager3] 실패 - FACIAL_L_12IPV_Chin11.drawstyle: setAttr: No object matches name: FACIAL_L_12IPV_Chin11.drawstyle

2026-07-08 17:25:00 - MayaTools.CNTManager3 - WARNING - [CNTManager3] 실패 - FACIAL_R_12IPV_Chin11.drawstyle: setAttr: No object matches name: FACIAL_R_12IPV_Chin11.drawstyle

2026-07-08 17:25:00 - MayaTools.CNTManager3 - WARNING - [CNTManager3] 실패 - FACIAL_L_12IPV_Chin12.drawstyle: setAttr: No object matches name: FACIAL_L_12IPV_Chin12.drawstyle

2026-07-08 17:25:00 - MayaTools.CNTManager3 - WARNING - [CNTManager3] 실패 - FACIAL_R_12IPV_Chin12.drawstyle: setAttr: No object matches name: FACIAL_R_12IPV_Chin12.drawstyle

2026-07-08 17:25:00 - MayaTools.CNTManager3 - WARNING - [CNTManager3] 실패 - FACIAL_L_12IPV_Chin13.drawstyle: setAttr: No object matches name: FACIAL_L_12IPV_Chin13.drawstyle

2026-07-08 17:25:00 - MayaTools.CNTManager3 - WARNING - [CNTManager3] 실패 - FACIAL_R_12IPV_Chin13.drawstyle: setAttr: No object matches name: FACIAL_R_12IPV_Chin13.drawstyle

2026-07-08 17:25:00 - MayaTools.CNTManager3 - WARNING - [CNTManager3] 실패 - FACIAL_L_12IPV_Chin14.drawstyle: setAttr: No object matches name: FACIAL_L_12IPV_Chin14.drawstyle

2026-07-08 17:25:00 - MayaTools.CNTManager3 - WARNING - [CNTManager3] 실패 - FACIAL_R_12IPV_Chin14.drawstyle: setAttr: No object matches name: FACIAL_R_12IPV_Chin14.drawstyle

2026-07-08 17:25:00 - MayaTools.CNTManager3 - WARNING - [CNTManager3] 실패 - FACIAL_C_Chin.drawstyle: setAttr: No object matches name: FACIAL_C_Chin.drawstyle

2026-07-08 17:25:00 - MayaTools.CNTManager3 - WARNING - [CNTManager3] 실패 - dyn_head_earring_l.drawstyle: setAttr: No object matches name: dyn_head_earring_l.drawstyle

2026-07-08 17:25:00 - MayaTools.CNTManager3 - WARNING - [CNTManager3] 실패 - dyn_head_earring_r.drawstyle: setAttr: No object matches name: dyn_head_earring_r.drawstyle

2026-07-08 17:25:00 - MayaTools.CNTManager3 - WARNING - [CNTManager3] 실패 - dyn_head_hair_01.drawstyle: setAttr: No object matches name: dyn_head_hair_01.drawstyle

2026-07-08 17:25:00 - MayaTools.CNTManager3 - WARNING - [CNTManager3] 실패 - dyn_head_hair_02.drawstyle: setAttr: No object matches name: dyn_head_hair_02.drawstyle

2026-07-08 17:25:00 - MayaTools.CNTManager3 - WARNING - [CNTManager3] 실패 - dyn_head_hair_03.drawstyle: setAttr: No object matches name: dyn_head_hair_03.drawstyle

2026-07-08 17:25:00 - MayaTools.CNTManager3 - WARNING - [CNTManager3] 실패 - dyn_head_hair_04.drawstyle: setAttr: No object matches name: dyn_head_hair_04.drawstyle

2026-07-08 17:25:00 - MayaTools.CNTManager3 - WARNING - [CNTManager3] 실패 - dyn_head_hair_05.drawstyle: setAttr: No object matches name: dyn_head_hair_05.drawstyle

2026-07-08 17:25:00 - MayaTools.CNTManager3 - WARNING - [CNTManager3] 실패 - dyn_head_hair_06.drawstyle: setAttr: No object matches name: dyn_head_hair_06.drawstyle

2026-07-08 17:25:00 - MayaTools.CNTManager3 - WARNING - [CNTManager3] 실패 - dyn_head_hair_strand_01_1.drawstyle: setAttr: No object matches name: dyn_head_hair_strand_01_1.drawstyle

2026-07-08 17:25:00 - MayaTools.CNTManager3 - WARNING - [CNTManager3] 실패 - dyn_head_hair_strand_01_2.drawstyle: setAttr: No object matches name: dyn_head_hair_strand_01_2.drawstyle

2026-07-08 17:25:00 - MayaTools.CNTManager3 - WARNING - [CNTManager3] 실패 - dyn_head_hair_strand_01_3.drawstyle: setAttr: No object matches name: dyn_head_hair_strand_01_3.drawstyle

2026-07-08 17:25:00 - MayaTools.CNTManager3 - WARNING - [CNTManager3] 실패 - dyn_head_hair_strand_02_1.drawstyle: setAttr: No object matches name: dyn_head_hair_strand_02_1.drawstyle

2026-07-08 17:25:00 - MayaTools.CNTManager3 - WARNING - [CNTManager3] 실패 - dyn_head_hair_strand_02_2.drawstyle: setAttr: No object matches name: dyn_head_hair_strand_02_2.drawstyle

2026-07-08 17:25:00 - MayaTools.CNTManager3 - WARNING - [CNTManager3] 실패 - dyn_head_hair_strand_02_3.drawstyle: setAttr: No object matches name: dyn_head_hair_strand_02_3.drawstyle

2026-07-08 17:25:00 - MayaTools.CNTManager3 - WARNING - [CNTManager3] 실패 - dyn_head_ponytail_01.drawstyle: setAttr: No object matches name: dyn_head_ponytail_01.drawstyle

2026-07-08 17:25:00 - MayaTools.CNTManager3 - WARNING - [CNTManager3] 실패 - dyn_head_ponytail_02.drawstyle: setAttr: No object matches name: dyn_head_ponytail_02.drawstyle

2026-07-08 17:25:00 - MayaTools.CNTManager3 - WARNING - [CNTManager3] 실패 - dyn_head_ponytail_03.drawstyle: setAttr: No object matches name: dyn_head_ponytail_03.drawstyle

2026-07-08 17:25:00 - MayaTools.CNTManager3 - WARNING - [CNTManager3] 실패 - dyn_head_ponytail_04.drawstyle: setAttr: No object matches name: dyn_head_ponytail_04.drawstyle

2026-07-08 17:25:00 - MayaTools.CNTManager3 - WARNING - [CNTManager3] 실패 - head_parentConstraint1.drawstyle: setAttr: No object matches name: head_parentConstraint1.drawstyle

2026-07-08 17:25:00 - MayaTools.CNTManager3 - WARNING - [CNTManager3] 실패 - head_scaleConstraint1.drawstyle: setAttr: No object matches name: head_scaleConstraint1.drawstyle

2026-07-08 17:25:00 - MayaTools.CNTManager3 - WARNING - [CNTManager3] 실패 - FACIAL_C_Neck2Root.drawstyle: setAttr: No object matches name: FACIAL_C_Neck2Root.drawstyle

2026-07-08 17:25:00 - MayaTools.CNTManager3 - WARNING - [CNTManager3] 실패 - FACIAL_C_AdamsApple.drawstyle: setAttr: No object matches name: FACIAL_C_AdamsApple.drawstyle

2026-07-08 17:25:00 - MayaTools.CNTManager3 - WARNING - [CNTManager3] 실패 - FACIAL_C_12IPV_AdamsA1.drawstyle: setAttr: No object matches name: FACIAL_C_12IPV_AdamsA1.drawstyle

2026-07-08 17:25:00 - MayaTools.CNTManager3 - WARNING - [CNTManager3] 실패 - FACIAL_C_12IPV_AdamsA2.drawstyle: setAttr: No object matches name: FACIAL_C_12IPV_AdamsA2.drawstyle

2026-07-08 17:25:00 - MayaTools.CNTManager3 - WARNING - [CNTManager3] 실패 - FACIAL_L_NeckA1.drawstyle: setAttr: No object matches name: FACIAL_L_NeckA1.drawstyle

2026-07-08 17:25:00 - MayaTools.CNTManager3 - WARNING - [CNTManager3] 실패 - FACIAL_R_NeckA1.drawstyle: setAttr: No object matches name: FACIAL_R_NeckA1.drawstyle

2026-07-08 17:25:00 - MayaTools.CNTManager3 - WARNING - [CNTManager3] 실패 - FACIAL_L_NeckA2.drawstyle: setAttr: No object matches name: FACIAL_L_NeckA2.drawstyle

2026-07-08 17:25:00 - MayaTools.CNTManager3 - WARNING - [CNTManager3] 실패 - FACIAL_R_NeckA2.drawstyle: setAttr: No object matches name: FACIAL_R_NeckA2.drawstyle

2026-07-08 17:25:00 - MayaTools.CNTManager3 - WARNING - [CNTManager3] 실패 - FACIAL_L_NeckA3.drawstyle: setAttr: No object matches name: FACIAL_L_NeckA3.drawstyle

2026-07-08 17:25:00 - MayaTools.CNTManager3 - WARNING - [CNTManager3] 실패 - FACIAL_R_NeckA3.drawstyle: setAttr: No object matches name: FACIAL_R_NeckA3.drawstyle

2026-07-08 17:25:00 - MayaTools.CNTManager3 - WARNING - [CNTManager3] 실패 - FACIAL_L_12IPV_NeckA1.drawstyle: setAttr: No object matches name: FACIAL_L_12IPV_NeckA1.drawstyle

2026-07-08 17:25:00 - MayaTools.CNTManager3 - WARNING - [CNTManager3] 실패 - FACIAL_R_12IPV_NeckA1.drawstyle: setAttr: No object matches name: FACIAL_R_12IPV_NeckA1.drawstyle

2026-07-08 17:25:00 - MayaTools.CNTManager3 - WARNING - [CNTManager3] 실패 - FACIAL_L_12IPV_NeckA2.drawstyle: setAttr: No object matches name: FACIAL_L_12IPV_NeckA2.drawstyle

2026-07-08 17:25:00 - MayaTools.CNTManager3 - WARNING - [CNTManager3] 실패 - FACIAL_R_12IPV_NeckA2.drawstyle: setAttr: No object matches name: FACIAL_R_12IPV_NeckA2.drawstyle

2026-07-08 17:25:00 - MayaTools.CNTManager3 - WARNING - [CNTManager3] 실패 - FACIAL_L_12IPV_NeckA3.drawstyle: setAttr: No object matches name: FACIAL_L_12IPV_NeckA3.drawstyle

2026-07-08 17:25:00 - MayaTools.CNTManager3 - WARNING - [CNTManager3] 실패 - FACIAL_R_12IPV_NeckA3.drawstyle: setAttr: No object matches name: FACIAL_R_12IPV_NeckA3.drawstyle

2026-07-08 17:25:00 - MayaTools.CNTManager3 - WARNING - [CNTManager3] 실패 - FACIAL_L_12IPV_NeckA4.drawstyle: setAttr: No object matches name: FACIAL_L_12IPV_NeckA4.drawstyle

2026-07-08 17:25:00 - MayaTools.CNTManager3 - WARNING - [CNTManager3] 실패 - FACIAL_R_12IPV_NeckA4.drawstyle: setAttr: No object matches name: FACIAL_R_12IPV_NeckA4.drawstyle

2026-07-08 17:25:00 - MayaTools.CNTManager3 - WARNING - [CNTManager3] 실패 - FACIAL_L_12IPV_NeckA5.drawstyle: setAttr: No object matches name: FACIAL_L_12IPV_NeckA5.drawstyle

2026-07-08 17:25:00 - MayaTools.CNTManager3 - WARNING - [CNTManager3] 실패 - FACIAL_R_12IPV_NeckA5.drawstyle: setAttr: No object matches name: FACIAL_R_12IPV_NeckA5.drawstyle

2026-07-08 17:25:00 - MayaTools.CNTManager3 - WARNING - [CNTManager3] 실패 - FACIAL_L_12IPV_NeckA6.drawstyle: setAttr: No object matches name: FACIAL_L_12IPV_NeckA6.drawstyle

2026-07-08 17:25:00 - MayaTools.CNTManager3 - WARNING - [CNTManager3] 실패 - FACIAL_R_12IPV_NeckA6.drawstyle: setAttr: No object matches name: FACIAL_R_12IPV_NeckA6.drawstyle

2026-07-08 17:25:00 - MayaTools.CNTManager3 - WARNING - [CNTManager3] 실패 - FACIAL_C_NeckBackA.drawstyle: setAttr: No object matches name: FACIAL_C_NeckBackA.drawstyle

2026-07-08 17:25:00 - MayaTools.CNTManager3 - WARNING - [CNTManager3] 실패 - FACIAL_L_NeckBackA.drawstyle: setAttr: No object matches name: FACIAL_L_NeckBackA.drawstyle

2026-07-08 17:25:00 - MayaTools.CNTManager3 - WARNING - [CNTManager3] 실패 - FACIAL_R_NeckBackA.drawstyle: setAttr: No object matches name: FACIAL_R_NeckBackA.drawstyle

2026-07-08 17:25:00 - MayaTools.CNTManager3 - WARNING - [CNTManager3] 실패 - FACIAL_C_12IPV_NeckBackA1.drawstyle: setAttr: No object matches name: FACIAL_C_12IPV_NeckBackA1.drawstyle

2026-07-08 17:25:00 - MayaTools.CNTManager3 - WARNING - [CNTManager3] 실패 - FACIAL_C_12IPV_NeckBackA2.drawstyle: setAttr: No object matches name: FACIAL_C_12IPV_NeckBackA2.drawstyle

2026-07-08 17:25:00 - MayaTools.CNTManager3 - WARNING - [CNTManager3] 실패 - FACIAL_L_12IPV_NeckBackA1.drawstyle: setAttr: No object matches name: FACIAL_L_12IPV_NeckBackA1.drawstyle

2026-07-08 17:25:00 - MayaTools.CNTManager3 - WARNING - [CNTManager3] 실패 - FACIAL_R_12IPV_NeckBackA1.drawstyle: setAttr: No object matches name: FACIAL_R_12IPV_NeckBackA1.drawstyle

2026-07-08 17:25:00 - MayaTools.CNTManager3 - WARNING - [CNTManager3] 실패 - FACIAL_L_12IPV_NeckBackA2.drawstyle: setAttr: No object matches name: FACIAL_L_12IPV_NeckBackA2.drawstyle

2026-07-08 17:25:00 - MayaTools.CNTManager3 - WARNING - [CNTManager3] 실패 - FACIAL_R_12IPV_NeckBackA2.drawstyle: setAttr: No object matches name: FACIAL_R_12IPV_NeckBackA2.drawstyle

2026-07-08 17:25:00 - MayaTools.CNTManager3 - WARNING - [CNTManager3] 실패 - neck_02_parentConstraint1.drawstyle: setAttr: No object matches name: neck_02_parentConstraint1.drawstyle

2026-07-08 17:25:00 - MayaTools.CNTManager3 - WARNING - [CNTManager3] 실패 - neck_02_scaleConstraint1.drawstyle: setAttr: No object matches name: neck_02_scaleConstraint1.drawstyle

2026-07-08 17:25:00 - MayaTools.CNTManager3 - WARNING - [CNTManager3] 실패 - FACIAL_C_Neck1Root.drawstyle: setAttr: No object matches name: FACIAL_C_Neck1Root.drawstyle

2026-07-08 17:25:00 - MayaTools.CNTManager3 - WARNING - [CNTManager3] 실패 - FACIAL_C_NeckB.drawstyle: setAttr: No object matches name: FACIAL_C_NeckB.drawstyle

2026-07-08 17:25:00 - MayaTools.CNTManager3 - WARNING - [CNTManager3] 실패 - FACIAL_L_NeckB1.drawstyle: setAttr: No object matches name: FACIAL_L_NeckB1.drawstyle

2026-07-08 17:25:00 - MayaTools.CNTManager3 - WARNING - [CNTManager3] 실패 - FACIAL_R_NeckB1.drawstyle: setAttr: No object matches name: FACIAL_R_NeckB1.drawstyle

2026-07-08 17:25:00 - MayaTools.CNTManager3 - WARNING - [CNTManager3] 실패 - FACIAL_L_NeckB2.drawstyle: setAttr: No object matches name: FACIAL_L_NeckB2.drawstyle

2026-07-08 17:25:00 - MayaTools.CNTManager3 - WARNING - [CNTManager3] 실패 - FACIAL_R_NeckB2.drawstyle: setAttr: No object matches name: FACIAL_R_NeckB2.drawstyle

2026-07-08 17:25:00 - MayaTools.CNTManager3 - WARNING - [CNTManager3] 실패 - FACIAL_C_12IPV_NeckB1.drawstyle: setAttr: No object matches name: FACIAL_C_12IPV_NeckB1.drawstyle

2026-07-08 17:25:00 - MayaTools.CNTManager3 - WARNING - [CNTManager3] 실패 - FACIAL_C_12IPV_NeckB2.drawstyle: setAttr: No object matches name: FACIAL_C_12IPV_NeckB2.drawstyle

2026-07-08 17:25:00 - MayaTools.CNTManager3 - WARNING - [CNTManager3] 실패 - FACIAL_L_12IPV_NeckB3.drawstyle: setAttr: No object matches name: FACIAL_L_12IPV_NeckB3.drawstyle

2026-07-08 17:25:00 - MayaTools.CNTManager3 - WARNING - [CNTManager3] 실패 - FACIAL_R_12IPV_NeckB3.drawstyle: setAttr: No object matches name: FACIAL_R_12IPV_NeckB3.drawstyle

2026-07-08 17:25:00 - MayaTools.CNTManager3 - WARNING - [CNTManager3] 실패 - FACIAL_L_12IPV_NeckB4.drawstyle: setAttr: No object matches name: FACIAL_L_12IPV_NeckB4.drawstyle

2026-07-08 17:25:00 - MayaTools.CNTManager3 - WARNING - [CNTManager3] 실패 - FACIAL_R_12IPV_NeckB4.drawstyle: setAttr: No object matches name: FACIAL_R_12IPV_NeckB4.drawstyle

2026-07-08 17:25:00 - MayaTools.CNTManager3 - WARNING - [CNTManager3] 실패 - FACIAL_L_12IPV_NeckB5.drawstyle: setAttr: No object matches name: FACIAL_L_12IPV_NeckB5.drawstyle

2026-07-08 17:25:00 - MayaTools.CNTManager3 - WARNING - [CNTManager3] 실패 - FACIAL_R_12IPV_NeckB5.drawstyle: setAttr: No object matches name: FACIAL_R_12IPV_NeckB5.drawstyle

2026-07-08 17:25:00 - MayaTools.CNTManager3 - WARNING - [CNTManager3] 실패 - FACIAL_L_12IPV_NeckB6.drawstyle: setAttr: No object matches name: FACIAL_L_12IPV_NeckB6.drawstyle

2026-07-08 17:25:00 - MayaTools.CNTManager3 - WARNING - [CNTManager3] 실패 - FACIAL_R_12IPV_NeckB6.drawstyle: setAttr: No object matches name: FACIAL_R_12IPV_NeckB6.drawstyle

2026-07-08 17:25:00 - MayaTools.CNTManager3 - WARNING - [CNTManager3] 실패 - FACIAL_L_12IPV_NeckB7.drawstyle: setAttr: No object matches name: FACIAL_L_12IPV_NeckB7.drawstyle

2026-07-08 17:25:00 - MayaTools.CNTManager3 - WARNING - [CNTManager3] 실패 - FACIAL_R_12IPV_NeckB7.drawstyle: setAttr: No object matches name: FACIAL_R_12IPV_NeckB7.drawstyle

2026-07-08 17:25:00 - MayaTools.CNTManager3 - WARNING - [CNTManager3] 실패 - FACIAL_C_NeckBackB.drawstyle: setAttr: No object matches name: FACIAL_C_NeckBackB.drawstyle

2026-07-08 17:25:00 - MayaTools.CNTManager3 - WARNING - [CNTManager3] 실패 - FACIAL_L_NeckBackB.drawstyle: setAttr: No object matches name: FACIAL_L_NeckBackB.drawstyle

2026-07-08 17:25:00 - MayaTools.CNTManager3 - WARNING - [CNTManager3] 실패 - FACIAL_R_NeckBackB.drawstyle: setAttr: No object matches name: FACIAL_R_NeckBackB.drawstyle

2026-07-08 17:25:00 - MayaTools.CNTManager3 - WARNING - [CNTManager3] 실패 - FACIAL_C_12IPV_NeckBackB1.drawstyle: setAttr: No object matches name: FACIAL_C_12IPV_NeckBackB1.drawstyle

2026-07-08 17:25:00 - MayaTools.CNTManager3 - WARNING - [CNTManager3] 실패 - FACIAL_C_12IPV_NeckBackB2.drawstyle: setAttr: No object matches name: FACIAL_C_12IPV_NeckBackB2.drawstyle

2026-07-08 17:25:00 - MayaTools.CNTManager3 - WARNING - [CNTManager3] 실패 - FACIAL_L_12IPV_NeckBackB1.drawstyle: setAttr: No object matches name: FACIAL_L_12IPV_NeckBackB1.drawstyle

2026-07-08 17:25:00 - MayaTools.CNTManager3 - WARNING - [CNTManager3] 실패 - FACIAL_R_12IPV_NeckBackB1.drawstyle: setAttr: No object matches name: FACIAL_R_12IPV_NeckBackB1.drawstyle

2026-07-08 17:25:00 - MayaTools.CNTManager3 - WARNING - [CNTManager3] 실패 - FACIAL_L_12IPV_NeckBackB2.drawstyle: setAttr: No object matches name: FACIAL_L_12IPV_NeckBackB2.drawstyle

2026-07-08 17:25:00 - MayaTools.CNTManager3 - WARNING - [CNTManager3] 실패 - FACIAL_R_12IPV_NeckBackB2.drawstyle: setAttr: No object matches name: FACIAL_R_12IPV_NeckBackB2.drawstyle

2026-07-08 17:25:00 - MayaTools.CNTManager3 - WARNING - [CNTManager3] 실패 - neck_01_no_twist.drawstyle: setAttr: No object matches name: neck_01_no_twist.drawstyle

2026-07-08 17:25:00 - MayaTools.CNTManager3 - WARNING - [CNTManager3] 실패 - neck_01_parentConstraint1.drawstyle: setAttr: No object matches name: neck_01_parentConstraint1.drawstyle

2026-07-08 17:25:00 - MayaTools.CNTManager3 - WARNING - [CNTManager3] 실패 - neck_01_scaleConstraint1.drawstyle: setAttr: No object matches name: neck_01_scaleConstraint1.drawstyle

2026-07-08 17:25:00 - MayaTools.CNTManager3 - WARNING - [CNTManager3] 실패 - clavicle_l.drawstyle: setAttr: No object matches name: clavicle_l.drawstyle

2026-07-08 17:25:00 - MayaTools.CNTManager3 - WARNING - [CNTManager3] 실패 - upperarm_l.drawstyle: setAttr: No object matches name: upperarm_l.drawstyle

2026-07-08 17:25:00 - MayaTools.CNTManager3 - WARNING - [CNTManager3] 실패 - upperarm_correctiveRoot_l.drawstyle: setAttr: No object matches name: upperarm_correctiveRoot_l.drawstyle

2026-07-08 17:25:00 - MayaTools.CNTManager3 - WARNING - [CNTManager3] 실패 - upperarm_bck_l.drawstyle: setAttr: No object matches name: upperarm_bck_l.drawstyle

2026-07-08 17:25:00 - MayaTools.CNTManager3 - WARNING - [CNTManager3] 실패 - upperarm_fwd_l.drawstyle: setAttr: No object matches name: upperarm_fwd_l.drawstyle

2026-07-08 17:25:00 - MayaTools.CNTManager3 - WARNING - [CNTManager3] 실패 - upperarm_in_l.drawstyle: setAttr: No object matches name: upperarm_in_l.drawstyle

2026-07-08 17:25:00 - MayaTools.CNTManager3 - WARNING - [CNTManager3] 실패 - upperarm_out_l.drawstyle: setAttr: No object matches name: upperarm_out_l.drawstyle

2026-07-08 17:25:00 - MayaTools.CNTManager3 - WARNING - [CNTManager3] 실패 - lowerarm_l.drawstyle: setAttr: No object matches name: lowerarm_l.drawstyle

2026-07-08 17:25:00 - MayaTools.CNTManager3 - WARNING - [CNTManager3] 실패 - hand_l.drawstyle: setAttr: No object matches name: hand_l.drawstyle

2026-07-08 17:25:00 - MayaTools.CNTManager3 - WARNING - [CNTManager3] 실패 - pinky_metacarpal_l.drawstyle: setAttr: No object matches name: pinky_metacarpal_l.drawstyle

2026-07-08 17:25:00 - MayaTools.CNTManager3 - WARNING - [CNTManager3] 실패 - pinky_01_l.drawstyle: setAttr: No object matches name: pinky_01_l.drawstyle

2026-07-08 17:25:00 - MayaTools.CNTManager3 - WARNING - [CNTManager3] 실패 - pinky_02_l.drawstyle: setAttr: No object matches name: pinky_02_l.drawstyle

2026-07-08 17:25:00 - MayaTools.CNTManager3 - WARNING - [CNTManager3] 실패 - pinky_03_l.drawstyle: setAttr: No object matches name: pinky_03_l.drawstyle

2026-07-08 17:25:00 - MayaTools.CNTManager3 - WARNING - [CNTManager3] 실패 - pinky_03_bulge_l.drawstyle: setAttr: No object matches name: pinky_03_bulge_l.drawstyle

2026-07-08 17:25:00 - MayaTools.CNTManager3 - WARNING - [CNTManager3] 실패 - pinky_03_half_l.drawstyle: setAttr: No object matches name: pinky_03_half_l.drawstyle

2026-07-08 17:25:00 - MayaTools.CNTManager3 - WARNING - [CNTManager3] 실패 - pinky_03_in_l.drawstyle: setAttr: No object matches name: pinky_03_in_l.drawstyle

2026-07-08 17:25:00 - MayaTools.CNTManager3 - WARNING - [CNTManager3] 실패 - pinky_02_dip_l.drawstyle: setAttr: No object matches name: pinky_02_dip_l.drawstyle

2026-07-08 17:25:00 - MayaTools.CNTManager3 - WARNING - [CNTManager3] 실패 - pinky_03_l_parentConstraint1.drawstyle: setAttr: No object matches name: pinky_03_l_parentConstraint1.drawstyle

2026-07-08 17:25:00 - MayaTools.CNTManager3 - WARNING - [CNTManager3] 실패 - pinky_03_l_scaleConstraint1.drawstyle: setAttr: No object matches name: pinky_03_l_scaleConstraint1.drawstyle

2026-07-08 17:25:00 - MayaTools.CNTManager3 - WARNING - [CNTManager3] 실패 - pinky_02_bulge_l.drawstyle: setAttr: No object matches name: pinky_02_bulge_l.drawstyle

2026-07-08 17:25:00 - MayaTools.CNTManager3 - WARNING - [CNTManager3] 실패 - pinky_02_side_out_l.drawstyle: setAttr: No object matches name: pinky_02_side_out_l.drawstyle

2026-07-08 17:25:00 - MayaTools.CNTManager3 - WARNING - [CNTManager3] 실패 - pinky_02_side_inn_l.drawstyle: setAttr: No object matches name: pinky_02_side_inn_l.drawstyle

2026-07-08 17:25:00 - MayaTools.CNTManager3 - WARNING - [CNTManager3] 실패 - pinky_02_half_l.drawstyle: setAttr: No object matches name: pinky_02_half_l.drawstyle

2026-07-08 17:25:00 - MayaTools.CNTManager3 - WARNING - [CNTManager3] 실패 - pinky_02_in_l.drawstyle: setAttr: No object matches name: pinky_02_in_l.drawstyle

2026-07-08 17:25:00 - MayaTools.CNTManager3 - WARNING - [CNTManager3] 실패 - pinky_02_pip_l.drawstyle: setAttr: No object matches name: pinky_02_pip_l.drawstyle

2026-07-08 17:25:00 - MayaTools.CNTManager3 - WARNING - [CNTManager3] 실패 - pinky_02_l_parentConstraint1.drawstyle: setAttr: No object matches name: pinky_02_l_parentConstraint1.drawstyle

2026-07-08 17:25:00 - MayaTools.CNTManager3 - WARNING - [CNTManager3] 실패 - pinky_02_l_scaleConstraint1.drawstyle: setAttr: No object matches name: pinky_02_l_scaleConstraint1.drawstyle

2026-07-08 17:25:00 - MayaTools.CNTManager3 - WARNING - [CNTManager3] 실패 - pinky_01_palmMid_l.drawstyle: setAttr: No object matches name: pinky_01_palmMid_l.drawstyle

2026-07-08 17:25:00 - MayaTools.CNTManager3 - WARNING - [CNTManager3] 실패 - pinky_01_bulge_l.drawstyle: setAttr: No object matches name: pinky_01_bulge_l.drawstyle

2026-07-08 17:25:00 - MayaTools.CNTManager3 - WARNING - [CNTManager3] 실패 - pinky_01_side_out_l.drawstyle: setAttr: No object matches name: pinky_01_side_out_l.drawstyle

2026-07-08 17:25:00 - MayaTools.CNTManager3 - WARNING - [CNTManager3] 실패 - pinky_01_side_inn_l.drawstyle: setAttr: No object matches name: pinky_01_side_inn_l.drawstyle

2026-07-08 17:25:00 - MayaTools.CNTManager3 - WARNING - [CNTManager3] 실패 - pinky_01_half_l.drawstyle: setAttr: No object matches name: pinky_01_half_l.drawstyle

2026-07-08 17:25:00 - MayaTools.CNTManager3 - WARNING - [CNTManager3] 실패 - pinky_01_mcp_l.drawstyle: setAttr: No object matches name: pinky_01_mcp_l.drawstyle

2026-07-08 17:25:00 - MayaTools.CNTManager3 - WARNING - [CNTManager3] 실패 - pinky_01_palm_l.drawstyle: setAttr: No object matches name: pinky_01_palm_l.drawstyle

2026-07-08 17:25:00 - MayaTools.CNTManager3 - WARNING - [CNTManager3] 실패 - pinky_01_l_parentConstraint1.drawstyle: setAttr: No object matches name: pinky_01_l_parentConstraint1.drawstyle

2026-07-08 17:25:00 - MayaTools.CNTManager3 - WARNING - [CNTManager3] 실패 - pinky_01_l_scaleConstraint1.drawstyle: setAttr: No object matches name: pinky_01_l_scaleConstraint1.drawstyle

2026-07-08 17:25:00 - MayaTools.CNTManager3 - WARNING - [CNTManager3] 실패 - pinky_metacarpal_slide_l.drawstyle: setAttr: No object matches name: pinky_metacarpal_slide_l.drawstyle

2026-07-08 17:25:00 - MayaTools.CNTManager3 - WARNING - [CNTManager3] 실패 - pinky_metacarpal_l_parentConstraint1.drawstyle: setAttr: No object matches name: pinky_metacarpal_l_parentConstraint1.drawstyle

2026-07-08 17:25:00 - MayaTools.CNTManager3 - WARNING - [CNTManager3] 실패 - pinky_metacarpal_l_scaleConstraint1.drawstyle: setAttr: No object matches name: pinky_metacarpal_l_scaleConstraint1.drawstyle

2026-07-08 17:25:00 - MayaTools.CNTManager3 - WARNING - [CNTManager3] 실패 - ring_metacarpal_l.drawstyle: setAttr: No object matches name: ring_metacarpal_l.drawstyle

2026-07-08 17:25:00 - MayaTools.CNTManager3 - WARNING - [CNTManager3] 실패 - ring_01_l.drawstyle: setAttr: No object matches name: ring_01_l.drawstyle

2026-07-08 17:25:00 - MayaTools.CNTManager3 - WARNING - [CNTManager3] 실패 - ring_02_l.drawstyle: setAttr: No object matches name: ring_02_l.drawstyle

2026-07-08 17:25:00 - MayaTools.CNTManager3 - WARNING - [CNTManager3] 실패 - ring_03_l.drawstyle: setAttr: No object matches name: ring_03_l.drawstyle

2026-07-08 17:25:00 - MayaTools.CNTManager3 - WARNING - [CNTManager3] 실패 - ring_03_bulge_l.drawstyle: setAttr: No object matches name: ring_03_bulge_l.drawstyle

2026-07-08 17:25:00 - MayaTools.CNTManager3 - WARNING - [CNTManager3] 실패 - ring_03_half_l.drawstyle: setAttr: No object matches name: ring_03_half_l.drawstyle

2026-07-08 17:25:00 - MayaTools.CNTManager3 - WARNING - [CNTManager3] 실패 - ring_02_dip_l.drawstyle: setAttr: No object matches name: ring_02_dip_l.drawstyle

2026-07-08 17:25:00 - MayaTools.CNTManager3 - WARNING - [CNTManager3] 실패 - ring_03_in_l.drawstyle: setAttr: No object matches name: ring_03_in_l.drawstyle

2026-07-08 17:25:00 - MayaTools.CNTManager3 - WARNING - [CNTManager3] 실패 - ring_03_l_parentConstraint1.drawstyle: setAttr: No object matches name: ring_03_l_parentConstraint1.drawstyle

2026-07-08 17:25:00 - MayaTools.CNTManager3 - WARNING - [CNTManager3] 실패 - ring_03_l_scaleConstraint1.drawstyle: setAttr: No object matches name: ring_03_l_scaleConstraint1.drawstyle

2026-07-08 17:25:00 - MayaTools.CNTManager3 - WARNING - [CNTManager3] 실패 - ring_02_bulge_l.drawstyle: setAttr: No object matches name: ring_02_bulge_l.drawstyle

2026-07-08 17:25:00 - MayaTools.CNTManager3 - WARNING - [CNTManager3] 실패 - ring_02_side_out_l.drawstyle: setAttr: No object matches name: ring_02_side_out_l.drawstyle

2026-07-08 17:25:00 - MayaTools.CNTManager3 - WARNING - [CNTManager3] 실패 - ring_02_side_inn_l.drawstyle: setAttr: No object matches name: ring_02_side_inn_l.drawstyle

2026-07-08 17:25:00 - MayaTools.CNTManager3 - WARNING - [CNTManager3] 실패 - ring_02_half_l.drawstyle: setAttr: No object matches name: ring_02_half_l.drawstyle

2026-07-08 17:25:00 - MayaTools.CNTManager3 - WARNING - [CNTManager3] 실패 - ring_02_in_l.drawstyle: setAttr: No object matches name: ring_02_in_l.drawstyle

2026-07-08 17:25:00 - MayaTools.CNTManager3 - WARNING - [CNTManager3] 실패 - ring_02_pip_l.drawstyle: setAttr: No object matches name: ring_02_pip_l.drawstyle

2026-07-08 17:25:00 - MayaTools.CNTManager3 - WARNING - [CNTManager3] 실패 - ring_02_l_parentConstraint1.drawstyle: setAttr: No object matches name: ring_02_l_parentConstraint1.drawstyle

2026-07-08 17:25:00 - MayaTools.CNTManager3 - WARNING - [CNTManager3] 실패 - ring_02_l_scaleConstraint1.drawstyle: setAttr: No object matches name: ring_02_l_scaleConstraint1.drawstyle

2026-07-08 17:25:00 - MayaTools.CNTManager3 - WARNING - [CNTManager3] 실패 - ring_01_palmMid_l.drawstyle: setAttr: No object matches name: ring_01_palmMid_l.drawstyle

2026-07-08 17:25:00 - MayaTools.CNTManager3 - WARNING - [CNTManager3] 실패 - ring_01_bulge_l.drawstyle: setAttr: No object matches name: ring_01_bulge_l.drawstyle

2026-07-08 17:25:00 - MayaTools.CNTManager3 - WARNING - [CNTManager3] 실패 - ring_01_side_out_l.drawstyle: setAttr: No object matches name: ring_01_side_out_l.drawstyle

2026-07-08 17:25:00 - MayaTools.CNTManager3 - WARNING - [CNTManager3] 실패 - ring_01_side_inn_l.drawstyle: setAttr: No object matches name: ring_01_side_inn_l.drawstyle

2026-07-08 17:25:00 - MayaTools.CNTManager3 - WARNING - [CNTManager3] 실패 - ring_01_half_l.drawstyle: setAttr: No object matches name: ring_01_half_l.drawstyle

2026-07-08 17:25:00 - MayaTools.CNTManager3 - WARNING - [CNTManager3] 실패 - ring_01_mcp_l.drawstyle: setAttr: No object matches name: ring_01_mcp_l.drawstyle

2026-07-08 17:25:00 - MayaTools.CNTManager3 - WARNING - [CNTManager3] 실패 - ring_01_palm_l.drawstyle: setAttr: No object matches name: ring_01_palm_l.drawstyle

2026-07-08 17:25:00 - MayaTools.CNTManager3 - WARNING - [CNTManager3] 실패 - ring_01_l_parentConstraint1.drawstyle: setAttr: No object matches name: ring_01_l_parentConstraint1.drawstyle

2026-07-08 17:25:00 - MayaTools.CNTManager3 - WARNING - [CNTManager3] 실패 - ring_01_l_scaleConstraint1.drawstyle: setAttr: No object matches name: ring_01_l_scaleConstraint1.drawstyle

2026-07-08 17:25:00 - MayaTools.CNTManager3 - WARNING - [CNTManager3] 실패 - ring_metacarpal_slide_l.drawstyle: setAttr: No object matches name: ring_metacarpal_slide_l.drawstyle

2026-07-08 17:25:00 - MayaTools.CNTManager3 - WARNING - [CNTManager3] 실패 - ring_metacarpal_l_parentConstraint1.drawstyle: setAttr: No object matches name: ring_metacarpal_l_parentConstraint1.drawstyle

2026-07-08 17:25:00 - MayaTools.CNTManager3 - WARNING - [CNTManager3] 실패 - ring_metacarpal_l_scaleConstraint1.drawstyle: setAttr: No object matches name: ring_metacarpal_l_scaleConstraint1.drawstyle

2026-07-08 17:25:00 - MayaTools.CNTManager3 - WARNING - [CNTManager3] 실패 - thumb_01_l.drawstyle: setAttr: No object matches name: thumb_01_l.drawstyle

2026-07-08 17:25:00 - MayaTools.CNTManager3 - WARNING - [CNTManager3] 실패 - thumb_02_l.drawstyle: setAttr: No object matches name: thumb_02_l.drawstyle

2026-07-08 17:25:00 - MayaTools.CNTManager3 - WARNING - [CNTManager3] 실패 - thumb_03_l.drawstyle: setAttr: No object matches name: thumb_03_l.drawstyle

2026-07-08 17:25:00 - MayaTools.CNTManager3 - WARNING - [CNTManager3] 실패 - thumb_03_bulge_l.drawstyle: setAttr: No object matches name: thumb_03_bulge_l.drawstyle

2026-07-08 17:25:00 - MayaTools.CNTManager3 - WARNING - [CNTManager3] 실패 - thumb_03_side_out_l.drawstyle: setAttr: No object matches name: thumb_03_side_out_l.drawstyle

2026-07-08 17:25:00 - MayaTools.CNTManager3 - WARNING - [CNTManager3] 실패 - thumb_03_side_inn_l.drawstyle: setAttr: No object matches name: thumb_03_side_inn_l.drawstyle

2026-07-08 17:25:00 - MayaTools.CNTManager3 - WARNING - [CNTManager3] 실패 - thumb_03_half_l.drawstyle: setAttr: No object matches name: thumb_03_half_l.drawstyle

2026-07-08 17:25:00 - MayaTools.CNTManager3 - WARNING - [CNTManager3] 실패 - thumb_03_pip_l.drawstyle: setAttr: No object matches name: thumb_03_pip_l.drawstyle

2026-07-08 17:25:00 - MayaTools.CNTManager3 - WARNING - [CNTManager3] 실패 - thumb_03_in_l.drawstyle: setAttr: No object matches name: thumb_03_in_l.drawstyle

2026-07-08 17:25:00 - MayaTools.CNTManager3 - WARNING - [CNTManager3] 실패 - thumb_03_l_parentConstraint1.drawstyle: setAttr: No object matches name: thumb_03_l_parentConstraint1.drawstyle

2026-07-08 17:25:00 - MayaTools.CNTManager3 - WARNING - [CNTManager3] 실패 - thumb_03_l_scaleConstraint1.drawstyle: setAttr: No object matches name: thumb_03_l_scaleConstraint1.drawstyle

2026-07-08 17:25:00 - MayaTools.CNTManager3 - WARNING - [CNTManager3] 실패 - thumb_02_bulge_l.drawstyle: setAttr: No object matches name: thumb_02_bulge_l.drawstyle

2026-07-08 17:25:00 - MayaTools.CNTManager3 - WARNING - [CNTManager3] 실패 - thumb_02_side_out_l.drawstyle: setAttr: No object matches name: thumb_02_side_out_l.drawstyle

2026-07-08 17:25:00 - MayaTools.CNTManager3 - WARNING - [CNTManager3] 실패 - thumb_02_side_inn_l.drawstyle: setAttr: No object matches name: thumb_02_side_inn_l.drawstyle

2026-07-08 17:25:00 - MayaTools.CNTManager3 - WARNING - [CNTManager3] 실패 - thumb_02_half_l.drawstyle: setAttr: No object matches name: thumb_02_half_l.drawstyle

2026-07-08 17:25:00 - MayaTools.CNTManager3 - WARNING - [CNTManager3] 실패 - thumb_02_in_l.drawstyle: setAttr: No object matches name: thumb_02_in_l.drawstyle

2026-07-08 17:25:00 - MayaTools.CNTManager3 - WARNING - [CNTManager3] 실패 - thumb_02_mcp_l.drawstyle: setAttr: No object matches name: thumb_02_mcp_l.drawstyle

2026-07-08 17:25:00 - MayaTools.CNTManager3 - WARNING - [CNTManager3] 실패 - thumb_02_l_parentConstraint1.drawstyle: setAttr: No object matches name: thumb_02_l_parentConstraint1.drawstyle

2026-07-08 17:25:00 - MayaTools.CNTManager3 - WARNING - [CNTManager3] 실패 - thumb_02_l_scaleConstraint1.drawstyle: setAttr: No object matches name: thumb_02_l_scaleConstraint1.drawstyle

2026-07-08 17:25:00 - MayaTools.CNTManager3 - WARNING - [CNTManager3] 실패 - thumb_01_side_out_l.drawstyle: setAttr: No object matches name: thumb_01_side_out_l.drawstyle

2026-07-08 17:25:00 - MayaTools.CNTManager3 - WARNING - [CNTManager3] 실패 - thumb_01_side_inn_l.drawstyle: setAttr: No object matches name: thumb_01_side_inn_l.drawstyle

2026-07-08 17:25:00 - MayaTools.CNTManager3 - WARNING - [CNTManager3] 실패 - thumb_01_half_l.drawstyle: setAttr: No object matches name: thumb_01_half_l.drawstyle

2026-07-08 17:25:00 - MayaTools.CNTManager3 - WARNING - [CNTManager3] 실패 - thumb_web_l.drawstyle: setAttr: No object matches name: thumb_web_l.drawstyle

2026-07-08 17:25:00 - MayaTools.CNTManager3 - WARNING - [CNTManager3] 실패 - thumb_meat_l.drawstyle: setAttr: No object matches name: thumb_meat_l.drawstyle

2026-07-08 17:25:00 - MayaTools.CNTManager3 - WARNING - [CNTManager3] 실패 - thumb_01_l_parentConstraint1.drawstyle: setAttr: No object matches name: thumb_01_l_parentConstraint1.drawstyle

2026-07-08 17:25:00 - MayaTools.CNTManager3 - WARNING - [CNTManager3] 실패 - thumb_01_l_scaleConstraint1.drawstyle: setAttr: No object matches name: thumb_01_l_scaleConstraint1.drawstyle

2026-07-08 17:25:00 - MayaTools.CNTManager3 - WARNING - [CNTManager3] 실패 - middle_metacarpal_l.drawstyle: setAttr: No object matches name: middle_metacarpal_l.drawstyle

2026-07-08 17:25:00 - MayaTools.CNTManager3 - WARNING - [CNTManager3] 실패 - middle_01_l.drawstyle: setAttr: No object matches name: middle_01_l.drawstyle

2026-07-08 17:25:00 - MayaTools.CNTManager3 - WARNING - [CNTManager3] 실패 - middle_02_l.drawstyle: setAttr: No object matches name: middle_02_l.drawstyle

2026-07-08 17:25:00 - MayaTools.CNTManager3 - WARNING - [CNTManager3] 실패 - middle_03_l.drawstyle: setAttr: No object matches name: middle_03_l.drawstyle

2026-07-08 17:25:00 - MayaTools.CNTManager3 - WARNING - [CNTManager3] 실패 - middle_03_bulge_l.drawstyle: setAttr: No object matches name: middle_03_bulge_l.drawstyle

2026-07-08 17:25:00 - MayaTools.CNTManager3 - WARNING - [CNTManager3] 실패 - middle_03_half_l.drawstyle: setAttr: No object matches name: middle_03_half_l.drawstyle

2026-07-08 17:25:00 - MayaTools.CNTManager3 - WARNING - [CNTManager3] 실패 - middle_03_in_l.drawstyle: setAttr: No object matches name: middle_03_in_l.drawstyle

2026-07-08 17:25:00 - MayaTools.CNTManager3 - WARNING - [CNTManager3] 실패 - middle_02_dip_l.drawstyle: setAttr: No object matches name: middle_02_dip_l.drawstyle

2026-07-08 17:25:00 - MayaTools.CNTManager3 - WARNING - [CNTManager3] 실패 - middle_03_l_parentConstraint1.drawstyle: setAttr: No object matches name: middle_03_l_parentConstraint1.drawstyle

2026-07-08 17:25:00 - MayaTools.CNTManager3 - WARNING - [CNTManager3] 실패 - middle_03_l_scaleConstraint1.drawstyle: setAttr: No object matches name: middle_03_l_scaleConstraint1.drawstyle

2026-07-08 17:25:00 - MayaTools.CNTManager3 - WARNING - [CNTManager3] 실패 - middle_02_bulge_l.drawstyle: setAttr: No object matches name: middle_02_bulge_l.drawstyle

2026-07-08 17:25:00 - MayaTools.CNTManager3 - WARNING - [CNTManager3] 실패 - middle_02_side_out_l.drawstyle: setAttr: No object matches name: middle_02_side_out_l.drawstyle

2026-07-08 17:25:00 - MayaTools.CNTManager3 - WARNING - [CNTManager3] 실패 - middle_02_side_inn_l.drawstyle: setAttr: No object matches name: middle_02_side_inn_l.drawstyle

2026-07-08 17:25:00 - MayaTools.CNTManager3 - WARNING - [CNTManager3] 실패 - middle_02_half_l.drawstyle: setAttr: No object matches name: middle_02_half_l.drawstyle

2026-07-08 17:25:00 - MayaTools.CNTManager3 - WARNING - [CNTManager3] 실패 - middle_02_pip_l.drawstyle: setAttr: No object matches name: middle_02_pip_l.drawstyle

2026-07-08 17:25:00 - MayaTools.CNTManager3 - WARNING - [CNTManager3] 실패 - middle_02_in_l.drawstyle: setAttr: No object matches name: middle_02_in_l.drawstyle

2026-07-08 17:25:00 - MayaTools.CNTManager3 - WARNING - [CNTManager3] 실패 - middle_02_l_parentConstraint1.drawstyle: setAttr: No object matches name: middle_02_l_parentConstraint1.drawstyle

2026-07-08 17:25:00 - MayaTools.CNTManager3 - WARNING - [CNTManager3] 실패 - middle_02_l_scaleConstraint1.drawstyle: setAttr: No object matches name: middle_02_l_scaleConstraint1.drawstyle

2026-07-08 17:25:00 - MayaTools.CNTManager3 - WARNING - [CNTManager3] 실패 - middle_01_palmMid_l.drawstyle: setAttr: No object matches name: middle_01_palmMid_l.drawstyle

2026-07-08 17:25:00 - MayaTools.CNTManager3 - WARNING - [CNTManager3] 실패 - middle_01_bulge_l.drawstyle: setAttr: No object matches name: middle_01_bulge_l.drawstyle

2026-07-08 17:25:00 - MayaTools.CNTManager3 - WARNING - [CNTManager3] 실패 - middle_01_side_out_l.drawstyle: setAttr: No object matches name: middle_01_side_out_l.drawstyle

2026-07-08 17:25:00 - MayaTools.CNTManager3 - WARNING - [CNTManager3] 실패 - middle_01_side_inn_l.drawstyle: setAttr: No object matches name: middle_01_side_inn_l.drawstyle

2026-07-08 17:25:00 - MayaTools.CNTManager3 - WARNING - [CNTManager3] 실패 - middle_01_half_l.drawstyle: setAttr: No object matches name: middle_01_half_l.drawstyle

2026-07-08 17:25:00 - MayaTools.CNTManager3 - WARNING - [CNTManager3] 실패 - middle_01_mcp_l.drawstyle: setAttr: No object matches name: middle_01_mcp_l.drawstyle

2026-07-08 17:25:00 - MayaTools.CNTManager3 - WARNING - [CNTManager3] 실패 - middle_01_palm_l.drawstyle: setAttr: No object matches name: middle_01_palm_l.drawstyle

2026-07-08 17:25:00 - MayaTools.CNTManager3 - WARNING - [CNTManager3] 실패 - middle_01_l_parentConstraint1.drawstyle: setAttr: No object matches name: middle_01_l_parentConstraint1.drawstyle

2026-07-08 17:25:00 - MayaTools.CNTManager3 - WARNING - [CNTManager3] 실패 - middle_01_l_scaleConstraint1.drawstyle: setAttr: No object matches name: middle_01_l_scaleConstraint1.drawstyle

2026-07-08 17:25:00 - MayaTools.CNTManager3 - WARNING - [CNTManager3] 실패 - middle_metacarpal_slide_l.drawstyle: setAttr: No object matches name: middle_metacarpal_slide_l.drawstyle

2026-07-08 17:25:00 - MayaTools.CNTManager3 - WARNING - [CNTManager3] 실패 - middle_metacarpal_l_parentConstraint1.drawstyle: setAttr: No object matches name: middle_metacarpal_l_parentConstraint1.drawstyle

2026-07-08 17:25:00 - MayaTools.CNTManager3 - WARNING - [CNTManager3] 실패 - middle_metacarpal_l_scaleConstraint1.drawstyle: setAttr: No object matches name: middle_metacarpal_l_scaleConstraint1.drawstyle

2026-07-08 17:25:00 - MayaTools.CNTManager3 - WARNING - [CNTManager3] 실패 - index_metacarpal_l.drawstyle: setAttr: No object matches name: index_metacarpal_l.drawstyle

2026-07-08 17:25:00 - MayaTools.CNTManager3 - WARNING - [CNTManager3] 실패 - index_01_l.drawstyle: setAttr: No object matches name: index_01_l.drawstyle

2026-07-08 17:25:00 - MayaTools.CNTManager3 - WARNING - [CNTManager3] 실패 - index_02_l.drawstyle: setAttr: No object matches name: index_02_l.drawstyle

2026-07-08 17:25:00 - MayaTools.CNTManager3 - WARNING - [CNTManager3] 실패 - index_03_l.drawstyle: setAttr: No object matches name: index_03_l.drawstyle

2026-07-08 17:25:00 - MayaTools.CNTManager3 - WARNING - [CNTManager3] 실패 - index_03_bulge_l.drawstyle: setAttr: No object matches name: index_03_bulge_l.drawstyle

2026-07-08 17:25:00 - MayaTools.CNTManager3 - WARNING - [CNTManager3] 실패 - index_03_half_l.drawstyle: setAttr: No object matches name: index_03_half_l.drawstyle

2026-07-08 17:25:00 - MayaTools.CNTManager3 - WARNING - [CNTManager3] 실패 - index_02_dip_l.drawstyle: setAttr: No object matches name: index_02_dip_l.drawstyle

2026-07-08 17:25:00 - MayaTools.CNTManager3 - WARNING - [CNTManager3] 실패 - index_03_in_l.drawstyle: setAttr: No object matches name: index_03_in_l.drawstyle

2026-07-08 17:25:00 - MayaTools.CNTManager3 - WARNING - [CNTManager3] 실패 - index_03_l_parentConstraint1.drawstyle: setAttr: No object matches name: index_03_l_parentConstraint1.drawstyle

2026-07-08 17:25:00 - MayaTools.CNTManager3 - WARNING - [CNTManager3] 실패 - index_03_l_scaleConstraint1.drawstyle: setAttr: No object matches name: index_03_l_scaleConstraint1.drawstyle

2026-07-08 17:25:00 - MayaTools.CNTManager3 - WARNING - [CNTManager3] 실패 - index_02_bulge_l.drawstyle: setAttr: No object matches name: index_02_bulge_l.drawstyle

2026-07-08 17:25:00 - MayaTools.CNTManager3 - WARNING - [CNTManager3] 실패 - index_02_side_out_l.drawstyle: setAttr: No object matches name: index_02_side_out_l.drawstyle

2026-07-08 17:25:00 - MayaTools.CNTManager3 - WARNING - [CNTManager3] 실패 - index_02_side_inn_l.drawstyle: setAttr: No object matches name: index_02_side_inn_l.drawstyle

2026-07-08 17:25:00 - MayaTools.CNTManager3 - WARNING - [CNTManager3] 실패 - index_02_half_l.drawstyle: setAttr: No object matches name: index_02_half_l.drawstyle

2026-07-08 17:25:00 - MayaTools.CNTManager3 - WARNING - [CNTManager3] 실패 - index_02_in_l.drawstyle: setAttr: No object matches name: index_02_in_l.drawstyle

2026-07-08 17:25:00 - MayaTools.CNTManager3 - WARNING - [CNTManager3] 실패 - index_02_pip_l.drawstyle: setAttr: No object matches name: index_02_pip_l.drawstyle

2026-07-08 17:25:00 - MayaTools.CNTManager3 - WARNING - [CNTManager3] 실패 - index_02_l_parentConstraint1.drawstyle: setAttr: No object matches name: index_02_l_parentConstraint1.drawstyle

2026-07-08 17:25:00 - MayaTools.CNTManager3 - WARNING - [CNTManager3] 실패 - index_02_l_scaleConstraint1.drawstyle: setAttr: No object matches name: index_02_l_scaleConstraint1.drawstyle

2026-07-08 17:25:00 - MayaTools.CNTManager3 - WARNING - [CNTManager3] 실패 - index_01_palmMid_l.drawstyle: setAttr: No object matches name: index_01_palmMid_l.drawstyle

2026-07-08 17:25:00 - MayaTools.CNTManager3 - WARNING - [CNTManager3] 실패 - index_01_bulge_l.drawstyle: setAttr: No object matches name: index_01_bulge_l.drawstyle

2026-07-08 17:25:00 - MayaTools.CNTManager3 - WARNING - [CNTManager3] 실패 - index_01_side_out_l.drawstyle: setAttr: No object matches name: index_01_side_out_l.drawstyle

2026-07-08 17:25:00 - MayaTools.CNTManager3 - WARNING - [CNTManager3] 실패 - index_01_side_inn_l.drawstyle: setAttr: No object matches name: index_01_side_inn_l.drawstyle

2026-07-08 17:25:00 - MayaTools.CNTManager3 - WARNING - [CNTManager3] 실패 - index_01_half_l.drawstyle: setAttr: No object matches name: index_01_half_l.drawstyle

2026-07-08 17:25:00 - MayaTools.CNTManager3 - WARNING - [CNTManager3] 실패 - index_01_mcp_l.drawstyle: setAttr: No object matches name: index_01_mcp_l.drawstyle

2026-07-08 17:25:00 - MayaTools.CNTManager3 - WARNING - [CNTManager3] 실패 - index_01_palm_l.drawstyle: setAttr: No object matches name: index_01_palm_l.drawstyle

2026-07-08 17:25:00 - MayaTools.CNTManager3 - WARNING - [CNTManager3] 실패 - index_01_l_parentConstraint1.drawstyle: setAttr: No object matches name: index_01_l_parentConstraint1.drawstyle

2026-07-08 17:25:00 - MayaTools.CNTManager3 - WARNING - [CNTManager3] 실패 - index_01_l_scaleConstraint1.drawstyle: setAttr: No object matches name: index_01_l_scaleConstraint1.drawstyle

2026-07-08 17:25:00 - MayaTools.CNTManager3 - WARNING - [CNTManager3] 실패 - index_metacarpal_slide_l.drawstyle: setAttr: No object matches name: index_metacarpal_slide_l.drawstyle

2026-07-08 17:25:00 - MayaTools.CNTManager3 - WARNING - [CNTManager3] 실패 - index_metacarpal_l_parentConstraint1.drawstyle: setAttr: No object matches name: index_metacarpal_l_parentConstraint1.drawstyle

2026-07-08 17:25:00 - MayaTools.CNTManager3 - WARNING - [CNTManager3] 실패 - index_metacarpal_l_scaleConstraint1.drawstyle: setAttr: No object matches name: index_metacarpal_l_scaleConstraint1.drawstyle

2026-07-08 17:25:00 - MayaTools.CNTManager3 - WARNING - [CNTManager3] 실패 - wrist_inner_l.drawstyle: setAttr: No object matches name: wrist_inner_l.drawstyle

2026-07-08 17:25:00 - MayaTools.CNTManager3 - WARNING - [CNTManager3] 실패 - wrist_outer_l.drawstyle: setAttr: No object matches name: wrist_outer_l.drawstyle

2026-07-08 17:25:00 - MayaTools.CNTManager3 - WARNING - [CNTManager3] 실패 - accessory_l.drawstyle: setAttr: No object matches name: accessory_l.drawstyle

2026-07-08 17:25:00 - MayaTools.CNTManager3 - WARNING - [CNTManager3] 실패 - hand_l_no_twist.drawstyle: setAttr: No object matches name: hand_l_no_twist.drawstyle

2026-07-08 17:25:00 - MayaTools.CNTManager3 - WARNING - [CNTManager3] 실패 - magazine1_l.drawstyle: setAttr: No object matches name: magazine1_l.drawstyle

2026-07-08 17:25:00 - MayaTools.CNTManager3 - WARNING - [CNTManager3] 실패 - magazine2_l.drawstyle: setAttr: No object matches name: magazine2_l.drawstyle

2026-07-08 17:25:00 - MayaTools.CNTManager3 - WARNING - [CNTManager3] 실패 - weapon_l.drawstyle: setAttr: No object matches name: weapon_l.drawstyle

2026-07-08 17:25:00 - MayaTools.CNTManager3 - WARNING - [CNTManager3] 실패 - hand_l_parentConstraint1.drawstyle: setAttr: No object matches name: hand_l_parentConstraint1.drawstyle

2026-07-08 17:25:00 - MayaTools.CNTManager3 - WARNING - [CNTManager3] 실패 - hand_l_scaleConstraint1.drawstyle: setAttr: No object matches name: hand_l_scaleConstraint1.drawstyle

2026-07-08 17:25:00 - MayaTools.CNTManager3 - WARNING - [CNTManager3] 실패 - lowerarm_twist_02_l.drawstyle: setAttr: No object matches name: lowerarm_twist_02_l.drawstyle

2026-07-08 17:25:00 - MayaTools.CNTManager3 - WARNING - [CNTManager3] 실패 - lowerarm_twist_01_l.drawstyle: setAttr: No object matches name: lowerarm_twist_01_l.drawstyle

2026-07-08 17:25:00 - MayaTools.CNTManager3 - WARNING - [CNTManager3] 실패 - lowerarm_correctiveRoot_l.drawstyle: setAttr: No object matches name: lowerarm_correctiveRoot_l.drawstyle

2026-07-08 17:25:00 - MayaTools.CNTManager3 - WARNING - [CNTManager3] 실패 - lowerarm_in_l.drawstyle: setAttr: No object matches name: lowerarm_in_l.drawstyle

2026-07-08 17:25:00 - MayaTools.CNTManager3 - WARNING - [CNTManager3] 실패 - lowerarm_out_l.drawstyle: setAttr: No object matches name: lowerarm_out_l.drawstyle

2026-07-08 17:25:00 - MayaTools.CNTManager3 - WARNING - [CNTManager3] 실패 - lowerarm_fwd_l.drawstyle: setAttr: No object matches name: lowerarm_fwd_l.drawstyle

2026-07-08 17:25:00 - MayaTools.CNTManager3 - WARNING - [CNTManager3] 실패 - lowerarm_bck_l.drawstyle: setAttr: No object matches name: lowerarm_bck_l.drawstyle

2026-07-08 17:25:00 - MayaTools.CNTManager3 - WARNING - [CNTManager3] 실패 - lowerarm_half_l.drawstyle: setAttr: No object matches name: lowerarm_half_l.drawstyle

2026-07-08 17:25:00 - MayaTools.CNTManager3 - WARNING - [CNTManager3] 실패 - lowerarm_l_parentConstraint1.drawstyle: setAttr: No object matches name: lowerarm_l_parentConstraint1.drawstyle

2026-07-08 17:25:00 - MayaTools.CNTManager3 - WARNING - [CNTManager3] 실패 - lowerarm_l_scaleConstraint1.drawstyle: setAttr: No object matches name: lowerarm_l_scaleConstraint1.drawstyle

2026-07-08 17:25:00 - MayaTools.CNTManager3 - WARNING - [CNTManager3] 실패 - upperarm_twist_01_l.drawstyle: setAttr: No object matches name: upperarm_twist_01_l.drawstyle

2026-07-08 17:25:00 - MayaTools.CNTManager3 - WARNING - [CNTManager3] 실패 - upperarm_twistCor_01_l.drawstyle: setAttr: No object matches name: upperarm_twistCor_01_l.drawstyle

2026-07-08 17:25:00 - MayaTools.CNTManager3 - WARNING - [CNTManager3] 실패 - upperarm_twist_02_l.drawstyle: setAttr: No object matches name: upperarm_twist_02_l.drawstyle

2026-07-08 17:25:00 - MayaTools.CNTManager3 - WARNING - [CNTManager3] 실패 - upperarm_tricep_l.drawstyle: setAttr: No object matches name: upperarm_tricep_l.drawstyle

2026-07-08 17:25:00 - MayaTools.CNTManager3 - WARNING - [CNTManager3] 실패 - upperarm_bicep_l.drawstyle: setAttr: No object matches name: upperarm_bicep_l.drawstyle

2026-07-08 17:25:00 - MayaTools.CNTManager3 - WARNING - [CNTManager3] 실패 - upperarm_twistCor_02_l.drawstyle: setAttr: No object matches name: upperarm_twistCor_02_l.drawstyle

2026-07-08 17:25:00 - MayaTools.CNTManager3 - WARNING - [CNTManager3] 실패 - upperarm_twist_l.drawstyle: setAttr: No object matches name: upperarm_twist_l.drawstyle

2026-07-08 17:25:00 - MayaTools.CNTManager3 - WARNING - [CNTManager3] 실패 - upperarm_l_parentConstraint1.drawstyle: setAttr: No object matches name: upperarm_l_parentConstraint1.drawstyle

2026-07-08 17:25:00 - MayaTools.CNTManager3 - WARNING - [CNTManager3] 실패 - upperarm_l_scaleConstraint1.drawstyle: setAttr: No object matches name: upperarm_l_scaleConstraint1.drawstyle

2026-07-08 17:25:00 - MayaTools.CNTManager3 - WARNING - [CNTManager3] 실패 - clavicle_out_l.drawstyle: setAttr: No object matches name: clavicle_out_l.drawstyle

2026-07-08 17:25:00 - MayaTools.CNTManager3 - WARNING - [CNTManager3] 실패 - clavicle_scap_l.drawstyle: setAttr: No object matches name: clavicle_scap_l.drawstyle

2026-07-08 17:25:00 - MayaTools.CNTManager3 - WARNING - [CNTManager3] 실패 - clavicle_l_parentConstraint1.drawstyle: setAttr: No object matches name: clavicle_l_parentConstraint1.drawstyle

2026-07-08 17:25:00 - MayaTools.CNTManager3 - WARNING - [CNTManager3] 실패 - clavicle_l_scaleConstraint1.drawstyle: setAttr: No object matches name: clavicle_l_scaleConstraint1.drawstyle

2026-07-08 17:25:00 - MayaTools.CNTManager3 - WARNING - [CNTManager3] 실패 - clavicle_r.drawstyle: setAttr: No object matches name: clavicle_r.drawstyle

2026-07-08 17:25:00 - MayaTools.CNTManager3 - WARNING - [CNTManager3] 실패 - upperarm_r.drawstyle: setAttr: No object matches name: upperarm_r.drawstyle

2026-07-08 17:25:00 - MayaTools.CNTManager3 - WARNING - [CNTManager3] 실패 - upperarm_correctiveRoot_r.drawstyle: setAttr: No object matches name: upperarm_correctiveRoot_r.drawstyle

2026-07-08 17:25:00 - MayaTools.CNTManager3 - WARNING - [CNTManager3] 실패 - upperarm_bck_r.drawstyle: setAttr: No object matches name: upperarm_bck_r.drawstyle

2026-07-08 17:25:00 - MayaTools.CNTManager3 - WARNING - [CNTManager3] 실패 - upperarm_in_r.drawstyle: setAttr: No object matches name: upperarm_in_r.drawstyle

2026-07-08 17:25:00 - MayaTools.CNTManager3 - WARNING - [CNTManager3] 실패 - upperarm_fwd_r.drawstyle: setAttr: No object matches name: upperarm_fwd_r.drawstyle

2026-07-08 17:25:00 - MayaTools.CNTManager3 - WARNING - [CNTManager3] 실패 - upperarm_out_r.drawstyle: setAttr: No object matches name: upperarm_out_r.drawstyle

2026-07-08 17:25:00 - MayaTools.CNTManager3 - WARNING - [CNTManager3] 실패 - lowerarm_r.drawstyle: setAttr: No object matches name: lowerarm_r.drawstyle

2026-07-08 17:25:00 - MayaTools.CNTManager3 - WARNING - [CNTManager3] 실패 - hand_r.drawstyle: setAttr: No object matches name: hand_r.drawstyle

2026-07-08 17:25:00 - MayaTools.CNTManager3 - WARNING - [CNTManager3] 실패 - pinky_metacarpal_r.drawstyle: setAttr: No object matches name: pinky_metacarpal_r.drawstyle

2026-07-08 17:25:00 - MayaTools.CNTManager3 - WARNING - [CNTManager3] 실패 - pinky_01_r.drawstyle: setAttr: No object matches name: pinky_01_r.drawstyle

2026-07-08 17:25:00 - MayaTools.CNTManager3 - WARNING - [CNTManager3] 실패 - pinky_02_r.drawstyle: setAttr: No object matches name: pinky_02_r.drawstyle

2026-07-08 17:25:00 - MayaTools.CNTManager3 - WARNING - [CNTManager3] 실패 - pinky_03_r.drawstyle: setAttr: No object matches name: pinky_03_r.drawstyle

2026-07-08 17:25:00 - MayaTools.CNTManager3 - WARNING - [CNTManager3] 실패 - pinky_03_bulge_r.drawstyle: setAttr: No object matches name: pinky_03_bulge_r.drawstyle

2026-07-08 17:25:00 - MayaTools.CNTManager3 - WARNING - [CNTManager3] 실패 - pinky_03_half_r.drawstyle: setAttr: No object matches name: pinky_03_half_r.drawstyle

2026-07-08 17:25:00 - MayaTools.CNTManager3 - WARNING - [CNTManager3] 실패 - pinky_03_in_r.drawstyle: setAttr: No object matches name: pinky_03_in_r.drawstyle

2026-07-08 17:25:00 - MayaTools.CNTManager3 - WARNING - [CNTManager3] 실패 - pinky_02_dip_r.drawstyle: setAttr: No object matches name: pinky_02_dip_r.drawstyle

2026-07-08 17:25:00 - MayaTools.CNTManager3 - WARNING - [CNTManager3] 실패 - pinky_03_r_parentConstraint1.drawstyle: setAttr: No object matches name: pinky_03_r_parentConstraint1.drawstyle

2026-07-08 17:25:00 - MayaTools.CNTManager3 - WARNING - [CNTManager3] 실패 - pinky_03_r_scaleConstraint1.drawstyle: setAttr: No object matches name: pinky_03_r_scaleConstraint1.drawstyle

2026-07-08 17:25:00 - MayaTools.CNTManager3 - WARNING - [CNTManager3] 실패 - pinky_02_bulge_r.drawstyle: setAttr: No object matches name: pinky_02_bulge_r.drawstyle

2026-07-08 17:25:00 - MayaTools.CNTManager3 - WARNING - [CNTManager3] 실패 - pinky_02_side_out_r.drawstyle: setAttr: No object matches name: pinky_02_side_out_r.drawstyle

2026-07-08 17:25:00 - MayaTools.CNTManager3 - WARNING - [CNTManager3] 실패 - pinky_02_side_inn_r.drawstyle: setAttr: No object matches name: pinky_02_side_inn_r.drawstyle

2026-07-08 17:25:00 - MayaTools.CNTManager3 - WARNING - [CNTManager3] 실패 - pinky_02_half_r.drawstyle: setAttr: No object matches name: pinky_02_half_r.drawstyle

2026-07-08 17:25:00 - MayaTools.CNTManager3 - WARNING - [CNTManager3] 실패 - pinky_02_in_r.drawstyle: setAttr: No object matches name: pinky_02_in_r.drawstyle

2026-07-08 17:25:00 - MayaTools.CNTManager3 - WARNING - [CNTManager3] 실패 - pinky_02_pip_r.drawstyle: setAttr: No object matches name: pinky_02_pip_r.drawstyle

2026-07-08 17:25:00 - MayaTools.CNTManager3 - WARNING - [CNTManager3] 실패 - pinky_02_r_parentConstraint1.drawstyle: setAttr: No object matches name: pinky_02_r_parentConstraint1.drawstyle

2026-07-08 17:25:00 - MayaTools.CNTManager3 - WARNING - [CNTManager3] 실패 - pinky_02_r_scaleConstraint1.drawstyle: setAttr: No object matches name: pinky_02_r_scaleConstraint1.drawstyle

2026-07-08 17:25:00 - MayaTools.CNTManager3 - WARNING - [CNTManager3] 실패 - pinky_01_palmMid_r.drawstyle: setAttr: No object matches name: pinky_01_palmMid_r.drawstyle

2026-07-08 17:25:00 - MayaTools.CNTManager3 - WARNING - [CNTManager3] 실패 - pinky_01_bulge_r.drawstyle: setAttr: No object matches name: pinky_01_bulge_r.drawstyle

2026-07-08 17:25:00 - MayaTools.CNTManager3 - WARNING - [CNTManager3] 실패 - pinky_01_side_out_r.drawstyle: setAttr: No object matches name: pinky_01_side_out_r.drawstyle

2026-07-08 17:25:00 - MayaTools.CNTManager3 - WARNING - [CNTManager3] 실패 - pinky_01_side_inn_r.drawstyle: setAttr: No object matches name: pinky_01_side_inn_r.drawstyle

2026-07-08 17:25:00 - MayaTools.CNTManager3 - WARNING - [CNTManager3] 실패 - pinky_01_half_r.drawstyle: setAttr: No object matches name: pinky_01_half_r.drawstyle

2026-07-08 17:25:00 - MayaTools.CNTManager3 - WARNING - [CNTManager3] 실패 - pinky_01_mcp_r.drawstyle: setAttr: No object matches name: pinky_01_mcp_r.drawstyle

2026-07-08 17:25:00 - MayaTools.CNTManager3 - WARNING - [CNTManager3] 실패 - pinky_01_palm_r.drawstyle: setAttr: No object matches name: pinky_01_palm_r.drawstyle

2026-07-08 17:25:00 - MayaTools.CNTManager3 - WARNING - [CNTManager3] 실패 - pinky_01_r_parentConstraint1.drawstyle: setAttr: No object matches name: pinky_01_r_parentConstraint1.drawstyle

2026-07-08 17:25:00 - MayaTools.CNTManager3 - WARNING - [CNTManager3] 실패 - pinky_01_r_scaleConstraint1.drawstyle: setAttr: No object matches name: pinky_01_r_scaleConstraint1.drawstyle

2026-07-08 17:25:00 - MayaTools.CNTManager3 - WARNING - [CNTManager3] 실패 - pinky_metacarpal_slide_r.drawstyle: setAttr: No object matches name: pinky_metacarpal_slide_r.drawstyle

2026-07-08 17:25:00 - MayaTools.CNTManager3 - WARNING - [CNTManager3] 실패 - pinky_metacarpal_r_parentConstraint1.drawstyle: setAttr: No object matches name: pinky_metacarpal_r_parentConstraint1.drawstyle

2026-07-08 17:25:00 - MayaTools.CNTManager3 - WARNING - [CNTManager3] 실패 - pinky_metacarpal_r_scaleConstraint1.drawstyle: setAttr: No object matches name: pinky_metacarpal_r_scaleConstraint1.drawstyle

2026-07-08 17:25:00 - MayaTools.CNTManager3 - WARNING - [CNTManager3] 실패 - ring_metacarpal_r.drawstyle: setAttr: No object matches name: ring_metacarpal_r.drawstyle

2026-07-08 17:25:00 - MayaTools.CNTManager3 - WARNING - [CNTManager3] 실패 - ring_01_r.drawstyle: setAttr: No object matches name: ring_01_r.drawstyle

2026-07-08 17:25:00 - MayaTools.CNTManager3 - WARNING - [CNTManager3] 실패 - ring_02_r.drawstyle: setAttr: No object matches name: ring_02_r.drawstyle

2026-07-08 17:25:00 - MayaTools.CNTManager3 - WARNING - [CNTManager3] 실패 - ring_03_r.drawstyle: setAttr: No object matches name: ring_03_r.drawstyle

2026-07-08 17:25:00 - MayaTools.CNTManager3 - WARNING - [CNTManager3] 실패 - ring_03_bulge_r.drawstyle: setAttr: No object matches name: ring_03_bulge_r.drawstyle

2026-07-08 17:25:00 - MayaTools.CNTManager3 - WARNING - [CNTManager3] 실패 - ring_03_half_r.drawstyle: setAttr: No object matches name: ring_03_half_r.drawstyle

2026-07-08 17:25:00 - MayaTools.CNTManager3 - WARNING - [CNTManager3] 실패 - ring_02_dip_r.drawstyle: setAttr: No object matches name: ring_02_dip_r.drawstyle

2026-07-08 17:25:00 - MayaTools.CNTManager3 - WARNING - [CNTManager3] 실패 - ring_03_in_r.drawstyle: setAttr: No object matches name: ring_03_in_r.drawstyle

2026-07-08 17:25:00 - MayaTools.CNTManager3 - WARNING - [CNTManager3] 실패 - ring_03_r_parentConstraint1.drawstyle: setAttr: No object matches name: ring_03_r_parentConstraint1.drawstyle

2026-07-08 17:25:00 - MayaTools.CNTManager3 - WARNING - [CNTManager3] 실패 - ring_03_r_scaleConstraint1.drawstyle: setAttr: No object matches name: ring_03_r_scaleConstraint1.drawstyle

2026-07-08 17:25:00 - MayaTools.CNTManager3 - WARNING - [CNTManager3] 실패 - ring_02_bulge_r.drawstyle: setAttr: No object matches name: ring_02_bulge_r.drawstyle

2026-07-08 17:25:00 - MayaTools.CNTManager3 - WARNING - [CNTManager3] 실패 - ring_02_side_out_r.drawstyle: setAttr: No object matches name: ring_02_side_out_r.drawstyle

2026-07-08 17:25:00 - MayaTools.CNTManager3 - WARNING - [CNTManager3] 실패 - ring_02_side_inn_r.drawstyle: setAttr: No object matches name: ring_02_side_inn_r.drawstyle

2026-07-08 17:25:00 - MayaTools.CNTManager3 - WARNING - [CNTManager3] 실패 - ring_02_half_r.drawstyle: setAttr: No object matches name: ring_02_half_r.drawstyle

2026-07-08 17:25:00 - MayaTools.CNTManager3 - WARNING - [CNTManager3] 실패 - ring_02_in_r.drawstyle: setAttr: No object matches name: ring_02_in_r.drawstyle

2026-07-08 17:25:00 - MayaTools.CNTManager3 - WARNING - [CNTManager3] 실패 - ring_02_pip_r.drawstyle: setAttr: No object matches name: ring_02_pip_r.drawstyle

2026-07-08 17:25:00 - MayaTools.CNTManager3 - WARNING - [CNTManager3] 실패 - ring_02_r_parentConstraint1.drawstyle: setAttr: No object matches name: ring_02_r_parentConstraint1.drawstyle

2026-07-08 17:25:00 - MayaTools.CNTManager3 - WARNING - [CNTManager3] 실패 - ring_02_r_scaleConstraint1.drawstyle: setAttr: No object matches name: ring_02_r_scaleConstraint1.drawstyle

2026-07-08 17:25:00 - MayaTools.CNTManager3 - WARNING - [CNTManager3] 실패 - ring_01_palmMid_r.drawstyle: setAttr: No object matches name: ring_01_palmMid_r.drawstyle

2026-07-08 17:25:00 - MayaTools.CNTManager3 - WARNING - [CNTManager3] 실패 - ring_01_bulge_r.drawstyle: setAttr: No object matches name: ring_01_bulge_r.drawstyle

2026-07-08 17:25:00 - MayaTools.CNTManager3 - WARNING - [CNTManager3] 실패 - ring_01_side_out_r.drawstyle: setAttr: No object matches name: ring_01_side_out_r.drawstyle

2026-07-08 17:25:00 - MayaTools.CNTManager3 - WARNING - [CNTManager3] 실패 - ring_01_side_inn_r.drawstyle: setAttr: No object matches name: ring_01_side_inn_r.drawstyle

2026-07-08 17:25:00 - MayaTools.CNTManager3 - WARNING - [CNTManager3] 실패 - ring_01_half_r.drawstyle: setAttr: No object matches name: ring_01_half_r.drawstyle

2026-07-08 17:25:00 - MayaTools.CNTManager3 - WARNING - [CNTManager3] 실패 - ring_01_mcp_r.drawstyle: setAttr: No object matches name: ring_01_mcp_r.drawstyle

2026-07-08 17:25:00 - MayaTools.CNTManager3 - WARNING - [CNTManager3] 실패 - ring_01_palm_r.drawstyle: setAttr: No object matches name: ring_01_palm_r.drawstyle

2026-07-08 17:25:00 - MayaTools.CNTManager3 - WARNING - [CNTManager3] 실패 - ring_01_r_parentConstraint1.drawstyle: setAttr: No object matches name: ring_01_r_parentConstraint1.drawstyle

2026-07-08 17:25:00 - MayaTools.CNTManager3 - WARNING - [CNTManager3] 실패 - ring_01_r_scaleConstraint1.drawstyle: setAttr: No object matches name: ring_01_r_scaleConstraint1.drawstyle

2026-07-08 17:25:00 - MayaTools.CNTManager3 - WARNING - [CNTManager3] 실패 - ring_metacarpal_slide_r.drawstyle: setAttr: No object matches name: ring_metacarpal_slide_r.drawstyle

2026-07-08 17:25:00 - MayaTools.CNTManager3 - WARNING - [CNTManager3] 실패 - ring_metacarpal_r_parentConstraint1.drawstyle: setAttr: No object matches name: ring_metacarpal_r_parentConstraint1.drawstyle

2026-07-08 17:25:00 - MayaTools.CNTManager3 - WARNING - [CNTManager3] 실패 - ring_metacarpal_r_scaleConstraint1.drawstyle: setAttr: No object matches name: ring_metacarpal_r_scaleConstraint1.drawstyle

2026-07-08 17:25:00 - MayaTools.CNTManager3 - WARNING - [CNTManager3] 실패 - thumb_01_r.drawstyle: setAttr: No object matches name: thumb_01_r.drawstyle

2026-07-08 17:25:00 - MayaTools.CNTManager3 - WARNING - [CNTManager3] 실패 - thumb_02_r.drawstyle: setAttr: No object matches name: thumb_02_r.drawstyle

2026-07-08 17:25:00 - MayaTools.CNTManager3 - WARNING - [CNTManager3] 실패 - thumb_03_r.drawstyle: setAttr: No object matches name: thumb_03_r.drawstyle

2026-07-08 17:25:00 - MayaTools.CNTManager3 - WARNING - [CNTManager3] 실패 - thumb_03_bulge_r.drawstyle: setAttr: No object matches name: thumb_03_bulge_r.drawstyle

2026-07-08 17:25:00 - MayaTools.CNTManager3 - WARNING - [CNTManager3] 실패 - thumb_03_side_out_r.drawstyle: setAttr: No object matches name: thumb_03_side_out_r.drawstyle

2026-07-08 17:25:00 - MayaTools.CNTManager3 - WARNING - [CNTManager3] 실패 - thumb_03_side_inn_r.drawstyle: setAttr: No object matches name: thumb_03_side_inn_r.drawstyle

2026-07-08 17:25:00 - MayaTools.CNTManager3 - WARNING - [CNTManager3] 실패 - thumb_03_half_r.drawstyle: setAttr: No object matches name: thumb_03_half_r.drawstyle

2026-07-08 17:25:00 - MayaTools.CNTManager3 - WARNING - [CNTManager3] 실패 - thumb_03_pip_r.drawstyle: setAttr: No object matches name: thumb_03_pip_r.drawstyle

2026-07-08 17:25:00 - MayaTools.CNTManager3 - WARNING - [CNTManager3] 실패 - thumb_03_in_r.drawstyle: setAttr: No object matches name: thumb_03_in_r.drawstyle

2026-07-08 17:25:00 - MayaTools.CNTManager3 - WARNING - [CNTManager3] 실패 - thumb_03_r_parentConstraint1.drawstyle: setAttr: No object matches name: thumb_03_r_parentConstraint1.drawstyle

2026-07-08 17:25:00 - MayaTools.CNTManager3 - WARNING - [CNTManager3] 실패 - thumb_03_r_scaleConstraint1.drawstyle: setAttr: No object matches name: thumb_03_r_scaleConstraint1.drawstyle

2026-07-08 17:25:00 - MayaTools.CNTManager3 - WARNING - [CNTManager3] 실패 - thumb_02_bulge_r.drawstyle: setAttr: No object matches name: thumb_02_bulge_r.drawstyle

2026-07-08 17:25:00 - MayaTools.CNTManager3 - WARNING - [CNTManager3] 실패 - thumb_02_side_out_r.drawstyle: setAttr: No object matches name: thumb_02_side_out_r.drawstyle

2026-07-08 17:25:00 - MayaTools.CNTManager3 - WARNING - [CNTManager3] 실패 - thumb_02_side_inn_r.drawstyle: setAttr: No object matches name: thumb_02_side_inn_r.drawstyle

2026-07-08 17:25:00 - MayaTools.CNTManager3 - WARNING - [CNTManager3] 실패 - thumb_02_half_r.drawstyle: setAttr: No object matches name: thumb_02_half_r.drawstyle

2026-07-08 17:25:00 - MayaTools.CNTManager3 - WARNING - [CNTManager3] 실패 - thumb_02_in_r.drawstyle: setAttr: No object matches name: thumb_02_in_r.drawstyle

2026-07-08 17:25:00 - MayaTools.CNTManager3 - WARNING - [CNTManager3] 실패 - thumb_02_mcp_r.drawstyle: setAttr: No object matches name: thumb_02_mcp_r.drawstyle

2026-07-08 17:25:00 - MayaTools.CNTManager3 - WARNING - [CNTManager3] 실패 - thumb_02_r_parentConstraint1.drawstyle: setAttr: No object matches name: thumb_02_r_parentConstraint1.drawstyle

2026-07-08 17:25:00 - MayaTools.CNTManager3 - WARNING - [CNTManager3] 실패 - thumb_02_r_scaleConstraint1.drawstyle: setAttr: No object matches name: thumb_02_r_scaleConstraint1.drawstyle

2026-07-08 17:25:00 - MayaTools.CNTManager3 - WARNING - [CNTManager3] 실패 - thumb_01_side_out_r.drawstyle: setAttr: No object matches name: thumb_01_side_out_r.drawstyle

2026-07-08 17:25:00 - MayaTools.CNTManager3 - WARNING - [CNTManager3] 실패 - thumb_01_side_inn_r.drawstyle: setAttr: No object matches name: thumb_01_side_inn_r.drawstyle

2026-07-08 17:25:00 - MayaTools.CNTManager3 - WARNING - [CNTManager3] 실패 - thumb_01_half_r.drawstyle: setAttr: No object matches name: thumb_01_half_r.drawstyle

2026-07-08 17:25:00 - MayaTools.CNTManager3 - WARNING - [CNTManager3] 실패 - thumb_web_r.drawstyle: setAttr: No object matches name: thumb_web_r.drawstyle

2026-07-08 17:25:00 - MayaTools.CNTManager3 - WARNING - [CNTManager3] 실패 - thumb_meat_r.drawstyle: setAttr: No object matches name: thumb_meat_r.drawstyle

2026-07-08 17:25:00 - MayaTools.CNTManager3 - WARNING - [CNTManager3] 실패 - thumb_01_r_parentConstraint1.drawstyle: setAttr: No object matches name: thumb_01_r_parentConstraint1.drawstyle

2026-07-08 17:25:00 - MayaTools.CNTManager3 - WARNING - [CNTManager3] 실패 - thumb_01_r_scaleConstraint1.drawstyle: setAttr: No object matches name: thumb_01_r_scaleConstraint1.drawstyle

2026-07-08 17:25:00 - MayaTools.CNTManager3 - WARNING - [CNTManager3] 실패 - middle_metacarpal_r.drawstyle: setAttr: No object matches name: middle_metacarpal_r.drawstyle

2026-07-08 17:25:00 - MayaTools.CNTManager3 - WARNING - [CNTManager3] 실패 - middle_01_r.drawstyle: setAttr: No object matches name: middle_01_r.drawstyle

2026-07-08 17:25:00 - MayaTools.CNTManager3 - WARNING - [CNTManager3] 실패 - middle_02_r.drawstyle: setAttr: No object matches name: middle_02_r.drawstyle

2026-07-08 17:25:00 - MayaTools.CNTManager3 - WARNING - [CNTManager3] 실패 - middle_03_r.drawstyle: setAttr: No object matches name: middle_03_r.drawstyle

2026-07-08 17:25:00 - MayaTools.CNTManager3 - WARNING - [CNTManager3] 실패 - middle_03_bulge_r.drawstyle: setAttr: No object matches name: middle_03_bulge_r.drawstyle

2026-07-08 17:25:00 - MayaTools.CNTManager3 - WARNING - [CNTManager3] 실패 - middle_03_half_r.drawstyle: setAttr: No object matches name: middle_03_half_r.drawstyle

2026-07-08 17:25:00 - MayaTools.CNTManager3 - WARNING - [CNTManager3] 실패 - middle_03_in_r.drawstyle: setAttr: No object matches name: middle_03_in_r.drawstyle

2026-07-08 17:25:00 - MayaTools.CNTManager3 - WARNING - [CNTManager3] 실패 - middle_02_dip_r.drawstyle: setAttr: No object matches name: middle_02_dip_r.drawstyle

2026-07-08 17:25:00 - MayaTools.CNTManager3 - WARNING - [CNTManager3] 실패 - middle_03_r_parentConstraint1.drawstyle: setAttr: No object matches name: middle_03_r_parentConstraint1.drawstyle

2026-07-08 17:25:00 - MayaTools.CNTManager3 - WARNING - [CNTManager3] 실패 - middle_03_r_scaleConstraint1.drawstyle: setAttr: No object matches name: middle_03_r_scaleConstraint1.drawstyle

2026-07-08 17:25:00 - MayaTools.CNTManager3 - WARNING - [CNTManager3] 실패 - middle_02_bulge_r.drawstyle: setAttr: No object matches name: middle_02_bulge_r.drawstyle

2026-07-08 17:25:00 - MayaTools.CNTManager3 - WARNING - [CNTManager3] 실패 - middle_02_side_out_r.drawstyle: setAttr: No object matches name: middle_02_side_out_r.drawstyle

2026-07-08 17:25:00 - MayaTools.CNTManager3 - WARNING - [CNTManager3] 실패 - middle_02_side_inn_r.drawstyle: setAttr: No object matches name: middle_02_side_inn_r.drawstyle

2026-07-08 17:25:00 - MayaTools.CNTManager3 - WARNING - [CNTManager3] 실패 - middle_02_half_r.drawstyle: setAttr: No object matches name: middle_02_half_r.drawstyle

2026-07-08 17:25:00 - MayaTools.CNTManager3 - WARNING - [CNTManager3] 실패 - middle_02_pip_r.drawstyle: setAttr: No object matches name: middle_02_pip_r.drawstyle

2026-07-08 17:25:00 - MayaTools.CNTManager3 - WARNING - [CNTManager3] 실패 - middle_02_in_r.drawstyle: setAttr: No object matches name: middle_02_in_r.drawstyle

2026-07-08 17:25:00 - MayaTools.CNTManager3 - WARNING - [CNTManager3] 실패 - middle_02_r_parentConstraint1.drawstyle: setAttr: No object matches name: middle_02_r_parentConstraint1.drawstyle

2026-07-08 17:25:00 - MayaTools.CNTManager3 - WARNING - [CNTManager3] 실패 - middle_02_r_scaleConstraint1.drawstyle: setAttr: No object matches name: middle_02_r_scaleConstraint1.drawstyle

2026-07-08 17:25:00 - MayaTools.CNTManager3 - WARNING - [CNTManager3] 실패 - middle_01_palmMid_r.drawstyle: setAttr: No object matches name: middle_01_palmMid_r.drawstyle

2026-07-08 17:25:00 - MayaTools.CNTManager3 - WARNING - [CNTManager3] 실패 - middle_01_bulge_r.drawstyle: setAttr: No object matches name: middle_01_bulge_r.drawstyle

2026-07-08 17:25:00 - MayaTools.CNTManager3 - WARNING - [CNTManager3] 실패 - middle_01_side_out_r.drawstyle: setAttr: No object matches name: middle_01_side_out_r.drawstyle

2026-07-08 17:25:00 - MayaTools.CNTManager3 - WARNING - [CNTManager3] 실패 - middle_01_side_inn_r.drawstyle: setAttr: No object matches name: middle_01_side_inn_r.drawstyle

2026-07-08 17:25:00 - MayaTools.CNTManager3 - WARNING - [CNTManager3] 실패 - middle_01_half_r.drawstyle: setAttr: No object matches name: middle_01_half_r.drawstyle

2026-07-08 17:25:00 - MayaTools.CNTManager3 - WARNING - [CNTManager3] 실패 - middle_01_mcp_r.drawstyle: setAttr: No object matches name: middle_01_mcp_r.drawstyle

2026-07-08 17:25:00 - MayaTools.CNTManager3 - WARNING - [CNTManager3] 실패 - middle_01_palm_r.drawstyle: setAttr: No object matches name: middle_01_palm_r.drawstyle

2026-07-08 17:25:00 - MayaTools.CNTManager3 - WARNING - [CNTManager3] 실패 - middle_01_r_parentConstraint1.drawstyle: setAttr: No object matches name: middle_01_r_parentConstraint1.drawstyle

2026-07-08 17:25:00 - MayaTools.CNTManager3 - WARNING - [CNTManager3] 실패 - middle_01_r_scaleConstraint1.drawstyle: setAttr: No object matches name: middle_01_r_scaleConstraint1.drawstyle

2026-07-08 17:25:00 - MayaTools.CNTManager3 - WARNING - [CNTManager3] 실패 - middle_metacarpal_slide_r.drawstyle: setAttr: No object matches name: middle_metacarpal_slide_r.drawstyle

2026-07-08 17:25:00 - MayaTools.CNTManager3 - WARNING - [CNTManager3] 실패 - middle_metacarpal_r_parentConstraint1.drawstyle: setAttr: No object matches name: middle_metacarpal_r_parentConstraint1.drawstyle

2026-07-08 17:25:00 - MayaTools.CNTManager3 - WARNING - [CNTManager3] 실패 - middle_metacarpal_r_scaleConstraint1.drawstyle: setAttr: No object matches name: middle_metacarpal_r_scaleConstraint1.drawstyle

2026-07-08 17:25:00 - MayaTools.CNTManager3 - WARNING - [CNTManager3] 실패 - index_metacarpal_r.drawstyle: setAttr: No object matches name: index_metacarpal_r.drawstyle

2026-07-08 17:25:00 - MayaTools.CNTManager3 - WARNING - [CNTManager3] 실패 - index_01_r.drawstyle: setAttr: No object matches name: index_01_r.drawstyle

2026-07-08 17:25:00 - MayaTools.CNTManager3 - WARNING - [CNTManager3] 실패 - index_02_r.drawstyle: setAttr: No object matches name: index_02_r.drawstyle

2026-07-08 17:25:00 - MayaTools.CNTManager3 - WARNING - [CNTManager3] 실패 - index_03_r.drawstyle: setAttr: No object matches name: index_03_r.drawstyle

2026-07-08 17:25:00 - MayaTools.CNTManager3 - WARNING - [CNTManager3] 실패 - index_03_bulge_r.drawstyle: setAttr: No object matches name: index_03_bulge_r.drawstyle

2026-07-08 17:25:00 - MayaTools.CNTManager3 - WARNING - [CNTManager3] 실패 - index_03_half_r.drawstyle: setAttr: No object matches name: index_03_half_r.drawstyle

2026-07-08 17:25:00 - MayaTools.CNTManager3 - WARNING - [CNTManager3] 실패 - index_02_dip_r.drawstyle: setAttr: No object matches name: index_02_dip_r.drawstyle

2026-07-08 17:25:00 - MayaTools.CNTManager3 - WARNING - [CNTManager3] 실패 - index_03_in_r.drawstyle: setAttr: No object matches name: index_03_in_r.drawstyle

2026-07-08 17:25:00 - MayaTools.CNTManager3 - WARNING - [CNTManager3] 실패 - index_03_r_parentConstraint1.drawstyle: setAttr: No object matches name: index_03_r_parentConstraint1.drawstyle

2026-07-08 17:25:00 - MayaTools.CNTManager3 - WARNING - [CNTManager3] 실패 - index_03_r_scaleConstraint1.drawstyle: setAttr: No object matches name: index_03_r_scaleConstraint1.drawstyle

2026-07-08 17:25:00 - MayaTools.CNTManager3 - WARNING - [CNTManager3] 실패 - index_02_bulge_r.drawstyle: setAttr: No object matches name: index_02_bulge_r.drawstyle

2026-07-08 17:25:00 - MayaTools.CNTManager3 - WARNING - [CNTManager3] 실패 - index_02_side_out_r.drawstyle: setAttr: No object matches name: index_02_side_out_r.drawstyle

2026-07-08 17:25:00 - MayaTools.CNTManager3 - WARNING - [CNTManager3] 실패 - index_02_side_inn_r.drawstyle: setAttr: No object matches name: index_02_side_inn_r.drawstyle

2026-07-08 17:25:00 - MayaTools.CNTManager3 - WARNING - [CNTManager3] 실패 - index_02_half_r.drawstyle: setAttr: No object matches name: index_02_half_r.drawstyle

2026-07-08 17:25:00 - MayaTools.CNTManager3 - WARNING - [CNTManager3] 실패 - index_02_in_r.drawstyle: setAttr: No object matches name: index_02_in_r.drawstyle

2026-07-08 17:25:00 - MayaTools.CNTManager3 - WARNING - [CNTManager3] 실패 - index_02_pip_r.drawstyle: setAttr: No object matches name: index_02_pip_r.drawstyle

2026-07-08 17:25:00 - MayaTools.CNTManager3 - WARNING - [CNTManager3] 실패 - index_02_r_parentConstraint1.drawstyle: setAttr: No object matches name: index_02_r_parentConstraint1.drawstyle

2026-07-08 17:25:00 - MayaTools.CNTManager3 - WARNING - [CNTManager3] 실패 - index_02_r_scaleConstraint1.drawstyle: setAttr: No object matches name: index_02_r_scaleConstraint1.drawstyle

2026-07-08 17:25:00 - MayaTools.CNTManager3 - WARNING - [CNTManager3] 실패 - index_01_palmMid_r.drawstyle: setAttr: No object matches name: index_01_palmMid_r.drawstyle

2026-07-08 17:25:00 - MayaTools.CNTManager3 - WARNING - [CNTManager3] 실패 - index_01_bulge_r.drawstyle: setAttr: No object matches name: index_01_bulge_r.drawstyle

2026-07-08 17:25:00 - MayaTools.CNTManager3 - WARNING - [CNTManager3] 실패 - index_01_side_out_r.drawstyle: setAttr: No object matches name: index_01_side_out_r.drawstyle

2026-07-08 17:25:00 - MayaTools.CNTManager3 - WARNING - [CNTManager3] 실패 - index_01_side_inn_r.drawstyle: setAttr: No object matches name: index_01_side_inn_r.drawstyle

2026-07-08 17:25:00 - MayaTools.CNTManager3 - WARNING - [CNTManager3] 실패 - index_01_half_r.drawstyle: setAttr: No object matches name: index_01_half_r.drawstyle

2026-07-08 17:25:00 - MayaTools.CNTManager3 - WARNING - [CNTManager3] 실패 - index_01_mcp_r.drawstyle: setAttr: No object matches name: index_01_mcp_r.drawstyle

2026-07-08 17:25:00 - MayaTools.CNTManager3 - WARNING - [CNTManager3] 실패 - index_01_palm_r.drawstyle: setAttr: No object matches name: index_01_palm_r.drawstyle

2026-07-08 17:25:00 - MayaTools.CNTManager3 - WARNING - [CNTManager3] 실패 - index_01_r_parentConstraint1.drawstyle: setAttr: No object matches name: index_01_r_parentConstraint1.drawstyle

2026-07-08 17:25:00 - MayaTools.CNTManager3 - WARNING - [CNTManager3] 실패 - index_01_r_scaleConstraint1.drawstyle: setAttr: No object matches name: index_01_r_scaleConstraint1.drawstyle

2026-07-08 17:25:00 - MayaTools.CNTManager3 - WARNING - [CNTManager3] 실패 - index_metacarpal_slide_r.drawstyle: setAttr: No object matches name: index_metacarpal_slide_r.drawstyle

2026-07-08 17:25:00 - MayaTools.CNTManager3 - WARNING - [CNTManager3] 실패 - index_metacarpal_r_parentConstraint1.drawstyle: setAttr: No object matches name: index_metacarpal_r_parentConstraint1.drawstyle

2026-07-08 17:25:00 - MayaTools.CNTManager3 - WARNING - [CNTManager3] 실패 - index_metacarpal_r_scaleConstraint1.drawstyle: setAttr: No object matches name: index_metacarpal_r_scaleConstraint1.drawstyle

2026-07-08 17:25:00 - MayaTools.CNTManager3 - WARNING - [CNTManager3] 실패 - wrist_inner_r.drawstyle: setAttr: No object matches name: wrist_inner_r.drawstyle

2026-07-08 17:25:00 - MayaTools.CNTManager3 - WARNING - [CNTManager3] 실패 - wrist_outer_r.drawstyle: setAttr: No object matches name: wrist_outer_r.drawstyle

2026-07-08 17:25:00 - MayaTools.CNTManager3 - WARNING - [CNTManager3] 실패 - accessory_r.drawstyle: setAttr: No object matches name: accessory_r.drawstyle

2026-07-08 17:25:00 - MayaTools.CNTManager3 - WARNING - [CNTManager3] 실패 - hand_r_no_twist.drawstyle: setAttr: No object matches name: hand_r_no_twist.drawstyle

2026-07-08 17:25:00 - MayaTools.CNTManager3 - WARNING - [CNTManager3] 실패 - magazine1_r.drawstyle: setAttr: No object matches name: magazine1_r.drawstyle

2026-07-08 17:25:00 - MayaTools.CNTManager3 - WARNING - [CNTManager3] 실패 - magazine2_r.drawstyle: setAttr: No object matches name: magazine2_r.drawstyle

2026-07-08 17:25:00 - MayaTools.CNTManager3 - WARNING - [CNTManager3] 실패 - weapon_r.drawstyle: setAttr: No object matches name: weapon_r.drawstyle

2026-07-08 17:25:00 - MayaTools.CNTManager3 - WARNING - [CNTManager3] 실패 - hand_r_parentConstraint1.drawstyle: setAttr: No object matches name: hand_r_parentConstraint1.drawstyle

2026-07-08 17:25:00 - MayaTools.CNTManager3 - WARNING - [CNTManager3] 실패 - hand_r_scaleConstraint1.drawstyle: setAttr: No object matches name: hand_r_scaleConstraint1.drawstyle

2026-07-08 17:25:00 - MayaTools.CNTManager3 - WARNING - [CNTManager3] 실패 - lowerarm_twist_02_r.drawstyle: setAttr: No object matches name: lowerarm_twist_02_r.drawstyle

2026-07-08 17:25:00 - MayaTools.CNTManager3 - WARNING - [CNTManager3] 실패 - lowerarm_twist_01_r.drawstyle: setAttr: No object matches name: lowerarm_twist_01_r.drawstyle

2026-07-08 17:25:00 - MayaTools.CNTManager3 - WARNING - [CNTManager3] 실패 - lowerarm_correctiveRoot_r.drawstyle: setAttr: No object matches name: lowerarm_correctiveRoot_r.drawstyle

2026-07-08 17:25:00 - MayaTools.CNTManager3 - WARNING - [CNTManager3] 실패 - lowerarm_out_r.drawstyle: setAttr: No object matches name: lowerarm_out_r.drawstyle

2026-07-08 17:25:00 - MayaTools.CNTManager3 - WARNING - [CNTManager3] 실패 - lowerarm_in_r.drawstyle: setAttr: No object matches name: lowerarm_in_r.drawstyle

2026-07-08 17:25:00 - MayaTools.CNTManager3 - WARNING - [CNTManager3] 실패 - lowerarm_fwd_r.drawstyle: setAttr: No object matches name: lowerarm_fwd_r.drawstyle

2026-07-08 17:25:00 - MayaTools.CNTManager3 - WARNING - [CNTManager3] 실패 - lowerarm_bck_r.drawstyle: setAttr: No object matches name: lowerarm_bck_r.drawstyle

2026-07-08 17:25:00 - MayaTools.CNTManager3 - WARNING - [CNTManager3] 실패 - lowerarm_half_r.drawstyle: setAttr: No object matches name: lowerarm_half_r.drawstyle

2026-07-08 17:25:00 - MayaTools.CNTManager3 - WARNING - [CNTManager3] 실패 - lowerarm_r_parentConstraint1.drawstyle: setAttr: No object matches name: lowerarm_r_parentConstraint1.drawstyle

2026-07-08 17:25:00 - MayaTools.CNTManager3 - WARNING - [CNTManager3] 실패 - lowerarm_r_scaleConstraint1.drawstyle: setAttr: No object matches name: lowerarm_r_scaleConstraint1.drawstyle

2026-07-08 17:25:00 - MayaTools.CNTManager3 - WARNING - [CNTManager3] 실패 - upperarm_twist_01_r.drawstyle: setAttr: No object matches name: upperarm_twist_01_r.drawstyle

2026-07-08 17:25:00 - MayaTools.CNTManager3 - WARNING - [CNTManager3] 실패 - upperarm_twistCor_01_r.drawstyle: setAttr: No object matches name: upperarm_twistCor_01_r.drawstyle

2026-07-08 17:25:00 - MayaTools.CNTManager3 - WARNING - [CNTManager3] 실패 - upperarm_twist_02_r.drawstyle: setAttr: No object matches name: upperarm_twist_02_r.drawstyle

2026-07-08 17:25:00 - MayaTools.CNTManager3 - WARNING - [CNTManager3] 실패 - upperarm_tricep_r.drawstyle: setAttr: No object matches name: upperarm_tricep_r.drawstyle

2026-07-08 17:25:00 - MayaTools.CNTManager3 - WARNING - [CNTManager3] 실패 - upperarm_bicep_r.drawstyle: setAttr: No object matches name: upperarm_bicep_r.drawstyle

2026-07-08 17:25:00 - MayaTools.CNTManager3 - WARNING - [CNTManager3] 실패 - upperarm_twistCor_02_r.drawstyle: setAttr: No object matches name: upperarm_twistCor_02_r.drawstyle

2026-07-08 17:25:00 - MayaTools.CNTManager3 - WARNING - [CNTManager3] 실패 - upperarm_twist_r.drawstyle: setAttr: No object matches name: upperarm_twist_r.drawstyle

2026-07-08 17:25:00 - MayaTools.CNTManager3 - WARNING - [CNTManager3] 실패 - upperarm_r_parentConstraint1.drawstyle: setAttr: No object matches name: upperarm_r_parentConstraint1.drawstyle

2026-07-08 17:25:00 - MayaTools.CNTManager3 - WARNING - [CNTManager3] 실패 - upperarm_r_scaleConstraint1.drawstyle: setAttr: No object matches name: upperarm_r_scaleConstraint1.drawstyle

2026-07-08 17:25:00 - MayaTools.CNTManager3 - WARNING - [CNTManager3] 실패 - clavicle_out_r.drawstyle: setAttr: No object matches name: clavicle_out_r.drawstyle

2026-07-08 17:25:00 - MayaTools.CNTManager3 - WARNING - [CNTManager3] 실패 - clavicle_scap_r.drawstyle: setAttr: No object matches name: clavicle_scap_r.drawstyle

2026-07-08 17:25:00 - MayaTools.CNTManager3 - WARNING - [CNTManager3] 실패 - clavicle_r_parentConstraint1.drawstyle: setAttr: No object matches name: clavicle_r_parentConstraint1.drawstyle

2026-07-08 17:25:00 - MayaTools.CNTManager3 - WARNING - [CNTManager3] 실패 - clavicle_r_scaleConstraint1.drawstyle: setAttr: No object matches name: clavicle_r_scaleConstraint1.drawstyle

2026-07-08 17:25:00 - MayaTools.CNTManager3 - WARNING - [CNTManager3] 실패 - clavicle_pec_r.drawstyle: setAttr: No object matches name: clavicle_pec_r.drawstyle

2026-07-08 17:25:00 - MayaTools.CNTManager3 - WARNING - [CNTManager3] 실패 - spine_04_latissimus_l.drawstyle: setAttr: No object matches name: spine_04_latissimus_l.drawstyle

2026-07-08 17:25:00 - MayaTools.CNTManager3 - WARNING - [CNTManager3] 실패 - spine_04_latissimus_r.drawstyle: setAttr: No object matches name: spine_04_latissimus_r.drawstyle

2026-07-08 17:25:00 - MayaTools.CNTManager3 - WARNING - [CNTManager3] 실패 - clavicle_pec_l.drawstyle: setAttr: No object matches name: clavicle_pec_l.drawstyle

2026-07-08 17:25:00 - MayaTools.CNTManager3 - WARNING - [CNTManager3] 실패 - dyn_spine05_01.drawstyle: setAttr: No object matches name: dyn_spine05_01.drawstyle

2026-07-08 17:25:00 - MayaTools.CNTManager3 - WARNING - [CNTManager3] 실패 - dyn_spine05_02.drawstyle: setAttr: No object matches name: dyn_spine05_02.drawstyle

2026-07-08 17:25:00 - MayaTools.CNTManager3 - WARNING - [CNTManager3] 실패 - dyn_pec_l.drawstyle: setAttr: No object matches name: dyn_pec_l.drawstyle

2026-07-08 17:25:00 - MayaTools.CNTManager3 - WARNING - [CNTManager3] 실패 - dyn_pec_r.drawstyle: setAttr: No object matches name: dyn_pec_r.drawstyle

2026-07-08 17:25:00 - MayaTools.CNTManager3 - WARNING - [CNTManager3] 실패 - dyn_spine04_01.drawstyle: setAttr: No object matches name: dyn_spine04_01.drawstyle

2026-07-08 17:25:00 - MayaTools.CNTManager3 - WARNING - [CNTManager3] 실패 - dyn_spine04_02.drawstyle: setAttr: No object matches name: dyn_spine04_02.drawstyle

2026-07-08 17:25:00 - MayaTools.CNTManager3 - WARNING - [CNTManager3] 실패 - dyn_spine03_01.drawstyle: setAttr: No object matches name: dyn_spine03_01.drawstyle

2026-07-08 17:25:00 - MayaTools.CNTManager3 - WARNING - [CNTManager3] 실패 - dyn_spine03_02.drawstyle: setAttr: No object matches name: dyn_spine03_02.drawstyle

2026-07-08 17:25:00 - MayaTools.CNTManager3 - WARNING - [CNTManager3] 실패 - spine_03_parentConstraint1.drawstyle: setAttr: No object matches name: spine_03_parentConstraint1.drawstyle

2026-07-08 17:25:00 - MayaTools.CNTManager3 - WARNING - [CNTManager3] 실패 - spine_03_scaleConstraint1.drawstyle: setAttr: No object matches name: spine_03_scaleConstraint1.drawstyle

2026-07-08 17:25:00 - MayaTools.CNTManager3 - WARNING - [CNTManager3] 실패 - dyn_spine02_01.drawstyle: setAttr: No object matches name: dyn_spine02_01.drawstyle

2026-07-08 17:25:00 - MayaTools.CNTManager3 - WARNING - [CNTManager3] 실패 - dyn_spine02_02.drawstyle: setAttr: No object matches name: dyn_spine02_02.drawstyle

2026-07-08 17:25:00 - MayaTools.CNTManager3 - WARNING - [CNTManager3] 실패 - spine_02_parentConstraint1.drawstyle: setAttr: No object matches name: spine_02_parentConstraint1.drawstyle

2026-07-08 17:25:00 - MayaTools.CNTManager3 - WARNING - [CNTManager3] 실패 - spine_02_scaleConstraint1.drawstyle: setAttr: No object matches name: spine_02_scaleConstraint1.drawstyle

2026-07-08 17:25:00 - MayaTools.CNTManager3 - WARNING - [CNTManager3] 실패 - dyn_spine01_01.drawstyle: setAttr: No object matches name: dyn_spine01_01.drawstyle

2026-07-08 17:25:00 - MayaTools.CNTManager3 - WARNING - [CNTManager3] 실패 - dyn_spine01_02.drawstyle: setAttr: No object matches name: dyn_spine01_02.drawstyle

2026-07-08 17:25:00 - MayaTools.CNTManager3 - WARNING - [CNTManager3] 실패 - thigh_r.drawstyle: setAttr: No object matches name: thigh_r.drawstyle

2026-07-08 17:25:00 - MayaTools.CNTManager3 - WARNING - [CNTManager3] 실패 - calf_r.drawstyle: setAttr: No object matches name: calf_r.drawstyle

2026-07-08 17:25:00 - MayaTools.CNTManager3 - WARNING - [CNTManager3] 실패 - foot_r.drawstyle: setAttr: No object matches name: foot_r.drawstyle

2026-07-08 17:25:00 - MayaTools.CNTManager3 - WARNING - [CNTManager3] 실패 - ball_r.drawstyle: setAttr: No object matches name: ball_r.drawstyle

2026-07-08 17:25:00 - MayaTools.CNTManager3 - WARNING - [CNTManager3] 실패 - littletoe_01_r.drawstyle: setAttr: No object matches name: littletoe_01_r.drawstyle

2026-07-08 17:25:00 - MayaTools.CNTManager3 - WARNING - [CNTManager3] 실패 - littletoe_02_r.drawstyle: setAttr: No object matches name: littletoe_02_r.drawstyle

2026-07-08 17:25:00 - MayaTools.CNTManager3 - WARNING - [CNTManager3] 실패 - ringtoe_01_r.drawstyle: setAttr: No object matches name: ringtoe_01_r.drawstyle

2026-07-08 17:25:00 - MayaTools.CNTManager3 - WARNING - [CNTManager3] 실패 - ringtoe_02_r.drawstyle: setAttr: No object matches name: ringtoe_02_r.drawstyle

2026-07-08 17:25:00 - MayaTools.CNTManager3 - WARNING - [CNTManager3] 실패 - middletoe_01_r.drawstyle: setAttr: No object matches name: middletoe_01_r.drawstyle

2026-07-08 17:25:00 - MayaTools.CNTManager3 - WARNING - [CNTManager3] 실패 - middletoe_02_r.drawstyle: setAttr: No object matches name: middletoe_02_r.drawstyle

2026-07-08 17:25:00 - MayaTools.CNTManager3 - WARNING - [CNTManager3] 실패 - bigtoe_01_r.drawstyle: setAttr: No object matches name: bigtoe_01_r.drawstyle

2026-07-08 17:25:00 - MayaTools.CNTManager3 - WARNING - [CNTManager3] 실패 - bigtoe_02_r.drawstyle: setAttr: No object matches name: bigtoe_02_r.drawstyle

2026-07-08 17:25:00 - MayaTools.CNTManager3 - WARNING - [CNTManager3] 실패 - indextoe_01_r.drawstyle: setAttr: No object matches name: indextoe_01_r.drawstyle

2026-07-08 17:25:00 - MayaTools.CNTManager3 - WARNING - [CNTManager3] 실패 - indextoe_02_r.drawstyle: setAttr: No object matches name: indextoe_02_r.drawstyle

2026-07-08 17:25:00 - MayaTools.CNTManager3 - WARNING - [CNTManager3] 실패 - toes_r.drawstyle: setAttr: No object matches name: toes_r.drawstyle

2026-07-08 17:25:00 - MayaTools.CNTManager3 - WARNING - [CNTManager3] 실패 - ball_end_r.drawstyle: setAttr: No object matches name: ball_end_r.drawstyle

2026-07-08 17:25:00 - MayaTools.CNTManager3 - WARNING - [CNTManager3] 실패 - ball_r_parentConstraint1.drawstyle: setAttr: No object matches name: ball_r_parentConstraint1.drawstyle

2026-07-08 17:25:00 - MayaTools.CNTManager3 - WARNING - [CNTManager3] 실패 - ball_r_scaleConstraint1.drawstyle: setAttr: No object matches name: ball_r_scaleConstraint1.drawstyle

2026-07-08 17:25:00 - MayaTools.CNTManager3 - WARNING - [CNTManager3] 실패 - ankle_bck_r.drawstyle: setAttr: No object matches name: ankle_bck_r.drawstyle

2026-07-08 17:25:00 - MayaTools.CNTManager3 - WARNING - [CNTManager3] 실패 - ankle_fwd_r.drawstyle: setAttr: No object matches name: ankle_fwd_r.drawstyle

2026-07-08 17:25:00 - MayaTools.CNTManager3 - WARNING - [CNTManager3] 실패 - foot_r_parentConstraint1.drawstyle: setAttr: No object matches name: foot_r_parentConstraint1.drawstyle

2026-07-08 17:25:00 - MayaTools.CNTManager3 - WARNING - [CNTManager3] 실패 - foot_r_scaleConstraint1.drawstyle: setAttr: No object matches name: foot_r_scaleConstraint1.drawstyle

2026-07-08 17:25:00 - MayaTools.CNTManager3 - WARNING - [CNTManager3] 실패 - calf_twist_02_r.drawstyle: setAttr: No object matches name: calf_twist_02_r.drawstyle

2026-07-08 17:25:00 - MayaTools.CNTManager3 - WARNING - [CNTManager3] 실패 - calf_twistCor_02_r.drawstyle: setAttr: No object matches name: calf_twistCor_02_r.drawstyle

2026-07-08 17:25:00 - MayaTools.CNTManager3 - WARNING - [CNTManager3] 실패 - calf_twist_01_r.drawstyle: setAttr: No object matches name: calf_twist_01_r.drawstyle

2026-07-08 17:25:00 - MayaTools.CNTManager3 - WARNING - [CNTManager3] 실패 - calf_correctiveRoot_r.drawstyle: setAttr: No object matches name: calf_correctiveRoot_r.drawstyle

2026-07-08 17:25:00 - MayaTools.CNTManager3 - WARNING - [CNTManager3] 실패 - calf_kneeBack_r.drawstyle: setAttr: No object matches name: calf_kneeBack_r.drawstyle

2026-07-08 17:25:00 - MayaTools.CNTManager3 - WARNING - [CNTManager3] 실패 - calf_knee_r.drawstyle: setAttr: No object matches name: calf_knee_r.drawstyle

2026-07-08 17:25:00 - MayaTools.CNTManager3 - WARNING - [CNTManager3] 실패 - calf_half_r.drawstyle: setAttr: No object matches name: calf_half_r.drawstyle

2026-07-08 17:25:00 - MayaTools.CNTManager3 - WARNING - [CNTManager3] 실패 - calf_r_parentConstraint1.drawstyle: setAttr: No object matches name: calf_r_parentConstraint1.drawstyle

2026-07-08 17:25:00 - MayaTools.CNTManager3 - WARNING - [CNTManager3] 실패 - calf_r_scaleConstraint1.drawstyle: setAttr: No object matches name: calf_r_scaleConstraint1.drawstyle

2026-07-08 17:25:00 - MayaTools.CNTManager3 - WARNING - [CNTManager3] 실패 - thigh_twist_01_r.drawstyle: setAttr: No object matches name: thigh_twist_01_r.drawstyle

2026-07-08 17:25:00 - MayaTools.CNTManager3 - WARNING - [CNTManager3] 실패 - thigh_twistCor_01_r.drawstyle: setAttr: No object matches name: thigh_twistCor_01_r.drawstyle

2026-07-08 17:25:00 - MayaTools.CNTManager3 - WARNING - [CNTManager3] 실패 - thigh_twist_02_r.drawstyle: setAttr: No object matches name: thigh_twist_02_r.drawstyle

2026-07-08 17:25:00 - MayaTools.CNTManager3 - WARNING - [CNTManager3] 실패 - thigh_twistCor_02_r.drawstyle: setAttr: No object matches name: thigh_twistCor_02_r.drawstyle

2026-07-08 17:25:00 - MayaTools.CNTManager3 - WARNING - [CNTManager3] 실패 - thigh_correctiveRoot_r.drawstyle: setAttr: No object matches name: thigh_correctiveRoot_r.drawstyle

2026-07-08 17:25:00 - MayaTools.CNTManager3 - WARNING - [CNTManager3] 실패 - thigh_fwd_r.drawstyle: setAttr: No object matches name: thigh_fwd_r.drawstyle

2026-07-08 17:25:00 - MayaTools.CNTManager3 - WARNING - [CNTManager3] 실패 - thigh_bck_r.drawstyle: setAttr: No object matches name: thigh_bck_r.drawstyle

2026-07-08 17:25:00 - MayaTools.CNTManager3 - WARNING - [CNTManager3] 실패 - thigh_out_r.drawstyle: setAttr: No object matches name: thigh_out_r.drawstyle

2026-07-08 17:25:00 - MayaTools.CNTManager3 - WARNING - [CNTManager3] 실패 - thigh_in_r.drawstyle: setAttr: No object matches name: thigh_in_r.drawstyle

2026-07-08 17:25:00 - MayaTools.CNTManager3 - WARNING - [CNTManager3] 실패 - thigh_bck_lwr_r.drawstyle: setAttr: No object matches name: thigh_bck_lwr_r.drawstyle

2026-07-08 17:25:00 - MayaTools.CNTManager3 - WARNING - [CNTManager3] 실패 - thigh_fwd_lwr_r.drawstyle: setAttr: No object matches name: thigh_fwd_lwr_r.drawstyle

2026-07-08 17:25:00 - MayaTools.CNTManager3 - WARNING - [CNTManager3] 실패 - thigh_twist_r.drawstyle: setAttr: No object matches name: thigh_twist_r.drawstyle

2026-07-08 17:25:00 - MayaTools.CNTManager3 - WARNING - [CNTManager3] 실패 - dyn_butt_r.drawstyle: setAttr: No object matches name: dyn_butt_r.drawstyle

2026-07-08 17:25:00 - MayaTools.CNTManager3 - WARNING - [CNTManager3] 실패 - dyn_thigh_r.drawstyle: setAttr: No object matches name: dyn_thigh_r.drawstyle

2026-07-08 17:25:00 - MayaTools.CNTManager3 - WARNING - [CNTManager3] 실패 - thigh_r_parentConstraint1.drawstyle: setAttr: No object matches name: thigh_r_parentConstraint1.drawstyle

2026-07-08 17:25:00 - MayaTools.CNTManager3 - WARNING - [CNTManager3] 실패 - thigh_r_scaleConstraint1.drawstyle: setAttr: No object matches name: thigh_r_scaleConstraint1.drawstyle

2026-07-08 17:25:00 - MayaTools.CNTManager3 - WARNING - [CNTManager3] 실패 - thigh_l.drawstyle: setAttr: No object matches name: thigh_l.drawstyle

2026-07-08 17:25:00 - MayaTools.CNTManager3 - WARNING - [CNTManager3] 실패 - calf_l.drawstyle: setAttr: No object matches name: calf_l.drawstyle

2026-07-08 17:25:00 - MayaTools.CNTManager3 - WARNING - [CNTManager3] 실패 - foot_l.drawstyle: setAttr: No object matches name: foot_l.drawstyle

2026-07-08 17:25:00 - MayaTools.CNTManager3 - WARNING - [CNTManager3] 실패 - ball_l.drawstyle: setAttr: No object matches name: ball_l.drawstyle

2026-07-08 17:25:00 - MayaTools.CNTManager3 - WARNING - [CNTManager3] 실패 - indextoe_01_l.drawstyle: setAttr: No object matches name: indextoe_01_l.drawstyle

2026-07-08 17:25:00 - MayaTools.CNTManager3 - WARNING - [CNTManager3] 실패 - indextoe_02_l.drawstyle: setAttr: No object matches name: indextoe_02_l.drawstyle

2026-07-08 17:25:00 - MayaTools.CNTManager3 - WARNING - [CNTManager3] 실패 - bigtoe_01_l.drawstyle: setAttr: No object matches name: bigtoe_01_l.drawstyle

2026-07-08 17:25:00 - MayaTools.CNTManager3 - WARNING - [CNTManager3] 실패 - bigtoe_02_l.drawstyle: setAttr: No object matches name: bigtoe_02_l.drawstyle

2026-07-08 17:25:00 - MayaTools.CNTManager3 - WARNING - [CNTManager3] 실패 - littletoe_01_l.drawstyle: setAttr: No object matches name: littletoe_01_l.drawstyle

2026-07-08 17:25:00 - MayaTools.CNTManager3 - WARNING - [CNTManager3] 실패 - littletoe_02_l.drawstyle: setAttr: No object matches name: littletoe_02_l.drawstyle

2026-07-08 17:25:00 - MayaTools.CNTManager3 - WARNING - [CNTManager3] 실패 - middletoe_01_l.drawstyle: setAttr: No object matches name: middletoe_01_l.drawstyle

2026-07-08 17:25:00 - MayaTools.CNTManager3 - WARNING - [CNTManager3] 실패 - middletoe_02_l.drawstyle: setAttr: No object matches name: middletoe_02_l.drawstyle

2026-07-08 17:25:00 - MayaTools.CNTManager3 - WARNING - [CNTManager3] 실패 - ringtoe_01_l.drawstyle: setAttr: No object matches name: ringtoe_01_l.drawstyle

2026-07-08 17:25:00 - MayaTools.CNTManager3 - WARNING - [CNTManager3] 실패 - ringtoe_02_l.drawstyle: setAttr: No object matches name: ringtoe_02_l.drawstyle

2026-07-08 17:25:00 - MayaTools.CNTManager3 - WARNING - [CNTManager3] 실패 - toes_l.drawstyle: setAttr: No object matches name: toes_l.drawstyle

2026-07-08 17:25:00 - MayaTools.CNTManager3 - WARNING - [CNTManager3] 실패 - ball_end_l.drawstyle: setAttr: No object matches name: ball_end_l.drawstyle

2026-07-08 17:25:00 - MayaTools.CNTManager3 - WARNING - [CNTManager3] 실패 - ball_l_parentConstraint1.drawstyle: setAttr: No object matches name: ball_l_parentConstraint1.drawstyle

2026-07-08 17:25:00 - MayaTools.CNTManager3 - WARNING - [CNTManager3] 실패 - ball_l_scaleConstraint1.drawstyle: setAttr: No object matches name: ball_l_scaleConstraint1.drawstyle

2026-07-08 17:25:00 - MayaTools.CNTManager3 - WARNING - [CNTManager3] 실패 - ankle_bck_l.drawstyle: setAttr: No object matches name: ankle_bck_l.drawstyle

2026-07-08 17:25:00 - MayaTools.CNTManager3 - WARNING - [CNTManager3] 실패 - ankle_fwd_l.drawstyle: setAttr: No object matches name: ankle_fwd_l.drawstyle

2026-07-08 17:25:00 - MayaTools.CNTManager3 - WARNING - [CNTManager3] 실패 - foot_l_parentConstraint1.drawstyle: setAttr: No object matches name: foot_l_parentConstraint1.drawstyle

2026-07-08 17:25:00 - MayaTools.CNTManager3 - WARNING - [CNTManager3] 실패 - foot_l_scaleConstraint1.drawstyle: setAttr: No object matches name: foot_l_scaleConstraint1.drawstyle

2026-07-08 17:25:00 - MayaTools.CNTManager3 - WARNING - [CNTManager3] 실패 - calf_twist_02_l.drawstyle: setAttr: No object matches name: calf_twist_02_l.drawstyle

2026-07-08 17:25:00 - MayaTools.CNTManager3 - WARNING - [CNTManager3] 실패 - calf_twistCor_02_l.drawstyle: setAttr: No object matches name: calf_twistCor_02_l.drawstyle

2026-07-08 17:25:00 - MayaTools.CNTManager3 - WARNING - [CNTManager3] 실패 - calf_twist_01_l.drawstyle: setAttr: No object matches name: calf_twist_01_l.drawstyle

2026-07-08 17:25:00 - MayaTools.CNTManager3 - WARNING - [CNTManager3] 실패 - calf_correctiveRoot_l.drawstyle: setAttr: No object matches name: calf_correctiveRoot_l.drawstyle

2026-07-08 17:25:00 - MayaTools.CNTManager3 - WARNING - [CNTManager3] 실패 - calf_kneeBack_l.drawstyle: setAttr: No object matches name: calf_kneeBack_l.drawstyle

2026-07-08 17:25:00 - MayaTools.CNTManager3 - WARNING - [CNTManager3] 실패 - calf_knee_l.drawstyle: setAttr: No object matches name: calf_knee_l.drawstyle

2026-07-08 17:25:00 - MayaTools.CNTManager3 - WARNING - [CNTManager3] 실패 - calf_half_l.drawstyle: setAttr: No object matches name: calf_half_l.drawstyle

2026-07-08 17:25:00 - MayaTools.CNTManager3 - WARNING - [CNTManager3] 실패 - calf_l_parentConstraint1.drawstyle: setAttr: No object matches name: calf_l_parentConstraint1.drawstyle

2026-07-08 17:25:00 - MayaTools.CNTManager3 - WARNING - [CNTManager3] 실패 - calf_l_scaleConstraint1.drawstyle: setAttr: No object matches name: calf_l_scaleConstraint1.drawstyle

2026-07-08 17:25:00 - MayaTools.CNTManager3 - WARNING - [CNTManager3] 실패 - thigh_twist_01_l.drawstyle: setAttr: No object matches name: thigh_twist_01_l.drawstyle

2026-07-08 17:25:00 - MayaTools.CNTManager3 - WARNING - [CNTManager3] 실패 - thigh_twistCor_01_l.drawstyle: setAttr: No object matches name: thigh_twistCor_01_l.drawstyle

2026-07-08 17:25:00 - MayaTools.CNTManager3 - WARNING - [CNTManager3] 실패 - thigh_twist_02_l.drawstyle: setAttr: No object matches name: thigh_twist_02_l.drawstyle

2026-07-08 17:25:00 - MayaTools.CNTManager3 - WARNING - [CNTManager3] 실패 - thigh_twistCor_02_l.drawstyle: setAttr: No object matches name: thigh_twistCor_02_l.drawstyle

2026-07-08 17:25:00 - MayaTools.CNTManager3 - WARNING - [CNTManager3] 실패 - thigh_correctiveRoot_l.drawstyle: setAttr: No object matches name: thigh_correctiveRoot_l.drawstyle

2026-07-08 17:25:00 - MayaTools.CNTManager3 - WARNING - [CNTManager3] 실패 - thigh_bck_l.drawstyle: setAttr: No object matches name: thigh_bck_l.drawstyle

2026-07-08 17:25:00 - MayaTools.CNTManager3 - WARNING - [CNTManager3] 실패 - thigh_fwd_l.drawstyle: setAttr: No object matches name: thigh_fwd_l.drawstyle

2026-07-08 17:25:00 - MayaTools.CNTManager3 - WARNING - [CNTManager3] 실패 - thigh_out_l.drawstyle: setAttr: No object matches name: thigh_out_l.drawstyle

2026-07-08 17:25:00 - MayaTools.CNTManager3 - WARNING - [CNTManager3] 실패 - thigh_bck_lwr_l.drawstyle: setAttr: No object matches name: thigh_bck_lwr_l.drawstyle

2026-07-08 17:25:00 - MayaTools.CNTManager3 - WARNING - [CNTManager3] 실패 - thigh_in_l.drawstyle: setAttr: No object matches name: thigh_in_l.drawstyle

2026-07-08 17:25:00 - MayaTools.CNTManager3 - WARNING - [CNTManager3] 실패 - thigh_fwd_lwr_l.drawstyle: setAttr: No object matches name: thigh_fwd_lwr_l.drawstyle

2026-07-08 17:25:00 - MayaTools.CNTManager3 - WARNING - [CNTManager3] 실패 - thigh_twist_l.drawstyle: setAttr: No object matches name: thigh_twist_l.drawstyle

2026-07-08 17:25:00 - MayaTools.CNTManager3 - WARNING - [CNTManager3] 실패 - dyn_butt_l.drawstyle: setAttr: No object matches name: dyn_butt_l.drawstyle

2026-07-08 17:25:00 - MayaTools.CNTManager3 - WARNING - [CNTManager3] 실패 - dyn_thigh_l.drawstyle: setAttr: No object matches name: dyn_thigh_l.drawstyle

2026-07-08 17:25:00 - MayaTools.CNTManager3 - WARNING - [CNTManager3] 실패 - thigh_l_parentConstraint1.drawstyle: setAttr: No object matches name: thigh_l_parentConstraint1.drawstyle

2026-07-08 17:25:00 - MayaTools.CNTManager3 - WARNING - [CNTManager3] 실패 - thigh_l_scaleConstraint1.drawstyle: setAttr: No object matches name: thigh_l_scaleConstraint1.drawstyle

2026-07-08 17:25:00 - MayaTools.CNTManager3 - WARNING - [CNTManager3] 실패 - dyn_pelvis_01.drawstyle: setAttr: No object matches name: dyn_pelvis_01.drawstyle

2026-07-08 17:25:00 - MayaTools.CNTManager3 - WARNING - [CNTManager3] 실패 - dyn_pelvis_02.drawstyle: setAttr: No object matches name: dyn_pelvis_02.drawstyle

2026-07-08 17:25:00 - MayaTools.CNTManager3 - WARNING - [CNTManager3] 실패 - dyn_pelvis_03.drawstyle: setAttr: No object matches name: dyn_pelvis_03.drawstyle

2026-07-08 17:25:00 - MayaTools.CNTManager3 - WARNING - [CNTManager3] 실패 - dyn_pelvis_04.drawstyle: setAttr: No object matches name: dyn_pelvis_04.drawstyle

2026-07-08 17:25:00 - MayaTools.CNTManager3 - WARNING - [CNTManager3] 실패 - dyn_pelvis_05.drawstyle: setAttr: No object matches name: dyn_pelvis_05.drawstyle

2026-07-08 17:25:00 - MayaTools.CNTManager3 - WARNING - [CNTManager3] 실패 - dyn_pelvis_06.drawstyle: setAttr: No object matches name: dyn_pelvis_06.drawstyle

2026-07-08 17:25:00 - MayaTools.CNTManager3 - WARNING - [CNTManager3] 실패 - dyn_pelvis_07.drawstyle: setAttr: No object matches name: dyn_pelvis_07.drawstyle

2026-07-08 17:25:00 - MayaTools.CNTManager3 - WARNING - [CNTManager3] 실패 - pelvis_parentConstraint1.drawstyle: setAttr: No object matches name: pelvis_parentConstraint1.drawstyle

2026-07-08 17:25:00 - MayaTools.CNTManager3 - WARNING - [CNTManager3] 실패 - pelvis_scaleConstraint1.drawstyle: setAttr: No object matches name: pelvis_scaleConstraint1.drawstyle

2026-07-08 17:25:00 - MayaTools.CNTManager3 - WARNING - [CNTManager3] 실패 - player_root.drawstyle: setAttr: No object matches name: player_root.drawstyle

2026-07-08 17:25:00 - MayaTools.CNTManager3 - WARNING - [CNTManager3] 실패 - torso_root.drawstyle: setAttr: No object matches name: torso_root.drawstyle

2026-07-08 17:25:00 - MayaTools.CNTManager3 - WARNING - [CNTManager3] 실패 - clavicle_l_root.drawstyle: setAttr: No object matches name: clavicle_l_root.drawstyle

2026-07-08 17:25:00 - MayaTools.CNTManager3 - WARNING - [CNTManager3] 실패 - clavicle_l_match.drawstyle: setAttr: No object matches name: clavicle_l_match.drawstyle

2026-07-08 17:25:00 - MayaTools.CNTManager3 - WARNING - [CNTManager3] 실패 - clavicle_r_root.drawstyle: setAttr: No object matches name: clavicle_r_root.drawstyle

2026-07-08 17:25:00 - MayaTools.CNTManager3 - WARNING - [CNTManager3] 실패 - clavicle_r_match.drawstyle: setAttr: No object matches name: clavicle_r_match.drawstyle

2026-07-08 17:25:00 - MayaTools.CNTManager3 - WARNING - [CNTManager3] 실패 - weapon_main.drawstyle: setAttr: No object matches name: weapon_main.drawstyle

2026-07-08 17:25:00 - MayaTools.CNTManager3 - WARNING - [CNTManager3] 실패 - weapon_secondary.drawstyle: setAttr: No object matches name: weapon_secondary.drawstyle

2026-07-08 17:25:00 - MayaTools.CNTManager3 - WARNING - [CNTManager3] 실패 - accessory_main.drawstyle: setAttr: No object matches name: accessory_main.drawstyle

2026-07-08 17:25:00 - MayaTools.CNTManager3 - WARNING - [CNTManager3] 실패 - torso_root_pivot.drawstyle: setAttr: No object matches name: torso_root_pivot.drawstyle

2026-07-08 17:25:00 - MayaTools.CNTManager3 - WARNING - [CNTManager3] 실패 - camera.drawstyle: setAttr: No object matches name: camera.drawstyle

2026-07-08 17:25:00 - MayaTools.CNTManager3 - WARNING - [CNTManager3] 실패 - center_of_mass.drawstyle: setAttr: No object matches name: center_of_mass.drawstyle

2026-07-08 17:25:00 - MayaTools.CNTManager3 - WARNING - [CNTManager3] 실패 - ik_foot_root.drawstyle: setAttr: No object matches name: ik_foot_root.drawstyle

2026-07-08 17:25:00 - MayaTools.CNTManager3 - WARNING - [CNTManager3] 실패 - ik_foot_l.drawstyle: setAttr: No object matches name: ik_foot_l.drawstyle

2026-07-08 17:25:00 - MayaTools.CNTManager3 - WARNING - [CNTManager3] 실패 - ik_foot_r.drawstyle: setAttr: No object matches name: ik_foot_r.drawstyle

2026-07-08 17:25:00 - MayaTools.CNTManager3 - WARNING - [CNTManager3] 실패 - ik_hand_root.drawstyle: setAttr: No object matches name: ik_hand_root.drawstyle

2026-07-08 17:25:00 - MayaTools.CNTManager3 - WARNING - [CNTManager3] 실패 - ik_hand_l.drawstyle: setAttr: No object matches name: ik_hand_l.drawstyle

2026-07-08 17:25:00 - MayaTools.CNTManager3 - WARNING - [CNTManager3] 실패 - ik_hand_r.drawstyle: setAttr: No object matches name: ik_hand_r.drawstyle

2026-07-08 17:25:00 - MayaTools.CNTManager3 - WARNING - [CNTManager3] 실패 - interaction.drawstyle: setAttr: No object matches name: interaction.drawstyle

2026-07-08 17:25:00 - MayaTools.CNTManager3 - WARNING - [CNTManager3] 실패 - warp_target_1.drawstyle: setAttr: No object matches name: warp_target_1.drawstyle

2026-07-08 17:25:00 - MayaTools.CNTManager3 - WARNING - [CNTManager3] 실패 - warp_target_2.drawstyle: setAttr: No object matches name: warp_target_2.drawstyle

2026-07-08 17:25:00 - MayaTools.CNTManager3 - INFO - [CNTManager3] Operation Batch Attr Set completed
2026-07-08 17:25:00 - MayaTools.CNTManager3 - INFO - [CNTManager3] 완료: 0/1396 오브젝트 처리됨
2026-07-08 17:25:17 - MayaTools.CNTManager3 - INFO - [CNTManager3] Starting operation: Batch Attr Set
2026-07-08 17:25:17 - MayaTools.CNTManager3 - WARNING - [CNTManager3] 실패 - head_parentConstraint1.drawStyle: setAttr: No object matches name: head_parentConstraint1.drawStyle

2026-07-08 17:25:17 - MayaTools.CNTManager3 - WARNING - [CNTManager3] 실패 - head_scaleConstraint1.drawStyle: setAttr: No object matches name: head_scaleConstraint1.drawStyle

2026-07-08 17:25:17 - MayaTools.CNTManager3 - WARNING - [CNTManager3] 실패 - neck_02_parentConstraint1.drawStyle: setAttr: No object matches name: neck_02_parentConstraint1.drawStyle

2026-07-08 17:25:17 - MayaTools.CNTManager3 - WARNING - [CNTManager3] 실패 - neck_02_scaleConstraint1.drawStyle: setAttr: No object matches name: neck_02_scaleConstraint1.drawStyle

2026-07-08 17:25:17 - MayaTools.CNTManager3 - WARNING - [CNTManager3] 실패 - neck_01_parentConstraint1.drawStyle: setAttr: No object matches name: neck_01_parentConstraint1.drawStyle

2026-07-08 17:25:17 - MayaTools.CNTManager3 - WARNING - [CNTManager3] 실패 - neck_01_scaleConstraint1.drawStyle: setAttr: No object matches name: neck_01_scaleConstraint1.drawStyle

2026-07-08 17:25:17 - MayaTools.CNTManager3 - WARNING - [CNTManager3] 실패 - pinky_03_l_parentConstraint1.drawStyle: setAttr: No object matches name: pinky_03_l_parentConstraint1.drawStyle

2026-07-08 17:25:17 - MayaTools.CNTManager3 - WARNING - [CNTManager3] 실패 - pinky_03_l_scaleConstraint1.drawStyle: setAttr: No object matches name: pinky_03_l_scaleConstraint1.drawStyle

2026-07-08 17:25:17 - MayaTools.CNTManager3 - WARNING - [CNTManager3] 실패 - pinky_02_l_parentConstraint1.drawStyle: setAttr: No object matches name: pinky_02_l_parentConstraint1.drawStyle

2026-07-08 17:25:17 - MayaTools.CNTManager3 - WARNING - [CNTManager3] 실패 - pinky_02_l_scaleConstraint1.drawStyle: setAttr: No object matches name: pinky_02_l_scaleConstraint1.drawStyle

2026-07-08 17:25:17 - MayaTools.CNTManager3 - WARNING - [CNTManager3] 실패 - pinky_01_l_parentConstraint1.drawStyle: setAttr: No object matches name: pinky_01_l_parentConstraint1.drawStyle

2026-07-08 17:25:17 - MayaTools.CNTManager3 - WARNING - [CNTManager3] 실패 - pinky_01_l_scaleConstraint1.drawStyle: setAttr: No object matches name: pinky_01_l_scaleConstraint1.drawStyle

2026-07-08 17:25:17 - MayaTools.CNTManager3 - WARNING - [CNTManager3] 실패 - pinky_metacarpal_l_parentConstraint1.drawStyle: setAttr: No object matches name: pinky_metacarpal_l_parentConstraint1.drawStyle

2026-07-08 17:25:17 - MayaTools.CNTManager3 - WARNING - [CNTManager3] 실패 - pinky_metacarpal_l_scaleConstraint1.drawStyle: setAttr: No object matches name: pinky_metacarpal_l_scaleConstraint1.drawStyle

2026-07-08 17:25:17 - MayaTools.CNTManager3 - WARNING - [CNTManager3] 실패 - ring_03_l_parentConstraint1.drawStyle: setAttr: No object matches name: ring_03_l_parentConstraint1.drawStyle

2026-07-08 17:25:17 - MayaTools.CNTManager3 - WARNING - [CNTManager3] 실패 - ring_03_l_scaleConstraint1.drawStyle: setAttr: No object matches name: ring_03_l_scaleConstraint1.drawStyle

2026-07-08 17:25:17 - MayaTools.CNTManager3 - WARNING - [CNTManager3] 실패 - ring_02_l_parentConstraint1.drawStyle: setAttr: No object matches name: ring_02_l_parentConstraint1.drawStyle

2026-07-08 17:25:17 - MayaTools.CNTManager3 - WARNING - [CNTManager3] 실패 - ring_02_l_scaleConstraint1.drawStyle: setAttr: No object matches name: ring_02_l_scaleConstraint1.drawStyle

2026-07-08 17:25:17 - MayaTools.CNTManager3 - WARNING - [CNTManager3] 실패 - ring_01_l_parentConstraint1.drawStyle: setAttr: No object matches name: ring_01_l_parentConstraint1.drawStyle

2026-07-08 17:25:17 - MayaTools.CNTManager3 - WARNING - [CNTManager3] 실패 - ring_01_l_scaleConstraint1.drawStyle: setAttr: No object matches name: ring_01_l_scaleConstraint1.drawStyle

2026-07-08 17:25:17 - MayaTools.CNTManager3 - WARNING - [CNTManager3] 실패 - ring_metacarpal_l_parentConstraint1.drawStyle: setAttr: No object matches name: ring_metacarpal_l_parentConstraint1.drawStyle

2026-07-08 17:25:17 - MayaTools.CNTManager3 - WARNING - [CNTManager3] 실패 - ring_metacarpal_l_scaleConstraint1.drawStyle: setAttr: No object matches name: ring_metacarpal_l_scaleConstraint1.drawStyle

2026-07-08 17:25:17 - MayaTools.CNTManager3 - WARNING - [CNTManager3] 실패 - thumb_03_l_parentConstraint1.drawStyle: setAttr: No object matches name: thumb_03_l_parentConstraint1.drawStyle

2026-07-08 17:25:17 - MayaTools.CNTManager3 - WARNING - [CNTManager3] 실패 - thumb_03_l_scaleConstraint1.drawStyle: setAttr: No object matches name: thumb_03_l_scaleConstraint1.drawStyle

2026-07-08 17:25:17 - MayaTools.CNTManager3 - WARNING - [CNTManager3] 실패 - thumb_02_l_parentConstraint1.drawStyle: setAttr: No object matches name: thumb_02_l_parentConstraint1.drawStyle

2026-07-08 17:25:17 - MayaTools.CNTManager3 - WARNING - [CNTManager3] 실패 - thumb_02_l_scaleConstraint1.drawStyle: setAttr: No object matches name: thumb_02_l_scaleConstraint1.drawStyle

2026-07-08 17:25:17 - MayaTools.CNTManager3 - WARNING - [CNTManager3] 실패 - thumb_01_l_parentConstraint1.drawStyle: setAttr: No object matches name: thumb_01_l_parentConstraint1.drawStyle

2026-07-08 17:25:18 - MayaTools.CNTManager3 - WARNING - [CNTManager3] 실패 - thumb_01_l_scaleConstraint1.drawStyle: setAttr: No object matches name: thumb_01_l_scaleConstraint1.drawStyle

2026-07-08 17:25:18 - MayaTools.CNTManager3 - WARNING - [CNTManager3] 실패 - middle_03_l_parentConstraint1.drawStyle: setAttr: No object matches name: middle_03_l_parentConstraint1.drawStyle

2026-07-08 17:25:18 - MayaTools.CNTManager3 - WARNING - [CNTManager3] 실패 - middle_03_l_scaleConstraint1.drawStyle: setAttr: No object matches name: middle_03_l_scaleConstraint1.drawStyle

2026-07-08 17:25:18 - MayaTools.CNTManager3 - WARNING - [CNTManager3] 실패 - middle_02_l_parentConstraint1.drawStyle: setAttr: No object matches name: middle_02_l_parentConstraint1.drawStyle

2026-07-08 17:25:18 - MayaTools.CNTManager3 - WARNING - [CNTManager3] 실패 - middle_02_l_scaleConstraint1.drawStyle: setAttr: No object matches name: middle_02_l_scaleConstraint1.drawStyle

2026-07-08 17:25:18 - MayaTools.CNTManager3 - WARNING - [CNTManager3] 실패 - middle_01_l_parentConstraint1.drawStyle: setAttr: No object matches name: middle_01_l_parentConstraint1.drawStyle

2026-07-08 17:25:18 - MayaTools.CNTManager3 - WARNING - [CNTManager3] 실패 - middle_01_l_scaleConstraint1.drawStyle: setAttr: No object matches name: middle_01_l_scaleConstraint1.drawStyle

2026-07-08 17:25:18 - MayaTools.CNTManager3 - WARNING - [CNTManager3] 실패 - middle_metacarpal_l_parentConstraint1.drawStyle: setAttr: No object matches name: middle_metacarpal_l_parentConstraint1.drawStyle

2026-07-08 17:25:18 - MayaTools.CNTManager3 - WARNING - [CNTManager3] 실패 - middle_metacarpal_l_scaleConstraint1.drawStyle: setAttr: No object matches name: middle_metacarpal_l_scaleConstraint1.drawStyle

2026-07-08 17:25:18 - MayaTools.CNTManager3 - WARNING - [CNTManager3] 실패 - index_03_l_parentConstraint1.drawStyle: setAttr: No object matches name: index_03_l_parentConstraint1.drawStyle

2026-07-08 17:25:18 - MayaTools.CNTManager3 - WARNING - [CNTManager3] 실패 - index_03_l_scaleConstraint1.drawStyle: setAttr: No object matches name: index_03_l_scaleConstraint1.drawStyle

2026-07-08 17:25:18 - MayaTools.CNTManager3 - WARNING - [CNTManager3] 실패 - index_02_l_parentConstraint1.drawStyle: setAttr: No object matches name: index_02_l_parentConstraint1.drawStyle

2026-07-08 17:25:18 - MayaTools.CNTManager3 - WARNING - [CNTManager3] 실패 - index_02_l_scaleConstraint1.drawStyle: setAttr: No object matches name: index_02_l_scaleConstraint1.drawStyle

2026-07-08 17:25:18 - MayaTools.CNTManager3 - WARNING - [CNTManager3] 실패 - index_01_l_parentConstraint1.drawStyle: setAttr: No object matches name: index_01_l_parentConstraint1.drawStyle

2026-07-08 17:25:18 - MayaTools.CNTManager3 - WARNING - [CNTManager3] 실패 - index_01_l_scaleConstraint1.drawStyle: setAttr: No object matches name: index_01_l_scaleConstraint1.drawStyle

2026-07-08 17:25:18 - MayaTools.CNTManager3 - WARNING - [CNTManager3] 실패 - index_metacarpal_l_parentConstraint1.drawStyle: setAttr: No object matches name: index_metacarpal_l_parentConstraint1.drawStyle

2026-07-08 17:25:18 - MayaTools.CNTManager3 - WARNING - [CNTManager3] 실패 - index_metacarpal_l_scaleConstraint1.drawStyle: setAttr: No object matches name: index_metacarpal_l_scaleConstraint1.drawStyle

2026-07-08 17:25:18 - MayaTools.CNTManager3 - WARNING - [CNTManager3] 실패 - hand_l_parentConstraint1.drawStyle: setAttr: No object matches name: hand_l_parentConstraint1.drawStyle

2026-07-08 17:25:18 - MayaTools.CNTManager3 - WARNING - [CNTManager3] 실패 - hand_l_scaleConstraint1.drawStyle: setAttr: No object matches name: hand_l_scaleConstraint1.drawStyle

2026-07-08 17:25:18 - MayaTools.CNTManager3 - WARNING - [CNTManager3] 실패 - lowerarm_l_parentConstraint1.drawStyle: setAttr: No object matches name: lowerarm_l_parentConstraint1.drawStyle

2026-07-08 17:25:18 - MayaTools.CNTManager3 - WARNING - [CNTManager3] 실패 - lowerarm_l_scaleConstraint1.drawStyle: setAttr: No object matches name: lowerarm_l_scaleConstraint1.drawStyle

2026-07-08 17:25:18 - MayaTools.CNTManager3 - WARNING - [CNTManager3] 실패 - upperarm_l_parentConstraint1.drawStyle: setAttr: No object matches name: upperarm_l_parentConstraint1.drawStyle

2026-07-08 17:25:18 - MayaTools.CNTManager3 - WARNING - [CNTManager3] 실패 - upperarm_l_scaleConstraint1.drawStyle: setAttr: No object matches name: upperarm_l_scaleConstraint1.drawStyle

2026-07-08 17:25:18 - MayaTools.CNTManager3 - WARNING - [CNTManager3] 실패 - clavicle_l_parentConstraint1.drawStyle: setAttr: No object matches name: clavicle_l_parentConstraint1.drawStyle

2026-07-08 17:25:18 - MayaTools.CNTManager3 - WARNING - [CNTManager3] 실패 - clavicle_l_scaleConstraint1.drawStyle: setAttr: No object matches name: clavicle_l_scaleConstraint1.drawStyle

2026-07-08 17:25:18 - MayaTools.CNTManager3 - WARNING - [CNTManager3] 실패 - pinky_03_r_parentConstraint1.drawStyle: setAttr: No object matches name: pinky_03_r_parentConstraint1.drawStyle

2026-07-08 17:25:18 - MayaTools.CNTManager3 - WARNING - [CNTManager3] 실패 - pinky_03_r_scaleConstraint1.drawStyle: setAttr: No object matches name: pinky_03_r_scaleConstraint1.drawStyle

2026-07-08 17:25:18 - MayaTools.CNTManager3 - WARNING - [CNTManager3] 실패 - pinky_02_r_parentConstraint1.drawStyle: setAttr: No object matches name: pinky_02_r_parentConstraint1.drawStyle

2026-07-08 17:25:18 - MayaTools.CNTManager3 - WARNING - [CNTManager3] 실패 - pinky_02_r_scaleConstraint1.drawStyle: setAttr: No object matches name: pinky_02_r_scaleConstraint1.drawStyle

2026-07-08 17:25:18 - MayaTools.CNTManager3 - WARNING - [CNTManager3] 실패 - pinky_01_r_parentConstraint1.drawStyle: setAttr: No object matches name: pinky_01_r_parentConstraint1.drawStyle

2026-07-08 17:25:18 - MayaTools.CNTManager3 - WARNING - [CNTManager3] 실패 - pinky_01_r_scaleConstraint1.drawStyle: setAttr: No object matches name: pinky_01_r_scaleConstraint1.drawStyle

2026-07-08 17:25:18 - MayaTools.CNTManager3 - WARNING - [CNTManager3] 실패 - pinky_metacarpal_r_parentConstraint1.drawStyle: setAttr: No object matches name: pinky_metacarpal_r_parentConstraint1.drawStyle

2026-07-08 17:25:18 - MayaTools.CNTManager3 - WARNING - [CNTManager3] 실패 - pinky_metacarpal_r_scaleConstraint1.drawStyle: setAttr: No object matches name: pinky_metacarpal_r_scaleConstraint1.drawStyle

2026-07-08 17:25:18 - MayaTools.CNTManager3 - WARNING - [CNTManager3] 실패 - ring_03_r_parentConstraint1.drawStyle: setAttr: No object matches name: ring_03_r_parentConstraint1.drawStyle

2026-07-08 17:25:18 - MayaTools.CNTManager3 - WARNING - [CNTManager3] 실패 - ring_03_r_scaleConstraint1.drawStyle: setAttr: No object matches name: ring_03_r_scaleConstraint1.drawStyle

2026-07-08 17:25:18 - MayaTools.CNTManager3 - WARNING - [CNTManager3] 실패 - ring_02_r_parentConstraint1.drawStyle: setAttr: No object matches name: ring_02_r_parentConstraint1.drawStyle

2026-07-08 17:25:18 - MayaTools.CNTManager3 - WARNING - [CNTManager3] 실패 - ring_02_r_scaleConstraint1.drawStyle: setAttr: No object matches name: ring_02_r_scaleConstraint1.drawStyle

2026-07-08 17:25:18 - MayaTools.CNTManager3 - WARNING - [CNTManager3] 실패 - ring_01_r_parentConstraint1.drawStyle: setAttr: No object matches name: ring_01_r_parentConstraint1.drawStyle

2026-07-08 17:25:18 - MayaTools.CNTManager3 - WARNING - [CNTManager3] 실패 - ring_01_r_scaleConstraint1.drawStyle: setAttr: No object matches name: ring_01_r_scaleConstraint1.drawStyle

2026-07-08 17:25:18 - MayaTools.CNTManager3 - WARNING - [CNTManager3] 실패 - ring_metacarpal_r_parentConstraint1.drawStyle: setAttr: No object matches name: ring_metacarpal_r_parentConstraint1.drawStyle

2026-07-08 17:25:18 - MayaTools.CNTManager3 - WARNING - [CNTManager3] 실패 - ring_metacarpal_r_scaleConstraint1.drawStyle: setAttr: No object matches name: ring_metacarpal_r_scaleConstraint1.drawStyle

2026-07-08 17:25:18 - MayaTools.CNTManager3 - WARNING - [CNTManager3] 실패 - thumb_03_r_parentConstraint1.drawStyle: setAttr: No object matches name: thumb_03_r_parentConstraint1.drawStyle

2026-07-08 17:25:18 - MayaTools.CNTManager3 - WARNING - [CNTManager3] 실패 - thumb_03_r_scaleConstraint1.drawStyle: setAttr: No object matches name: thumb_03_r_scaleConstraint1.drawStyle

2026-07-08 17:25:18 - MayaTools.CNTManager3 - WARNING - [CNTManager3] 실패 - thumb_02_r_parentConstraint1.drawStyle: setAttr: No object matches name: thumb_02_r_parentConstraint1.drawStyle

2026-07-08 17:25:18 - MayaTools.CNTManager3 - WARNING - [CNTManager3] 실패 - thumb_02_r_scaleConstraint1.drawStyle: setAttr: No object matches name: thumb_02_r_scaleConstraint1.drawStyle

2026-07-08 17:25:18 - MayaTools.CNTManager3 - WARNING - [CNTManager3] 실패 - thumb_01_r_parentConstraint1.drawStyle: setAttr: No object matches name: thumb_01_r_parentConstraint1.drawStyle

2026-07-08 17:25:18 - MayaTools.CNTManager3 - WARNING - [CNTManager3] 실패 - thumb_01_r_scaleConstraint1.drawStyle: setAttr: No object matches name: thumb_01_r_scaleConstraint1.drawStyle

2026-07-08 17:25:18 - MayaTools.CNTManager3 - WARNING - [CNTManager3] 실패 - middle_03_r_parentConstraint1.drawStyle: setAttr: No object matches name: middle_03_r_parentConstraint1.drawStyle

2026-07-08 17:25:18 - MayaTools.CNTManager3 - WARNING - [CNTManager3] 실패 - middle_03_r_scaleConstraint1.drawStyle: setAttr: No object matches name: middle_03_r_scaleConstraint1.drawStyle

2026-07-08 17:25:18 - MayaTools.CNTManager3 - WARNING - [CNTManager3] 실패 - middle_02_r_parentConstraint1.drawStyle: setAttr: No object matches name: middle_02_r_parentConstraint1.drawStyle

2026-07-08 17:25:18 - MayaTools.CNTManager3 - WARNING - [CNTManager3] 실패 - middle_02_r_scaleConstraint1.drawStyle: setAttr: No object matches name: middle_02_r_scaleConstraint1.drawStyle

2026-07-08 17:25:18 - MayaTools.CNTManager3 - WARNING - [CNTManager3] 실패 - middle_01_r_parentConstraint1.drawStyle: setAttr: No object matches name: middle_01_r_parentConstraint1.drawStyle

2026-07-08 17:25:18 - MayaTools.CNTManager3 - WARNING - [CNTManager3] 실패 - middle_01_r_scaleConstraint1.drawStyle: setAttr: No object matches name: middle_01_r_scaleConstraint1.drawStyle

2026-07-08 17:25:18 - MayaTools.CNTManager3 - WARNING - [CNTManager3] 실패 - middle_metacarpal_r_parentConstraint1.drawStyle: setAttr: No object matches name: middle_metacarpal_r_parentConstraint1.drawStyle

2026-07-08 17:25:18 - MayaTools.CNTManager3 - WARNING - [CNTManager3] 실패 - middle_metacarpal_r_scaleConstraint1.drawStyle: setAttr: No object matches name: middle_metacarpal_r_scaleConstraint1.drawStyle

2026-07-08 17:25:18 - MayaTools.CNTManager3 - WARNING - [CNTManager3] 실패 - index_03_r_parentConstraint1.drawStyle: setAttr: No object matches name: index_03_r_parentConstraint1.drawStyle

2026-07-08 17:25:18 - MayaTools.CNTManager3 - WARNING - [CNTManager3] 실패 - index_03_r_scaleConstraint1.drawStyle: setAttr: No object matches name: index_03_r_scaleConstraint1.drawStyle

2026-07-08 17:25:18 - MayaTools.CNTManager3 - WARNING - [CNTManager3] 실패 - index_02_r_parentConstraint1.drawStyle: setAttr: No object matches name: index_02_r_parentConstraint1.drawStyle

2026-07-08 17:25:18 - MayaTools.CNTManager3 - WARNING - [CNTManager3] 실패 - index_02_r_scaleConstraint1.drawStyle: setAttr: No object matches name: index_02_r_scaleConstraint1.drawStyle

2026-07-08 17:25:18 - MayaTools.CNTManager3 - WARNING - [CNTManager3] 실패 - index_01_r_parentConstraint1.drawStyle: setAttr: No object matches name: index_01_r_parentConstraint1.drawStyle

2026-07-08 17:25:18 - MayaTools.CNTManager3 - WARNING - [CNTManager3] 실패 - index_01_r_scaleConstraint1.drawStyle: setAttr: No object matches name: index_01_r_scaleConstraint1.drawStyle

2026-07-08 17:25:18 - MayaTools.CNTManager3 - WARNING - [CNTManager3] 실패 - index_metacarpal_r_parentConstraint1.drawStyle: setAttr: No object matches name: index_metacarpal_r_parentConstraint1.drawStyle

2026-07-08 17:25:18 - MayaTools.CNTManager3 - WARNING - [CNTManager3] 실패 - index_metacarpal_r_scaleConstraint1.drawStyle: setAttr: No object matches name: index_metacarpal_r_scaleConstraint1.drawStyle

2026-07-08 17:25:18 - MayaTools.CNTManager3 - WARNING - [CNTManager3] 실패 - hand_r_parentConstraint1.drawStyle: setAttr: No object matches name: hand_r_parentConstraint1.drawStyle

2026-07-08 17:25:18 - MayaTools.CNTManager3 - WARNING - [CNTManager3] 실패 - hand_r_scaleConstraint1.drawStyle: setAttr: No object matches name: hand_r_scaleConstraint1.drawStyle

2026-07-08 17:25:18 - MayaTools.CNTManager3 - WARNING - [CNTManager3] 실패 - lowerarm_r_parentConstraint1.drawStyle: setAttr: No object matches name: lowerarm_r_parentConstraint1.drawStyle

2026-07-08 17:25:18 - MayaTools.CNTManager3 - WARNING - [CNTManager3] 실패 - lowerarm_r_scaleConstraint1.drawStyle: setAttr: No object matches name: lowerarm_r_scaleConstraint1.drawStyle

2026-07-08 17:25:18 - MayaTools.CNTManager3 - WARNING - [CNTManager3] 실패 - upperarm_r_parentConstraint1.drawStyle: setAttr: No object matches name: upperarm_r_parentConstraint1.drawStyle

2026-07-08 17:25:18 - MayaTools.CNTManager3 - WARNING - [CNTManager3] 실패 - upperarm_r_scaleConstraint1.drawStyle: setAttr: No object matches name: upperarm_r_scaleConstraint1.drawStyle

2026-07-08 17:25:18 - MayaTools.CNTManager3 - WARNING - [CNTManager3] 실패 - clavicle_r_parentConstraint1.drawStyle: setAttr: No object matches name: clavicle_r_parentConstraint1.drawStyle

2026-07-08 17:25:18 - MayaTools.CNTManager3 - WARNING - [CNTManager3] 실패 - clavicle_r_scaleConstraint1.drawStyle: setAttr: No object matches name: clavicle_r_scaleConstraint1.drawStyle

2026-07-08 17:25:18 - MayaTools.CNTManager3 - WARNING - [CNTManager3] 실패 - spine_03_parentConstraint1.drawStyle: setAttr: No object matches name: spine_03_parentConstraint1.drawStyle

2026-07-08 17:25:18 - MayaTools.CNTManager3 - WARNING - [CNTManager3] 실패 - spine_03_scaleConstraint1.drawStyle: setAttr: No object matches name: spine_03_scaleConstraint1.drawStyle

2026-07-08 17:25:18 - MayaTools.CNTManager3 - WARNING - [CNTManager3] 실패 - spine_02_parentConstraint1.drawStyle: setAttr: No object matches name: spine_02_parentConstraint1.drawStyle

2026-07-08 17:25:18 - MayaTools.CNTManager3 - WARNING - [CNTManager3] 실패 - spine_02_scaleConstraint1.drawStyle: setAttr: No object matches name: spine_02_scaleConstraint1.drawStyle

2026-07-08 17:25:18 - MayaTools.CNTManager3 - WARNING - [CNTManager3] 실패 - ball_r_parentConstraint1.drawStyle: setAttr: No object matches name: ball_r_parentConstraint1.drawStyle

2026-07-08 17:25:18 - MayaTools.CNTManager3 - WARNING - [CNTManager3] 실패 - ball_r_scaleConstraint1.drawStyle: setAttr: No object matches name: ball_r_scaleConstraint1.drawStyle

2026-07-08 17:25:18 - MayaTools.CNTManager3 - WARNING - [CNTManager3] 실패 - foot_r_parentConstraint1.drawStyle: setAttr: No object matches name: foot_r_parentConstraint1.drawStyle

2026-07-08 17:25:18 - MayaTools.CNTManager3 - WARNING - [CNTManager3] 실패 - foot_r_scaleConstraint1.drawStyle: setAttr: No object matches name: foot_r_scaleConstraint1.drawStyle

2026-07-08 17:25:18 - MayaTools.CNTManager3 - WARNING - [CNTManager3] 실패 - calf_r_parentConstraint1.drawStyle: setAttr: No object matches name: calf_r_parentConstraint1.drawStyle

2026-07-08 17:25:18 - MayaTools.CNTManager3 - WARNING - [CNTManager3] 실패 - calf_r_scaleConstraint1.drawStyle: setAttr: No object matches name: calf_r_scaleConstraint1.drawStyle

2026-07-08 17:25:18 - MayaTools.CNTManager3 - WARNING - [CNTManager3] 실패 - thigh_r_parentConstraint1.drawStyle: setAttr: No object matches name: thigh_r_parentConstraint1.drawStyle

2026-07-08 17:25:18 - MayaTools.CNTManager3 - WARNING - [CNTManager3] 실패 - thigh_r_scaleConstraint1.drawStyle: setAttr: No object matches name: thigh_r_scaleConstraint1.drawStyle

2026-07-08 17:25:18 - MayaTools.CNTManager3 - WARNING - [CNTManager3] 실패 - ball_l_parentConstraint1.drawStyle: setAttr: No object matches name: ball_l_parentConstraint1.drawStyle

2026-07-08 17:25:18 - MayaTools.CNTManager3 - WARNING - [CNTManager3] 실패 - ball_l_scaleConstraint1.drawStyle: setAttr: No object matches name: ball_l_scaleConstraint1.drawStyle

2026-07-08 17:25:18 - MayaTools.CNTManager3 - WARNING - [CNTManager3] 실패 - foot_l_parentConstraint1.drawStyle: setAttr: No object matches name: foot_l_parentConstraint1.drawStyle

2026-07-08 17:25:18 - MayaTools.CNTManager3 - WARNING - [CNTManager3] 실패 - foot_l_scaleConstraint1.drawStyle: setAttr: No object matches name: foot_l_scaleConstraint1.drawStyle

2026-07-08 17:25:18 - MayaTools.CNTManager3 - WARNING - [CNTManager3] 실패 - calf_l_parentConstraint1.drawStyle: setAttr: No object matches name: calf_l_parentConstraint1.drawStyle

2026-07-08 17:25:18 - MayaTools.CNTManager3 - WARNING - [CNTManager3] 실패 - calf_l_scaleConstraint1.drawStyle: setAttr: No object matches name: calf_l_scaleConstraint1.drawStyle

2026-07-08 17:25:18 - MayaTools.CNTManager3 - WARNING - [CNTManager3] 실패 - thigh_l_parentConstraint1.drawStyle: setAttr: No object matches name: thigh_l_parentConstraint1.drawStyle

2026-07-08 17:25:18 - MayaTools.CNTManager3 - WARNING - [CNTManager3] 실패 - thigh_l_scaleConstraint1.drawStyle: setAttr: No object matches name: thigh_l_scaleConstraint1.drawStyle

2026-07-08 17:25:18 - MayaTools.CNTManager3 - WARNING - [CNTManager3] 실패 - pelvis_parentConstraint1.drawStyle: setAttr: No object matches name: pelvis_parentConstraint1.drawStyle

2026-07-08 17:25:18 - MayaTools.CNTManager3 - WARNING - [CNTManager3] 실패 - pelvis_scaleConstraint1.drawStyle: setAttr: No object matches name: pelvis_scaleConstraint1.drawStyle

2026-07-08 17:25:18 - MayaTools.CNTManager3 - WARNING - [CNTManager3] 실패 - torso_root_pivot.drawStyle: setAttr: No object matches name: torso_root_pivot.drawStyle

2026-07-08 17:25:18 - MayaTools.CNTManager3 - INFO - [CNTManager3] Operation Batch Attr Set completed
2026-07-08 17:25:18 - MayaTools.CNTManager3 - INFO - [CNTManager3] 완료: 1275/1396 오브젝트 처리됨
2026-07-08 17:25:21 - MayaTools.CNTManager3 - INFO - [CNTManager3] CNTManager3 cleanup completed
